element,0,1,2,3,4,5,6,7,8,9,10,11,12,13,14,15
Null,-0.044910576194524,0.004151832312344999,0.012932863086462002,-0.010163068771362,0.007605779916048,0.029269028455017995,0.033980194479227004,0.018202271312475,0.042308006435632005,-0.019319642335176003,-0.035417031496763,0.020450297743082,-0.016479112207889002,0.027975413948297,0.034488748759031004,0.021560285240411
H,0.35236290097236606,0.635952353477478,0.217337980866432,-0.19195625185966397,0.25375136733055104,-0.4232611954212181,0.221297293901443,-0.452411115169525,-1.007712602615356,-0.289936184883117,0.12682013213634402,-0.025928407907485004,0.7175076007843011,-0.631992936134338,0.021095490083098,-0.27010449767112704
He,-0.067219823598861,0.14111341536045002,0.164495199918746,0.136700749397277,0.016504688188433002,0.07392898201942401,0.15109290182590399,-0.13816979527473403,-0.180051505565643,-0.13064210116863198,0.18401999771595,-0.024525566026568003,-0.034059606492519004,-0.21720123291015606,0.16527841985225605,-0.042185310274361995
Li,-0.161448791623115,0.17949575185775699,-0.114183604717254,0.13650959730148302,0.106477178633213,0.04710943996906201,0.06510441750288,-0.06909891963005,-0.210580840706825,-0.03003542125225,0.12246099114418,-0.388678520917892,0.137058615684509,-0.35707572102546603,0.299677789211273,0.30634957551956105
Be,-0.111666202545166,0.7601816058158871,0.057829234749077994,0.25014698505401606,-0.39693418145179693,0.12885028123855502,0.037942491471766995,0.135462999343872,-0.20222105085849698,-0.046164534986019,0.16610455513000402,0.21456304192543,-0.021428257226943,-0.594812393188476,0.3956535756587981,0.0006928824586790001
B,0.260108441114425,0.7078984975814809,0.06484645605087201,-0.30047801136970503,-0.5102187395095821,0.082543738186359,0.5897918343544001,0.5232884287834161,-0.6722662448883051,0.4904840588569641,0.49622642993927,0.3865301609039301,0.181043237447738,-0.6201106309890739,-0.177121058106422,-0.171613305807113
C,0.39814794063568093,0.7444849610328671,0.662635564804077,-0.5205782055854791,-0.6738849282264711,-0.4766537249088279,0.6987195014953611,0.60738456249237,-0.5621600747108461,0.673558354377746,0.5874400138854979,0.6192057728767391,0.615197658538818,-0.7497640252113341,-0.5522503256797789,-0.6527508497238149
N,0.611493647098541,0.00180955149699,0.6204571127891539,-0.44600862264633095,0.094430886209011,-0.8179216384887691,-0.130235627293586,-0.6459084749221801,0.021001152694225,-0.27136164903640697,-0.20457960665225905,0.5867201089859001,0.663306832313537,-0.5849312543869011,-0.3675343394279481,-0.5598848462104791
O,-0.11397165060043302,-0.18867267668247198,0.108997799456119,0.21454814076423603,0.37114417552948,-0.10302847623825,-0.40430709719657904,-0.5028001666069031,0.31322452425956704,-0.46554681658744795,-0.36945357918739297,-0.10370210558175999,-0.042887836694717005,0.087556652724742,0.192866533994674,0.038901515305042
F,-0.30810475349426203,-0.5756142139434809,-0.17183524370193398,0.46232420206069896,0.7021463513374321,0.22010600566864005,-0.5033063888549799,-0.394980043172836,0.28345039486885004,-0.5842900872230531,-0.465051442384719,-0.4471202194690701,-0.24272711575031206,0.44471946358680703,0.5018503665924071,0.371508181095123
Ne,-0.3714313209056849,0.111633673310279,-0.160289391875267,0.21510623395442904,0.044246282428503,0.13627089560031802,0.17306125164031902,0.068218231201171,-0.030552292242646,0.146158263087272,0.14052401483058902,-0.25930380821228,-0.025772478431463,0.008220775052905001,-0.029408859089016,0.156153246760368
Na,-0.309443861246109,0.366541713476181,-0.047993052750824994,0.43022072315216,0.122222729027271,0.06901523470878601,-0.030191261321306007,0.007438918109983001,-0.08592061698436701,-0.171345517039299,0.049961470067501006,-0.198099926114082,-0.0033023925498120005,-0.069769710302352,0.295524626970291,0.071686342358589
Mg,-0.13415765762329102,0.054760210216045005,-0.26434502005577004,0.07078169286250999,-0.050255112349987,0.119453221559524,0.132010027766227,0.110506169497966,-0.064646184444427,0.068450838327407,0.028430122882127,-0.292062401771545,-0.053869266062974014,0.17018321156501698,0.031277760863304006,0.15270255506038602
Al,0.025758188217877998,-0.6246507763862611,-0.13219925761222803,-0.16447886824607802,-0.096246875822544,0.114130355417728,0.13666112720966303,0.067727729678153,-0.09259807318449,0.20644834637641898,0.37388315796852095,-0.17316928505897505,-0.116702824831008,0.31218293309211703,-0.092576973140239,0.08035007119178701
Si,0.06191693246364501,-0.275507062673568,0.113931618630886,0.108374737203121,-0.22346630692481906,0.06354483962059,-0.095344491302967,0.22906687855720498,0.277394950389862,0.113397702574729,0.11025132238864803,0.1194604113698,-0.25061696767807,0.26358726620674106,-0.057214241474866014,-0.093754597008228
P,0.17444305121898598,-0.380417823791503,0.24252237379550898,0.06628219783306101,-0.148118361830711,-0.032125879079103005,-0.21938043832778906,0.04258182272315,0.341781556606292,0.011655949987471,-0.087770283222198,0.37876006960868797,-0.202422901988029,0.15836982429027502,0.053793732076883004,-0.136217132210731
S,0.101355105638504,-0.418306738138198,0.099457897245883,-0.13006968796253202,0.245952367782592,-0.325515568256378,-0.24281671643257105,-0.29928484559059104,0.14992333948612202,-0.23888888955116205,-0.21647635102272,0.03237120807170799,0.007364213932305,0.24710541963577198,-0.014150359667837,-0.040198631584644005
Cl,-0.058629740029572996,-0.365472823381423,-0.022960282862185998,0.07967805117368601,0.375443637371063,-0.08728043735027301,-0.185591042041778,-0.32725447416305503,0.023106658831237997,-0.22926203906536105,-0.15320037305355,-0.224341496825218,-0.031518131494522005,0.27818217873573303,0.171787291765213,0.14802509546279902
Ar,-0.26717057824134804,0.27613979578018105,0.36508378386497503,0.041601505130529,0.044179160147904996,-0.14241807162761602,0.06074252352118401,-0.07015416026115401,-0.31541872024536105,-0.013707973062991999,0.11400844156742003,-0.17893198132514898,0.7356953024864191,-0.53420740365982,0.048678819090126994,-0.35160344839096
K,-0.207227170467376,0.30493053793907104,0.008925602771341001,0.451311290264129,0.08835371583700101,0.108598068356513,-0.207689106464386,-0.044247295707464,0.226340860128402,-0.12042119354009599,-0.15400739014148698,-0.057415090501308,-0.15842877328395802,-0.06234937906265201,0.246111199259758,0.018383096903562
Ca,-0.234947368502616,0.053775236010550995,-0.31485003232955905,0.25756421685218805,0.16536566615104598,0.363046169281005,-0.029024166986346,0.053838279098272,-0.110919743776321,-0.103107437491416,-0.146618768572807,-0.361456394195556,-0.23551322519779205,0.254152625799179,0.29988706111907903,0.34842908382415705
Sc,-0.03927406296133899,0.095497980713844,-0.5758368968963621,-0.174434170126914,0.27498745918273904,0.451855182647705,0.260654389858245,0.26663655042648304,-0.28574886918067904,0.16336208581924402,0.020667562261223,-0.24061590433120705,-0.005284206010401,-0.051580537110567,-0.014445145614445,0.33079782128334007
Ti,-0.007831193506716998,-0.035953354090452,-0.18952031433582298,-0.24053187668323506,-0.33081540465354903,0.35667303204536405,0.205656304955482,0.373222887516021,-0.34088468551635703,0.34207215905189503,0.254455626010894,0.08837813138961699,-0.11819616705179199,-0.07692970335483501,0.051160786300897,0.23008944094181005
V,0.010068781673908,0.026370424777269003,0.08766144514083801,-0.098926983773708,-0.5658162236213681,0.095152042806148,0.132265850901603,0.4244566559791561,-0.164542913436889,0.34736499190330505,0.32748019695281905,0.181354746222496,-0.082977227866649,-0.057816181331871996,0.11341118812560999,0.053151983767747005
Cr,-0.18504790961742398,0.548863172531127,0.27127823233604403,0.091857999563217,-0.513859868049621,-0.031194718554615006,0.207638055086135,0.37312576174736,0.014139199629426,0.279340028762817,0.30783188343048,0.025141151621937,0.11738689243793403,-0.16176484525203702,-0.205282524228096,-0.27723294496536205
Mn,-0.026668727397917997,0.34397467970848,0.227079451084136,-0.10491554439067802,-0.487205147743225,-0.12743404507637002,0.18723650276660905,0.19983413815498305,0.053545154631137,0.226651728153228,0.150706022977828,0.04267565533518701,0.027399914339183998,-0.199653938412666,-0.312556475400924,-0.15599465370178198
Fe,0.127333000302314,0.46315655112266496,0.5054023265838621,0.06087502092123,-0.573830306529998,-0.163996636867523,0.047023214399814,0.219079971313476,0.049543436616659005,0.255811899900436,0.16050450503826102,0.43142199516296303,0.111889198422431,-0.3611285984516141,-0.105271153151988,-0.33318412303924505
Co,0.4263084828853601,0.334699839353561,0.195493325591087,-0.27628442645072904,-0.164949491620063,-0.15461616218090002,0.30706587433815,0.27678096294403004,-0.34118402004241905,0.35496604442596397,0.16397507488727497,0.552477955818176,0.21337172389030398,-0.40314635634422297,-0.16818265616893702,-0.31185415387153603
Ni,0.449135154485702,0.05701895058155,0.38462197780609103,-0.322172343730926,-0.22096666693687406,-0.34503367543220503,0.26642695069313,0.07059178501367501,-0.305990815162658,0.249949738383293,0.49298188090324396,0.6080126762390129,0.26419556140899597,-0.42149507999420105,-0.07195954024791701,-0.22050271928310305
Cu,0.18259364366531305,0.39242735505104,0.067148342728614,-0.495417118072509,0.06171370670199301,-0.244401693344116,0.546862542629241,0.052893724292516014,-0.847658157348632,0.220031559467315,0.35746315121650607,0.103545255959033,0.5017488002777101,-0.27624088525772,-0.386132955551147,-0.34753197431564303
Zn,0.16002650558948497,0.041560802608728006,-0.120160363614559,-0.31343951821327204,0.37032824754714905,-0.047682479023933,0.35532751679420405,-0.017568400129674998,-0.7706907391548149,0.105888113379478,0.343970119953155,-0.07976734638214099,0.34285500645637496,-0.047555308789014,0.07938944548368401,0.045131552964448006
Ga,0.27688390016555703,-0.14510369300842202,-0.101442642509937,-0.185093894600868,0.330959826707839,-0.028048610314726004,0.08972772210836401,0.131675660610198,-0.23407605290412906,0.11780047416686999,0.06350357085466299,0.214071214199066,0.119170680642127,0.003584717633202,0.104671157896518,0.061847761273384
Ge,0.16337168216705303,-0.019719205796718,0.14164152741432098,0.17959827184677102,0.025353258475661004,-0.061890285462141,0.07856923341751,0.133394420146942,0.11183650791645,0.07184158265590601,0.102121293544769,0.22348394989967305,0.132040232419967,0.011115608736872002,-0.039392177015542006,-0.25940769910812306
As,0.30196082592010504,-0.001510583446361,0.148996859788894,0.016403943300246998,0.010783487930893,-0.15110260248184199,-0.163018628954887,-0.008902591653168002,0.135368838906288,-0.01559601444751,-0.20721364021301206,0.39965933561325,-0.17025269567966403,-0.168432772159576,0.009352016262709999,-0.13703721761703402
Se,0.109637930989265,-0.071244955062866,0.23485854268074,0.028984293341636,0.15192981064319602,-0.456927865743637,-0.10274877399206098,-0.186421826481819,0.153638333082199,-0.143799170851707,-0.165713906288146,0.10152032226324,0.21121907234191806,-0.01502804365009,-0.112593345344066,-0.304798543453216
Br,-0.122546210885047,0.021356558427213998,0.115629151463508,0.30320012569427396,0.099693648517131,-0.217278808355331,-0.20808310806751198,-0.250223308801651,0.177690491080284,-0.24331149458885099,-0.181347385048866,0.07584387063980101,0.06094453111290901,-0.13595038652420002,0.23350152373313895,-0.09823394566774302
Kr,0.5509151816368101,0.406654685735702,0.6250452995300291,-0.63075965642929,-0.12943097949028,-0.6762012243270871,0.31993746757507296,-0.39729195833206105,-0.5671448111534111,-0.085051342844963,0.45782276988029397,0.43917450308799705,0.7730537652969359,-0.5917891263961791,-0.5075244307518001,-0.5907243490219111
Rb,-0.222825899720191,0.17943796515464702,0.046466577798127996,0.489837676286697,0.028110379353165,0.08930170536041199,-0.161293059587478,-0.006785945501178001,0.3669838309288021,-0.116106070578098,-0.110850043594837,0.108290545642375,-0.14924344420432997,-0.096615076065063,0.356477946043014,-0.047841202467679006
Sr,-0.367375910282135,-0.16452391445636702,-0.27466887235641396,0.42771014571189797,0.102696888148784,0.40741857886314303,-0.067365169525146,-0.026190550997852995,0.17690913379192302,-0.14538875222206102,-0.08685294538736299,-0.32953220605850203,-0.28410306572914096,0.30611681938171303,0.334118574857711,0.249746710062026
Y,-0.113637931644916,-0.189103052020072,-0.478541165590286,-0.052158892154693014,0.233360454440116,0.5747078061103821,0.09579980373382499,0.25657400488853405,-0.122457452118396,0.02135263197124,-0.18888646364212006,-0.349341094493865,-0.349800676107406,0.4181061089038841,0.045616678893566014,0.422425389289855
Zr,0.07282409071922301,-0.049700811505317,-0.400743573904037,-0.24975019693374606,0.206184849143028,0.5062844753265381,0.16728827357292098,0.492762625217437,-0.09984469413757302,0.274580627679824,0.009348454885184002,0.021098833531141,-0.14906686544418302,0.24819807708263306,-0.14820279181003498,0.08513477444648701
Nb,0.043916050344705006,0.221368089318275,-0.16742001473903603,-0.16019946336746202,0.035169951617717,0.20851466059684698,0.254413992166519,0.6158213615417479,-0.056842941790819,0.339314937591552,0.014778580516576004,0.02335312962532,0.012892462313174998,0.12626317143440202,-0.34421196579933105,-0.017282905057071998
Mo,0.17774762213230105,0.06360260397195801,0.028239430859684,-0.299133092164993,-0.016718134284019002,0.07107905298471401,0.19349214434623704,0.610431492328643,-0.0063190334476530005,0.42598956823349,0.045905031263828014,0.27282041311264005,0.042616680264472,0.097540818154811,-0.362790793180465,-0.208467364311218
Tc,0.24200004339218104,0.012752309441566002,-0.089484333992004,-0.59196788072586,-0.132912278175354,0.055601205676794,0.525157392024993,0.4566151499748231,-0.22912521660327906,0.461676597595214,0.17881110310554502,0.23020240664482106,0.09654329717159199,0.1304931640625,-0.521722495555877,-0.15830186009407002
Ru,0.6351237893104551,-0.018517868593335,-0.07344207167625401,-0.838036596775054,0.06455414742231301,-0.11574828624725303,0.413217484951019,0.32771462202072105,-0.448439806699752,0.34242945909500105,0.09010424464941,0.40184566378593395,0.20709221065044395,0.10592732578516,-0.6229697465896601,-0.205124840140342
Rh,0.5422093272209161,-0.20779144763946505,0.41015475988388,-0.42923361063003496,-0.18254780769348103,-0.3868103921413421,0.12878984212875302,0.055907774716615004,0.173182874917984,0.230357199907302,0.24153698980808205,0.5529197454452509,0.070876225829124,0.014919896610081003,-0.294563591480255,-0.314465045928955
Pd,0.561477959156036,-0.189031288027763,0.16962422430515195,-0.6904644370079039,0.188208773732185,-0.414167165756225,0.24486273527145305,-0.15219162404537198,-0.26648375391960105,0.147673770785331,0.099764645099639,0.4053385853767391,0.34096604585647505,-0.113506361842155,-0.23654104769229806,-0.212607309222221
Ag,0.220025941729545,0.27169680595397905,0.259073019027709,-0.596787333488464,0.100354962050914,-0.381953716278076,0.626711547374725,-0.21899776160717,-0.8554025888442991,0.14894132316112502,0.489197671413421,0.024341212585567994,0.6638134717941281,-0.27743741869926397,-0.5022671818733211,-0.343382328748703
Cd,0.144953623414039,0.28606554865837003,-0.191306814551353,-0.4107970595359801,0.41941279172897306,-0.097364760935306,0.25910595059394803,-0.020564455538988,-0.48196801543235707,-0.107775323092937,-0.11780890077352503,-0.168684184551239,0.419112563133239,-0.165165081620216,-0.25802922248840304,-0.26721015572547896
In,0.008040683344005999,-0.086962193250656,-0.15327048301696702,-0.46827769279479897,0.035179223865270004,-0.093264572322368,0.19902084767818398,-0.022849097847938003,-0.26361921429634,0.026916481554508,0.061821464449167,-0.35379606485366805,0.278767824172973,0.22845521569252006,-0.241423696279525,-0.00187229050789
Sn,0.037526119500398,-0.274510741233825,0.038438059389591,-0.32621341943740806,-0.045173749327659,-0.096013210713863,0.08231148868799201,0.026692982763051005,-0.084521830081939,0.126090973615646,0.165471792221069,-0.014898853376507,0.12902508676052002,0.462317019701004,-0.119643293321132,-0.14421020448207802
Sb,0.08753284066915501,-0.118239678442478,0.12437673658132499,-0.185172766447067,-0.05980236828327101,-0.179735004901886,-0.062481790781021014,0.065347462892532,0.113141648471355,0.08085811138153001,-0.09138230979442499,0.15511327981948805,0.042575787752866,0.210555538535118,-0.221856191754341,-0.17344859242439198
Te,0.017612421885132002,-0.121930547058582,0.287495970726013,-0.054600268602371015,-0.048856310546397996,-0.360597908496856,0.006929703522473001,-0.095347210764884,0.16007220745086598,0.023263316601514,0.08288694918155601,-0.06867232918739301,0.107627369463443,0.19008958339691104,-0.28174737095832797,-0.253415256738662
I,-0.092639632523059,0.048169326037168,0.200707584619522,0.16046588122844602,0.032274678349494004,-0.27499115467071505,-0.06709363311529098,-0.22567185759544298,0.09453774243593199,-0.124812141060829,-0.022278163582086005,0.16429223120212502,0.06717941910028401,-0.12693454325199102,0.22023096680641105,-0.20196399092674205
Xe,0.23401623964309598,0.06737916916608801,0.608183741569519,-1.2179151773452748,-0.054727558046579014,-0.7091625928878781,0.6786276698112479,-0.220465525984764,-0.7005538940429681,0.098975926637649,0.579602360725402,0.18645824491977606,0.9459961652755732,-0.27275770902633606,-1.282049775123596,-0.6831915378570551
Cs,-0.073443241417407,-0.047955863177776,0.190558224916458,0.4499374032020561,-0.123142227530479,0.102187409996986,-0.327122807502746,0.021206695586442004,0.309177547693252,-0.14044128358364102,-0.012754185125231,0.23992565274238506,-0.296679377555847,-0.21341437101364105,0.583950936794281,0.052268452942370994
Ba,-0.31885895133018405,-0.16483668982982602,-0.17301033437252,0.5706403851509091,0.08354367315769101,0.38763684034347495,-0.252880841493606,0.15255360305309199,0.564716696739196,-0.20807662606239305,-0.17684020102024,-0.25073572993278503,-0.36529719829559293,0.239613220095634,0.352670609951019,0.27537393569946195
La,-0.091636098921298,-0.17665356397628698,-0.5319131016731261,0.19304932653903897,0.192059144377708,0.669735789299011,-0.063750781118869,0.28410243988037104,0.22394037246704104,-0.010331328958271999,-0.327250689268112,-0.323477923870086,-0.4439352750778191,0.41185775399208,0.13435712456703097,0.462237834930419
Ce,-0.197831079363822,0.14516636729240398,-0.4386110901832581,0.113676734268665,0.041113641113042006,0.7555166482925411,0.018072115257382,0.40856993198394703,0.16970022022724102,0.134811371564865,-0.07080877572298,-0.08758506923913902,-0.33947670459747303,0.207946389913558,0.027506127953529,0.23955786228179898
Pr,-0.215015947818756,-0.25539022684097196,-0.41073906421661305,0.275224924087524,0.182651966810226,0.5513342022895811,-0.052291963249444,0.19662348926067305,0.27981847524642894,0.100487172603607,-0.019572265446186003,-0.534951031208038,-0.302904665470123,0.5879467129707331,-0.02508471161127,0.33661499619483903
Nd,-0.24022926390170998,-0.31795191764831504,-0.41562736034393305,0.24012488126754705,0.15146818757057098,0.5745352506637571,0.051685210317373005,0.20875123143196103,0.264019817113876,0.12398310005664802,-0.028157403692603007,-0.5307101607322691,-0.32271772623062106,0.530494451522827,0.046533457934856005,0.312270820140838
Pm,-0.37391752004623396,-0.045518077909946005,-0.545783579349517,0.188483327627182,0.100331492722034,0.507119238376617,0.084902584552764,0.20100250840186998,0.183701232075691,0.118347257375717,-0.08754686266183799,-0.5166583657264711,-0.34514015913009605,0.347948610782623,0.045327499508857005,0.32133284211158697
Sm,-0.25712925195693903,-0.24251113831996898,-0.5051884651184081,0.11776577681303,0.099228754639625,0.5427742600440971,0.07564585655927601,0.22884921729564606,0.18370515108108498,0.08185665309429101,-0.052627861499785995,-0.473652452230453,-0.310627311468124,0.5355949401855461,0.007678113412111002,0.32946807146072304
Eu,-0.33163654804229703,0.107924781739711,-0.23995095491409305,0.39369180798530495,-0.109153069555759,0.487176686525344,-0.17088395357131902,0.20314934849739005,0.15024387836456302,-0.060632895678281014,-0.172054484486579,0.010965223424136,-0.5949336886405939,-0.07989116758108099,0.43119609355926497,0.28652146458625705
Gd,-0.255256116390228,-0.107868403196334,-0.5361624360084529,0.022540083155034998,0.06786297261714899,0.600591301918029,-0.007325689308345,0.19151034951210005,0.09133063256740499,0.077257625758647,-0.142770171165466,-0.25964966416358903,-0.29734560847282404,0.42975771427154497,-0.055163688957691005,0.34510985016822804
Tb,-0.067165046930313,-0.216720715165138,-0.5346047878265381,0.0571267940104,0.108956664800643,0.5494450330734251,0.13050179183483102,0.15835106372833202,-0.066851057112216,0.098196357488632,0.012590968050062,-0.4764251112937921,-0.31273335218429504,0.41077044606208796,-0.012283633463083999,0.5521848201751701
Dy,-0.158126771450042,-0.226037353277206,-0.6490926742553711,-0.006099989637731999,0.091834343969821,0.5159253478050231,0.07618953287601402,0.222041338682174,-0.072046764194965,0.096474975347518,-0.033217608928680004,-0.4722256660461421,-0.21487498283386205,0.4482176601886741,0.070182390511035,0.4121662974357601
Ho,-0.105255477130413,-0.33794081211090005,-0.589679718017578,-0.045343484729528,0.023846669122576,0.52252984046936,0.064017228782176,0.25551551580429005,-0.18723440170288005,0.116836830973625,-0.023813094943761003,-0.36423933506011896,-0.385893255472183,0.312993675470352,0.098140150308609,0.43060991168022106
Er,-0.23792865872383104,-0.046479433774948,-0.6501834988594051,-0.023218804970383,0.061458759009838014,0.556476294994354,0.161721020936965,0.175748348236083,-0.14435879886150302,0.133994862437248,0.010389210656285,-0.4437938630580901,-0.14293225109577098,0.39406028389930703,0.022536700591444,0.45754131674766496
Tm,-0.23941493034362699,-0.132306188344955,-0.640235364437103,-0.10214515030384,-0.04277316853404001,0.540846049785614,0.14843842387199402,0.152763858437538,-0.18950714170932698,0.125831589102745,0.13992598652839602,-0.4883702099323271,-0.113039262592792,0.392347604036331,0.018086059018968998,0.41612422466278
Yb,-0.242181807756423,-0.060801018029450996,-0.499199450016021,0.097591914236545,0.23976065218448606,0.341522932052612,-0.0050145923160010005,-0.036758724600076,-0.263217985630035,-0.08287306874990401,-0.20841766893863603,-0.28704854846000605,-0.237558230757713,-0.045513954013585996,0.503550052642822,0.542279779911041
Lu,-0.24894976615905703,-0.20921277999877905,-0.6363247036933891,-0.11496625095605802,-0.16277080774307198,0.512850522994995,0.180480763316154,0.221932396292686,-0.309341520071029,0.09708461165428098,0.195380315184593,-0.47924917936325,-0.175846278667449,0.240043506026268,0.054087866097687995,0.44288259744644093
Hf,-0.22945885360240906,-0.181822657585144,-0.5038210153579711,-0.34368556737899697,-0.36152958869934,0.4525426030158991,0.424632281064987,0.420237362384796,-0.451650917530059,0.336517125368118,0.21757081151008603,-0.33738797903060896,-0.25580620765685996,0.271148711442947,-0.20672337710857305,0.311874479055404
Ta,-0.08020923286676401,0.12725304067134802,-0.22398690879344899,-0.18987245857715598,-0.37761911749839705,0.30121704936027505,0.4240113496780391,0.532492995262146,-0.19241213798522905,0.548126459121704,0.4187940955162041,-0.21244668960571206,-0.003715975442901,0.219198390841484,-0.325230717658996,0.038962073624134
W,0.15343277156352902,-0.036981686949729,0.030121456831693007,-0.28492113947868297,-0.4838297963142391,0.073549337685108,0.360298752784729,0.7251817584037781,-0.06867967545986099,0.5212323069572441,0.41624879837036105,0.050870791077613005,0.039401516318321006,0.177773892879486,-0.4244300723075861,-0.20543462038040106
Re,0.065745301544666,0.13199976086616502,-0.053948033601045005,-0.5894827246665949,-0.24676164984703006,0.064553916454315,0.618219375610351,0.6276887059211731,-0.5280857682228081,0.675458431243896,0.476934671401977,-0.136757656931877,0.337069332599639,0.18469671905040705,-0.5757842659950251,-0.12202201783657002
Os,0.339762657880783,0.120314598083496,-0.08316400647163301,-0.946349143981933,-0.140575736761093,-0.06285008043050701,0.613036155700683,0.41731250286102206,-0.7551876902580258,0.578382611274719,0.455824881792068,0.082209736108779,0.4467681348323821,0.13261158764362302,-0.765288949012756,-0.26537695527076705
Ir,0.4270144402980801,-0.14080975949764202,0.485740959644317,-0.205191269516944,-0.24762563407421104,-0.3860764503479001,-0.045674618333578006,0.078551165759563,0.37655207514762795,0.13288491964340202,-0.07979261875152499,0.6048759222030641,0.016520638018846002,-0.062002334743738015,-0.408075302839279,-0.511302173137664
Pt,0.484318256378173,-0.35964858531951904,0.200501441955566,-0.6332241296768181,-0.06909403204917901,-0.44409900903701705,-0.033056382089852995,-0.15104064345359802,-0.101109430193901,0.014556321315466999,-0.0010117255151269999,0.4129391312599181,0.107322469353675,-0.046533089131116014,-0.32430636882781905,-0.216967031359672
Au,0.4499770998954771,0.036064855754375,0.257777690887451,-0.41737264394760093,0.13057307898998202,-0.46511921286582897,0.16536444425582802,-0.303471773862838,-0.471967607736587,-0.047797873616218005,0.18724456429481498,0.09167792648077,0.5800445675849909,-0.14904981851577698,-0.23351556062698306,-0.296619415283203
Hg,0.278281241655349,0.28232422471046403,0.28352540731430004,-0.27880847454071006,0.164339900016784,-0.31866431236266995,0.14716148376464802,-0.115334942936897,-0.3862334191799161,0.025141831487417,0.12460043281316699,0.091221012175083,0.629965245723724,-0.32103306055068903,-0.37941354513168296,-0.29709422588348305
Tl,0.18438234925270003,0.303153246641159,0.016757573932409002,0.009070029482245,0.19121758639812406,-0.15550409257411904,0.08809492737054801,-0.049157455563545005,-0.507745325565338,-0.101990558207035,0.046750623732805,0.25165623426437306,0.3817000985145561,-0.35118678212165805,0.18036793172359405,-0.409070998430252
Pb,0.092830300331115,0.103772349655628,0.048139110207557005,-0.035603981465101006,0.07790760695934201,-0.125655949115753,0.181485593318939,-0.005632121581584001,-0.250113695859909,-0.036282517015933005,0.109987139701843,0.034709032624959,0.24099040031433105,-0.206966385245323,0.05700688809156401,-0.28387731313705394
Bi,-0.23631326854228898,0.097659416496753,0.246293365955352,-0.174692720174789,-0.21827903389930706,-0.24071842432022006,0.13457244634628202,0.016257319599390002,-0.075023181736469,0.000981722609139,0.091679535806179,-0.24036492407321905,0.13600642979145,-0.015789944678544002,-0.305944114923477,-0.441544562578201
Po,0.027817610651253998,0.021633174270391003,-0.022265184670686,-0.049989353865385014,-0.011657394468784,0.035761784762144005,0.019627097994089,0.020544353872537,-0.017788209021091,0.035650465637445006,-0.041207421571016006,0.043517794460058,0.00019516795873599996,0.006509877741335999,-0.042149316519498006,-0.0026176571846
At,0.013335119932889002,0.024167034775017998,-0.009026061743497,0.046445082873105996,0.003559160977602,0.030743073672056007,-0.014642775058746,-0.016754351556301002,0.046803805977106,0.0035505406558510007,0.023668650537729003,0.03056089952588,0.014549504965543,0.003774356096982,0.015185866504907,0.0051333308219900006
Rn,-0.011943757534026999,0.017634008079766998,-0.005495369434356001,-0.009976781904696998,-0.030205953866242995,-0.048440467566251005,-0.0072662010788909995,-0.025606309995054997,0.004871986806392,0.04431638494133901,-0.036175560206174,0.017096769064664,-0.031810570508241,0.023763153702020003,0.028261903673410006,0.04460611566901201
Fr,-0.043449845165013996,0.042720142751932005,-0.04410432651638901,0.0072744488716120015,-0.023090172559022005,0.029771652072668006,0.023424100130796,-0.033319331705570006,0.038471434265375005,-0.016308307647705002,-0.033892117440700004,-0.041319262236356014,0.037754368036985,-0.021916961297392,0.011680435389280002,0.045128908008337
Ra,0.016968358308075998,-0.025037158280611004,0.0319683291018,-0.017893504351376998,-0.027510179206728,0.013902675360441,-0.024473024532197997,0.04280782118439601,-0.026307214051485003,-0.0237881783396,-0.014349352568387003,-0.004566609859465999,-0.039498329162597004,0.003125965595245,-0.045962382107972995,-0.016306199133396003
Ac,-0.9182214736938472,0.073024354875087,-0.5950515866279601,0.450472176074981,-0.34500876069068903,0.6077151894569389,-0.07224716246128,0.179490327835083,0.29064297676086404,0.057812228798866,0.026626421138644003,-0.7265717387199401,-0.5288156867027279,0.25640335679054205,0.17358268797397602,0.606693804264068
Th,-0.35366657376289296,-0.067412987351417,-0.8245663046836851,-0.025612143799662004,-0.34652599692344604,0.8099452853202821,0.16133190691471105,0.46946370601654,0.04580149054527201,0.17886298894882202,0.044974509626626,-0.331488221883773,-0.5062099695205681,0.30351185798645003,0.06985341012477801,0.468920320272445
Pa,-0.4980123639106751,0.487306952476501,-0.7456755638122551,-0.00906897522509,-0.263530135154724,0.7496261596679681,0.4648188352584831,0.553796231746673,-0.28181234002113303,0.4129915833473201,0.22721241414546905,-0.4769994318485261,-0.24083612859249104,0.18309168517589505,-0.20546621084213199,0.43298432230949396
U,-0.061628509312868014,0.24364115297794306,-0.34659844636917103,0.056788671761750995,-0.442931592464447,0.6400207281112671,0.237543106079101,0.7067830562591549,0.17046198248863198,0.43672922253608704,0.19122892618179305,-0.102396845817565,-0.31133392453193603,0.022909650579094,-0.08031091094017001,0.210229903459548
Np,-0.471239656209945,0.4481242001056671,-0.17091147601604403,0.29912671446800204,-0.4901858270168301,0.5011664032936091,0.197753608226776,0.673036217689514,0.24325831234455106,0.35902383923530495,0.19398954510688698,-0.122533790767192,-0.271932482719421,0.09995987266302099,-0.031972069293260005,0.123560406267642
Pu,-0.27819439768791204,0.044106788933277005,-0.15482030808925598,0.376608461141586,-0.44519218802452,0.493096500635147,-0.023475870490073998,0.487315595149993,0.30353665351867604,0.26055803894996604,0.15968082845210999,-0.003404412884265,-0.5477635264396661,0.17579585313796905,0.037211507558822,0.12520213425159402
