formula,target
Ho2In1Ni2,4.07935
La1Se1,4.97254
Mn1Si1Tb1,5.22674
Cs1H1,0.976334
Ag1Al1Se2,1.29014
Pd1Sb1Tb1,2.59722
Ge1Li1Y1,5.55952
Ag1As1S1,0.708433
Hf1Rh1Si1,7.28241
Er1In1Pt1,1.40254
Ir2P1,12.7858
Al2Ni1Y1,6.696160000000001
Pt5Se4,1.3370799999999998
Ag1Er1,3.68224
P2Zn3,2.99174
Th3Tl5,0.639532
P1Ru1Zr1,8.34587
As1Li1Zn1,7.488739999999999
Au1Ge1Ho1,2.8085
C1Re1,61.9783
Ca2Pb1,1.09935
Ba1N2Zr1,5.2370199999999985
Mo2Zr1,7.401560000000001
Co2Fe1In1,9.17116
As1Hf1,5.63464
Er1Pt2Si2,2.34323
Dy1Hg1,2.39767
B6Ni21U2,1.62178
Li4O4Pb1,2.23797
Au1Er1Ni4,3.83805
Pd1Yb1,3.26732
Sn1Zr3,3.21006
Bi2Ho6Rh1,2.03229
Pt1Sn1Y1,2.83601
Re2Sc1,4.59076
C1Ru3Ta1,18.9528
Al1Pd1,8.60186
Ho1In1Zn1,3.84946
Li1Pb1Pd2,0.571128
Al2Y3,3.1924900000000003
F3Y1,4.35946
Ni1Sb2,2.97558
Al4In3Sr11,0.575778
Pb1S1,2.3803400000000003
As1Hg1K1,1.04089
Be2Ti1,28.8944
Al1Ge1Sr1,5.647
C1Ni2W4,5.40589
Ni1Si1Th1,3.16182
Hf1Pd5,3.86585
As3Yb4,1.09881
Al16Hf6Pd7,3.28721
Ba1P2Ru2,9.50025
B6Sr1,31.7532
Te1Zn1,2.9104400000000004
Er1Rh5,6.21426
Au1C2Cs1,3.33356
Pd2Si1Tb1,1.84059
Cd3N2,0.66735
Au1Ca1In2,1.15196
Cr2Cu1S4,1.89874
O6Os2Rb1,9.5796
Li1Pd2Sn6,0.535446
Ru3Si2Y1,9.33562
Hf1Pt1Si1,6.18341
Ni1Zr1,3.18895
K1Zn13,1.24708
Ga1Pd2Sc1,2.44487
Ge1Y1Zn1,4.34264
Pb13Rh4Sr3,0.325357
Ir3Th7,1.34903
Au1Rb1,0.662629
O6Pt3Zn1,3.12374
Ge2Sc1,6.85761
As1Ga1,7.99971
Au1Dy1Pb1,2.63476
Tc1Ti1,16.6499
Nb4O5,8.71805
H2Sr1,2.19214
As2Cu1Y1,5.0502699999999985
Al1F4Na1,5.16721
C2Dy1Ni1,21.1463
N1Os1,15.2873
In1Ni2Zr1,4.31515
Se4Y2Zn1,1.73587
Ce1Rh3,8.04648
N1Re2,19.8108
In1Pt1Y1,1.67478
Sr1Tl2,0.6979609999999999
Cu4O3,0.710014
Ba1O7U2,4.72901
Re1Si1Ti1,14.4911
Ti1Zn3,3.75237
Pt1Sn2,1.41834
Cd1Pd1,3.31255
Cd2Sr1,0.7159449999999999
As1Pu1,1.42466
Au1Si1Y1,3.51289
Mn1Pd1Te1,1.57073
Ba1Li1Sb1,2.73232
Bi1Er1,6.35491
Sc1Tc2,1.76213
I6Rb2Te1,0.192162
In2S5Zn2,1.46726
Ag1K1O1,0.691056
Pd1Si1Sr1,1.20107
Cu3Sb4Y3,2.39774
K1Sb1Zn1,1.7623099999999998
Ge1Sc1,9.61119
Ir1Sn1,4.63131
As1K3Se3,0.46922
Dy1Ni1Sb1,8.54778
Br6K2Sn1,0.458873
N0.2V0.6Zn0.4,6.90964
Ba1Cd2Ge2,1.24185
Ga2Ru1,8.4996
Ce1Fe4P12,8.939869999999997
Ca1H2,4.00776
B1P1,65.9963
Eu1F4Mg1,2.44329
Au2Nb1,4.78683
C1V1,96.2822
Cu1In1Se2,1.28928
Cl6Cs2Se1,1.02691
La4O4Se3,3.2937
Ho1Tl1,1.77377
Ho1Pd2Sn1,1.919
B1W1,22.284
Ge1Mn1Yb1,2.2795400000000003
Hg1Zr3,5.0488300000000015
Be1Ti1,33.5126
Al1Ca1Si1,4.7012800000000015
K1Nb1O3,12.7733
Au1La2,0.637761
O7Y2Zr2,6.58133
Rh1Ti2,21.9605
Er1Si2,2.67336
Ir1S1Sb1,5.12668
K2Te1,0.8913139999999999
Au2S1,0.142596
As1Ni1S1,3.73886
La1Ru1Si3,10.5006
Hg1O2Rb2,1.33742
Ca1Ge1Mg1,3.84284
Ba1Hf1N2,5.3051900000000005
Mo1O6Rh2,4.68684
Ir1Li1,6.5718
Ag2Yb1,0.991956
Al4Ce1Ni1,6.4118
N3Ta2Zr1,11.4891
Ag1Mg1Sb1,1.19186
B4Fe1,13.9531
Mn1Pd2Sn1,2.04723
Er3Pd8Sb4,0.552542
As1K1Mg1,3.14272
Mn2Sn1W1,15.1052
Te1Th1,10.6111
B8Nb7Ru6,11.9008
Cd2Yb1,0.70711
Al2Fe1Zr6,7.81941
Ba1Cd1Ge1,2.01508
W1,60.8815
Co4Ge13Yb3,0.998261
Al4Ni1Tb1,5.44106
Ca1Si2,5.56924
Cu1Ga1Zr1,6.28372
Mn2O7Y2,4.7413
Pt2Yb1,3.05806
Co1Rh2S4,2.68954
B1Ge3Ta5,6.25204
B2C2Y1,22.6142
Ge3Tb5,3.4965900000000003
Al4C1O4,8.40465
Er1Ge1Sn1,4.01305
Ba1Ga2,3.27235
F6Ge1Rb2,1.06763
Te1V1,3.95089
Ag1O2Sc1,2.61324
Au2Si2Yb1,2.3344400000000003
Co1Er1Si2,6.560389999999999
Mn1Ni1Si1,2.68498
Al1Mn1Rh2,10.9385
Ge2La1Pt2,1.88749
As1Cr1,4.6110000000000015
O7Ti2Y2,7.53142
Al3C4Zr2,16.2974
Ag1In2Na3,0.23629
Ga1O6Y3,4.24501
Os1Sb2,8.64304
Ba1In2,1.6474099999999998
Ga1Mn1Ti2,2.49139
Ni1Ta1Te5,2.32505
Ir2Y1,7.86005
Dy1Ga4Ni1,2.2170400000000003
B2Mo2Nb1,21.3483
S1Sr1,9.47593
O1Rb2,0.6994279999999999
C1Ca1Pd3,0.884144
Ag1Mg1,2.76908
Cs1I3Pb1,0.440732
Pb3Yb1,2.73178
Ge6Ru7Sc4,4.2252
Ir5Sn7,1.91967
Dy1Os2Si2,12.4415
O3Rb2Tb1,1.27197
Nb2O7Sn2,7.65128
Ag1Er1Se2,1.18948
Co2In1Zr2,4.69468
Hf1Rh3,14.0859
Al2Li1Pt1,7.85653
C1H1N1,39.2886
Gd1O4P1,6.54379
Ca1O3Ru1,4.07978
N1Ti1,68.9248
In1Ni4Zr1,3.77816
Pt1Sn1Ti1,6.19793
P1Sc1,29.5541
B2Ca1,43.6953
Ge6Lu4Ru7,4.116230000000002
Mo1Si2,49.6447
Al4Zr5,4.15339
Al1Cu1Ti2,6.26936
Ru2Tb5,1.97065
Ga1Pt1Th1,2.0683
Tb1,9.35495
F6Ni1Rb2,1.45706
Ba1Ce1O3,2.79546
Au1Y2,1.2269
O2W1,19.1694
S1Se1U1,2.97792
Er1Ru2Si2,12.2204
N1Zn3Zr3,4.02088
Er1Ir2Si2,13.9523
Ca1Pt1Si3,4.78953
Ag1Si1Y1,4.554119999999998
N1Nb4Ni2,5.44042
N2Se1Zr2,8.2412
La1Tl1,1.83084
Fe1Pd3,6.07267
N1Pt1,2.05082
Ho3Sn7,1.7867400000000002
Co1Nb1,19.7376
Al1Au1O2,4.9083
Cl6Pd1Rb2,1.35554
Tb3Tl5,0.5039020000000001
Dy1Ni2Si2,9.4319
O4S1Zn1,2.39678
Au2Ca2Pb1,0.8737530000000001
As1Na1,5.5881300000000005
Hf1Ru1,26.312
N1Nb1,29.2325
Nb1O1,24.5568
Au2V1,1.38202
Al1Ni3,4.62072
Dy1O4P1,7.165960000000001
Ho1Pd1Sn1,1.37031
Pt3Tb1,4.25845
As1Hg1Pd5,1.35903
Ga1Y1,8.33868
Ho1Si1Ti1,8.15451
Nb1Pt2,11.4992
In1Li1Te2,0.989041
Li1Mn1O2,5.61154
Ba1O2,6.66459
Ca1Ge2Li1,2.06813
Au1Er2,1.00377
Al1Lu3N1,10.6232
Mn2O5Sr2,3.34065
As1Fe1Nb1,3.46112
Mo3Ti1,15.7528
Ni1P4Si3,6.5773100000000015
B4Cr1,54.8337
H2Ho1,10.1813
B4Nb3,38.7651
La3Sn4,1.88497
Dy1Pt2Si2,3.49274
Al1Hf1Ni2,3.5781300000000003
Cd1Pt1,4.70489
Au1C2Rb1,4.06764
Ag1Ge1La1,3.38542
Ir2Si1,5.61714
Tl1Yb1,0.8570549999999999
Ba1Pt2,1.6636099999999998
C1Dy3Tl1,1.08478
Ga1Hf1Pd1,2.36025
Ga3Hf5,4.22919
O7V2Y2,6.22944
Cd3Zr1,2.11184
Ag1Al1Te2,0.943954
N1Rh2Zr4,2.83874
Cd1Cu1Dy1,1.67027
Fe1Zr2,1.52389
As1Dy1,14.5205
La1Rh2,3.44777
Co1Dy1Sn1,2.77542
Ho1Os2Si2,11.827
F3K1Mn1,2.97467
As1Ti3,4.2599800000000005
Fe1P1Zr1,6.81398
As1Pd1Tb1,2.61692
Br1Na1,1.3346
Ge3Pu1,3.54769
Al1Au1Dy1,1.97041
Be1H3Na1,10.7579
Al16Hf6Pt7,3.1633
F3Pb1Rb1,1.07497
Cl4Cu1Rb2,0.561956
Ir2La1Si2,4.67868
Mg1O6Sb2,5.37528
Bi2Pt1,0.6794600000000001
Ru1Si2,6.18898
Hf1In1Ni2,5.06755
B1In1Sc3,11.883
Au1Cd1Yb1,0.448128
B2Pd5,1.80894
In1La1Pt4,1.89401
Ho5Ni2Sb1,0.971491
Ba1Os4Sb12,2.2938
C1Pu1Rh3,0.544656
Si136,2.55111
Br3Cs1Dy1,0.316612
C2Y1,12.9193
Er1Pt1,1.95345
Be2W1,18.0692
As2Mg3,3.33101
F4Sn1,11.3856
Br1K1,0.843406
Er2In1Pd2,1.94085
Cu1Si1Y1,8.86952
Er1Pt1Sn1,2.92122
Er3P6Pd20,0.6460600000000001
Cu1Ga2,2.6483
Cu2Hf1In1,4.77311
Co4Ge13Lu3,1.6930900000000002
Ba8Si46,0.6818029999999999
Al3C3Ho1,16.160999999999998
Al2S4Sr1,3.83887
La1Sn2,2.2509200000000003
Cd2Ge2Sr1,0.614525
Cs2F6Ge1,0.8212649999999999
B2C2Sc1,23.7205
Ba1O3Sn1,7.688
N1,32.6661
Co1Ge1Ta1,16.4019
Pd1Zr2,8.32751
Pb3Tb1,0.468345
La3Tl1,0.817017
As1Pt5Tl1,2.12786
As1Sn1,5.89945
N2S1Zr2,8.86859
Au2Bi1,0.8442200000000001
B6Ni20Ta3,2.80742
Rh1V1,12.4472
Ba1O3Ti1,4.05023
Ba3Bi1N1,0.933655
Ir2N1Zr4,2.9684
Hf5P7Pd9,1.95839
F5Mn1Rb2,1.61991
Ga1Tb1,6.5397300000000005
Er3Ge13Ir4,1.7397900000000002
B6Hf3Ni20,2.37279
Al3Sc1,13.6326
Ca1In2O4,2.30697
Mo3Pt1,5.3336
Cd1I2,0.6255310000000001
F3Na1V1,2.63938
Be5Pd1,23.6466
Au1O2Sc1,2.75783
Bi1Ga1O3,10.1276
Al1N3V4,11.762
C1Ge1V2,15.6237
B1Co1W1,15.9685
Al3C3Tb1,15.871
Au1Dy1,3.80521
Pt1Sb1Tb1,5.65563
Mo3Os1,9.29637
In1Pt1Th1,2.16296
C1Ga1Y3,14.6446
O7Pb2Sb2,4.28717
B2V1,93.6017
In2Ir1Li1,3.0294
B6Yb1,14.9926
Dy2O1S2,2.56402
Cu4Mg1Y1,3.29596
Cl2O1Pd2,1.01977
Au1Ho1In1,1.79303
Ca1Ga2P2,4.80333
O1Ta4,7.1230100000000025
Ga2Sc1,4.563280000000002
Cr2Cu1Se4,0.891784
B6Pu1,20.6604
Ca3N3V1,6.7652
Pd2Si2Th1,6.859660000000001
In1P1Pd5,2.42942
Bi1Er2O2,5.75289
Ga1La3,1.53473
Rh3Ti1,16.8462
O1Sn1Sr3,4.58204
Ag1Ho1Se2,1.25585
La2S3,2.1284
Ru1Se2,5.15647
Pd3Tl1,1.70548
C3Ir5,2.33863
N2Sb1Th2,6.640389999999999
Ba2Si46,1.81725
C20,45.1463
Al20Pr1V2,2.12337
O3Pb1Zr1,9.84373
As1Cu1Sr1,4.28626
Hg1Y1,3.12497
Cd1Se4Yb2,0.291692
Y1,20.2194
Ba1Br1H1,1.23482
N4Si3,17.9999
Ca2H6Ru1,6.92414
S7Tb5,3.31136
Er3Ga1O6,3.74371
Sb1Sc2,5.29646
Bi1Pt1Se1,1.11989
Ni1O6Ta2,7.2895699999999986
Al2La5Ru3,1.5478299999999998
Be1S1,41.9903
B2Ca1Rh3,12.1029
Au3Sr7,0.31206100000000003
B1Mg8Pt4,1.26451
Cu1Li2Sb1,3.69209
Pd1Sc2,1.54415
In1Sc2,5.4421599999999986
Fe1Nb4P1,9.62027
C2Cr1Sc1,25.97
Ni4Sc1Sn1,1.61226
Cl1Rb1,0.953933
Sb3Yb5,1.33791
Hf1Sb1,4.34719
C1Ga1Sc2,10.0791
Ir1Ti3,1.85335
Er1Ni1Sb1,8.97715
Ir1P1Sr1,1.99826
S3Sn1Sr1,1.40428
Ge1Mg2,1.66237
H2V1,15.6751
Ni1Sb1Ti1,8.31049
Be2Cs1F5,0.322151
Na6O5Pb1,1.94195
Ni16Si7Ti6,3.80291
Ho4In1Rh1,1.57004
Ag2In1Tb1,1.21622
B2Be1C2,31.6826
Au1Tb2,0.969947
N1Tc3,28.7143
Er2Mg1Se4,1.39993
C3Sc4,9.93357
Er1Ir2,7.24662
Co1Sc1,19.4033
As2Ba1Zn2,1.32349
Ho1Ir1Si1,5.10476
Ge6Ir7Y4,4.91547
Cd1In2O4,2.44492
As1Ca1Rb1,1.4068
Sb4Zr5,2.404
La1Pd5,2.55608
Rh1Sn1Y1,2.60334
Al1C1Y3,16.7498
Se1Zn1,5.41495
S4Tl3V1,1.32044
Al2Cu1Mg1,4.85163
Si2W3,5.99699
O2Rb2,1.46816
P1Tl1,3.15928
Co1Ti1,28.3162
La1Pt1,2.43181
Bi1O2Y2,6.52619
Al2Ru1,15.7209
Au1Gd1,2.34303
Dy3Rh1,0.729881
Li1Mg8Si4,4.84755
Al1La3,2.3293
C1Mo1,58.0923
Nd1Pt3,3.23184
Al18Mg3W2,2.38748
Ho1Rh1,7.322710000000002
Dy1Li1O2,4.0906400000000005
Ga3Ru1Y1,3.17841
Hf2Ni2Sn1,4.5766800000000005
B4H16Hf1,13.1745
Al3Zr4,15.2362
Ru1Ti1,37.9796
Os1Si1,8.316939999999999
Dy1Ge1Ni1,3.45402
La1Mn1O3,9.48942
Ag1Ba1P1,2.71071
O3Tl2,0.474624
Cu4Er1Pd1,1.81324
Si3Sr5,1.99372
Ga1Sc1,8.28117
Cd1Ni4Sc1,3.97507
Au7Cd16Na6,0.145425
Hf1Tc2,1.31063
Ge2Tb1,2.36111
Ca3Ge13Ir4,1.21055
N2Re1,25.0373
Ho1N1,36.4985
La2O7Sn2,3.44149
P1Yb1,1.5867
B1Pb1Sc3,12.9809
Os2Th1,1.42389
In2Pt3,1.49349
Dy1Ni1P1,4.40975
B2Y1,63.2266
Cu1Zr2,9.17171
La1Rh1Sn2,1.0108700000000002
Ce1Se1,5.98592
As1Ge1,8.30883
Co2N1Ta4,4.5658400000000015
Ho1In1Ir1,1.87356
Al1C3Ta4,10.7359
C2Tb1,10.7365
Ga2Os1,8.818010000000003
Rh4Sn13Th3,0.7490100000000001
Bi2O7Pt2,2.68948
Au1Ni4Tb1,3.50874
Hf3In4,2.02166
Ge1Ru1Sc1,8.478110000000001
In1Li1Se2,1.43985
Al16Pd7Zr6,3.7937
Pt3Th7,0.814413
Mg5Pd10Si16,1.99965
Ag2Dy1In1,1.07994
Hg1Se1,1.03914
Au1Ge4Rb3,0.543366
As2Ba2Cd1,1.47876
Cd1Er1Ga1,3.409
Cu1Ni2Sb1,2.43977
Bi1Dy1Ni1,6.22814
Ba1Hg2Tl2,0.123133
Ag1Cu4Tb1,1.31891
Cd1Ho4Rh1,1.24055
Ga12Pd1Y4,2.66597
Pt1V3,5.81527
As1Fe1Li1,8.19299
Cu7Zn16Zr6,1.49879
In1Pd2Sc1,3.70869
Bi2Ir2O7,3.29327
Al1Li2Rh1,4.83645
Pd4Se1,1.14176
C1In1Zr2,13.5954
Cl6Rb2Se1,1.22811
B2C1U1,23.7043
Cu1Ho1Sn1,4.46413
Ho3Ru1,2.00312
Er2O3,2.30729
As1Ba1Li1,4.2689
Ba3S5Ti1,1.90489
Cl6K2Ti1,1.48591
Yb1Zn1,3.1159
Ag1Dy1Si1,3.9023
O1Pb1Sr3,3.77771
In1N1,6.83377
Ga1Nb1Ni2,6.64352
Al1Co2Ti1,205.129
Sn3Y1,1.20763
Ru1Zr1,25.2833
Ge1Pt1Sr1,0.89351
Cs2Pt1,0.300135
Ca1Cu1F4,2.58803
Au5K1,0.681375
Li23Sr6,0.5113449999999999
H1N1Sr1,3.44335
Pt1Sb2,1.82766
P1V2,10.519
Cd1S4Y2,1.80255
S2W1,17.3128
Au4Ho1,0.925799
Al1Se2Tl1,1.81809
Bi1Y1,6.52264
Hg2Nb2O7,3.71323
As1B2P1,43.4143
Ho1Rh1Si1,4.41608
C1Tb3Tl1,0.997857
Na1Nb1O3,18.5039
Al2Hf6Pt1,7.04851
Cu1Pt7,2.28174
Al1Ni1,18.0075
Bi1Ga1,2.9145
Cd1La1,3.1188700000000003
Mg1O6Ta2,8.94536
Nb1Pd2,8.80441
Be13U1,12.0342
Ho1Pd1,4.11184
Al1Tb1,9.82754
Ca4Cl6O1,0.931419
Pt2W1,14.6489
P1Ru1Ta1,7.84497
Os1Te2,4.58186
F6Rb2Si1,1.93676
La2O2Te1,5.815
Au1In2,0.926802
Er1Hg2,1.9066
I1K1,0.553941
Co1In2S4,1.65651
C1Ge1Ti2,15.3037
O2Os1,10.2115
H3Pd1Ti2,3.07578
Ca3Ga5,1.6712
Cu3N1Pd0.25,1.14098
Au1Mn1Sb1,1.49545
B1Ir1Mg1,4.0235
Au2Y1,2.85512
Se1V1,5.82609
Be1Na1Sb1,3.97761
Nb1O3Sr1,11.4654
Ge1Ni2Zn3,1.02064
Ba1F3Li1,3.90182
Rh2Th1,1.42795
Na3Sb1Te3,0.45301
Au1K3O1,0.987767
Nb3S4,6.30538
H1W1,22.2359
Ag2Tb1,1.6973900000000002
B3Ni1W3,14.6877
Ge1Pt2,1.12139
Al1Ti1,20.0674
Ca1F4Pd1,2.06097
Au1Cu3,3.02242
Pu1Se1,5.45996
Cu1Ir2S4,2.30969
In1Lu2Pd2,1.96599
Bi2O2Se1,3.51302
B2Ru3Tb1,8.26671
Mg2Th1,3.58842
C3Yb2,3.3635900000000003
Cu1Pd1,3.88647
C1Ge1Ni3,4.30191
Ag1Nb1O3,12.2468
As1Cd1Li1,4.19952
Pd1Sn1Y1,1.63572
C1Pb1Pd3,1.46263
Rh1Sb2,3.04865
Gd1O4V1,5.37694
Cu2In1Y1,3.38666
Er1Ge3Ni1,3.84183
Ba1Te1,2.6017
La1Rh1Si3,8.32496
Cu1Hf1Hg2,0.642197
Sb3Si1Zr5,4.62915
La1Tl3,1.21099
Pt3Y7,1.03595
Ba1Ir2P2,8.13818
O6Sb4,5.75475
Ag1Au1Zn2,1.09397
Li1Na1Te1,0.965333
Ho1Si1,12.191
Ge1Pt1Ti1,7.1123600000000025
Ru1,42.7524
Mg1O2,9.78385
Hf1Pb1S3,3.01534
Cd1Ga2O4,3.00565
Co1V3,12.1667
As1Nb1,14.9346
Fe1V3,4.60574
Ni1P2,6.97147
Bi2Pd5,0.624915
I6Pt1Rb2,0.452774
Ir1S2,5.1415
Ge1,3.63824
Ir1Si1Y1,6.0944699999999985
Ge2La1Pd2,3.26914
Bi1F4K1,0.8420719999999999
C3Nb8Zn4,4.11782
Ru3U1,13.0296
Au1C2Li1,6.586310000000001
Au2Er1In1,0.882973
Dy2In1,2.84229
La1Mg2,3.31025
Er2O7Sn2,4.2709800000000016
Ca1Ge1N2,6.24277
Ba1Mo3Se3,3.76865
Pd3V1,4.07099
Ho1Rh1Zn1,1.3582
Ga1Hf1Ni1,5.51054
Co2Mn1Sn1,3.98445
Hf6Ni16Si7,3.56631
F2Xe1,2.74264
Ni1P1W1,5.2733
Ho1Ir1Si3,7.70025
Si1Sr1Zn1,5.33563
In2O3,1.63955
B1Ge3Nb5,8.24287
Ge3Pt2,1.60387
Ho1Sn2,3.13065
Dy1Ga1Pt1,1.14193
As1Mg1Na1,3.06517
Dy1In1Pd2,2.31572
Au1Cu4Dy1,0.878431
Ho1Rh2Si2,12.1715
As1Pd5Sb1,0.20128
Ba2Bi3,1.3491
Cu1Ho1Si1,7.62475
Al2Tb3,2.17162
N2Zn3,2.32996
Au4Hf1,0.666121
Pb1Rh1,2.65614
La2Pb1Pd2,1.15991
Ge1Os1Zr1,8.23499
C1Rh1,10.6334
I1Rb1,0.545854
Al1Cl4Cu1,1.72822
Au2Ga2Sr1,0.620202
O2Sn1,7.045489999999999
C2Sn1Ti3,13.2501
In1Pd3,1.89354
Hg2Mg1,0.314324
N1Sc1,70.1992
Ba1Pt5,3.01352
Sb1Ti3,3.13206
La1S1,7.05722
C1Rh3Y1,8.19898
Ni1Sn1U1,2.48078
Co4Ge13Y3,1.89488
Ir5Th1,7.771489999999999
Ca7Ge1,1.29677
Au2Ga1,0.358585
Al9Ba1Co2,6.981610000000001
O2Zr1,23.9398
Pd2Sn1Y1,1.61076
Au2Ca1,0.557281
Bi1Co1Zr1,9.01773
S2Th1,2.2684
As1Ba1Pd1,2.68432
Ag2Si2Sr1,3.4479900000000003
Rh1Sb1Tb1,2.03357
La2O7Zr2,5.35167
C1N2,78.8432
S1Yb1,10.5837
Ba1Si1Zn1,3.90337
Cu1S2Tl1,1.13821
Al3Zr1,13.5073
Hg1Pt1,2.23816
Cu3Te4V1,2.49759
Ca3Ir4Sn13,0.457234
N4Zr3,13.6869
Al1Au2,0.617981
Cl4Mg1Na2,0.91383
Pt8V1,2.45724
Ge4La1Rh6,4.09818
Ca1Sn1Zn1,3.43171
Ba2N2Zn1,2.92311
Ho4Sb3,1.81406
P1Sb1Zr2,8.435839999999999
Mg2Pb1,2.85543
Br3Cs1Pb1,0.5442020000000001
Cs2I6Sn1,0.103835
Dy1In1Ni1,1.81335
Cd1Sc2Se4,1.30652
B2C2Gd1,19.8115
As1In1Pt5,2.77195
Ru3Ti1,14.91
Ir3Sn7,1.3332700000000002
K1Li1Se1,1.76175
Br1Eu1I1,0.479311
Hf1O7V2,3.23817
As1O4Tb1,4.8411300000000015
Br3Cs1Sn1,0.656047
Ge3Ni1Y1,4.31842
Al3Er1,10.7424
Mg1O3V1,2.32607
Eu1Se1,7.25968
As2Co1,8.521989999999999
Al1Ti3,11.4228
Al1Tb2,2.8517
Li2O5Si2,10.0766
Sb1Sc1,10.2735
Au1Pb1Y1,2.8314
F4Mg1Rb2,1.93049
Ga1In1Te2,1.6112
Al1N1,106.636
B1Ir3Sc1,11.9249
Ge1Hg1Li2,1.1021299999999998
As4Th3,3.4654199999999995
O4Rh2Zn1,4.07567
As1Pd5Tl1,1.85416
Cl6Cs2Pt1,0.932432
Pr1Te1,3.6332800000000014
Pt1Sn1,2.10653
Ir5La1,6.34466
Al1Cu2Ti1,7.32546
Cd1La1Tl1,1.39371
C1Co2Ta4,4.86337
Mg1Se2,2.44329
Gd1Rh1,4.4413800000000005
K1Na1S1,1.12346
H6Os1Sr2,4.38356
Al16Hf6Os7,2.7957400000000003
La1Zn1,5.71992
B12Th1,30.8091
H6Ru1Sr2,4.31395
Bi1Pd1Yb1,1.36501
Li2Pt1,3.197
Fe1Ga2Hf6,5.37119
Hf1Rh1,4.60807
H2Nb1,16.2775
Al4Co1La1,6.36347
Ge1Sn1Tb1,4.05561
Al1Si1Y1,10.8823
Cd1Ru1Y4,1.59372
Al1Pt1Th1,2.41881
Co3S4,2.30876
Tl3Yb1,0.220066
As2Hf3,3.21159
As2Ca1Pd2,2.1064
Er1Ga2Pd1,2.8664400000000003
Ge3La1Rh1,4.82565
Ca1Cd1Pb1,1.07169
Co1Zr2,4.4854400000000005
Dy1Rh2,4.8747099999999985
K1N1,1.26503
O7P2Sn1,2.57783
Nb5P1Si3,5.89999
O4Pb1Sr2,2.31137
Dy1Ir3,10.9919
Pd2Si2U1,4.58134
Ge13Ho3Rh4,1.5934
Au1Ba1Sb1,1.94955
Pt3Zr1,8.97856
Ir2Mg1,2.29146
Be1Cu1,14.4144
Na1,0.92445
Ge1Hf1Ir1,5.28561
Ce1O4V1,4.55947
Os1,50.7919
Ni1Si2,5.9248400000000006
Ir2Tb1,7.07258
Au1Ho1Ni4,3.77179
As1Er1Pt1,2.33717
Er1Pd1,4.43326
K1Na1Te1,0.593697
Bi1La1,5.33067
Au3La3Sb4,1.15258
Ba1Ge3Pd1,2.62995
Se3Sn1Tl4,0.477816
Ag2Ba1,1.04424
Pt2Sc1Sn1,1.47918
Ca2N2Zn1,8.05313
In1N1Tb3,8.78282
F1Rb1,0.943421
C2Co1Sc1,16.7319
Co1Ta2,8.43775
Sn1Te3Tl4,0.471544
Er1Tl1,2.57479
Ca3O1Pb1,6.14242
Pd1Sb2,0.782125
C1Ge3Mo5,5.5841400000000005
O4Sb1V1,9.59146
F1Ho1S1,6.26803
Ho1Tl3,0.456274
Ba1S3Zr1,2.19048
Ba2Sn1,0.722268
Ba1S3,2.83248
N1Na1,3.446
Ca1Ir1Si3,5.68846
Er1Mg1Pd1,0.998163
Ir1Sn2,2.17116
Cs1F3Yb1,2.04399
Al2Cd1O4,5.33451
Al5Ba5Sn1,1.53267
Pt1Sc1,6.36826
As1Cd1K1,1.84183
As1Nd1,13.4499
Cu1Nb4Si1,8.36711
Ce1Ga1O3,2.37931
B1Pd2,3.82102
Pt1Sc1Sn1,1.99927
C1Dy5Ge3,2.65673
Ge2La1Rh2,7.63824
Mg1Ni2Sn1,4.2992
Ba1Ca1Ge1,1.40515
Co2Si3Zr3,11.5526
Dy5Ni1Pb3,1.54724
Pb1Pd2Tb2,1.2204
As1Ba1Pt1,0.875519
La3Sb5Zr1,1.81291
F4K2Mg1,2.67417
Bi1Na1,1.96675
Ba1Cr1S2,2.64122
As1Dy1O4,5.04372
Dy2O7Tc2,5.01244
Cr2Hf1,5.21625
Hf1Os3,9.16338
Pb1Te3Tl4,0.437946
Ge1Mn3,3.96202
S1Ta1,17.8351
Hg1Ni1,1.28034
Ca1Pb1Pd1,1.08459
P3Ru1,9.26468
B2Mg1Ni3,4.98024
Na3Sb1Se4,1.15192
Er2Pb1Pd2,1.31023
Pt2Si2Y1,2.7482900000000003
Sb1Sr2,2.5495400000000004
Au5Rb1,0.612997
Ca1Hg3,0.23846
Bi1K3Te3,0.32971500000000004
Ni1Sn1Ti1,8.82484
Ca1Mn7O12,1.74578
F3Mg1Rb1,4.52832
Ho1Ni1Sb1,8.94891
As4Mo5,9.89648
Be1Li1P1,12.8329
Ge1Mn1Pd1,1.82693
C1O2,13.3189
Cu2Ge2Sr1,4.043819999999998
Pb1Te1,4.0695
Ru1Si1,23.9342
In1Pd1Sr1,0.803833
Pd1Ti1,1.40112
Er4Ge6Os7,3.77668
La1Rh1Si2,4.94681
Bi1Ni1Zr1,4.35741
Cu1Dy1Pb1,3.30965
Ni2P2Zr1,5.29279
Dy1Pt1Si1,3.54814
Al2B1Re3,3.41322
Pd3Pu1,2.3161
Cu3Se2,0.738414
Cu2In1Ti1,4.09743
Ni1Si1,3.4149199999999995
As2Ba1Ru2,6.728839999999999
Ca1Zn1,1.6268200000000002
Ag1O3Sb1,2.47715
C3N4,52.063
Nb1Pt1Si1,4.67846
Ce1Zn1,6.13501
Er1Hg3,0.491895
Mg1Ru1Sn4,2.39277
Ho1Zn2,3.15952
In3Ru1,1.97655
Ge1O8Zr3,4.331919999999998
Ca1Cd2P2,4.67025
Dy1Hg3,0.4680470000000001
P7Ru12Sc2,4.80397
Ir2Sr1,3.76044
Ga1Ni2V1,5.62049
Al1Fe2V1,31.4415
C1Ga1Nb2,16.5547
C1Zr1,67.3912
Ni1Zn1,9.70334
Ge3Rh5,2.60458
Mn2Si2Y1,8.16405
Cu2Ge1Li1,2.17042
Nb1Pt1,9.63607
B1,24.04825
O6Rh2U1,3.82191
Be4N4Sr2,11.6807
Hf1N2,6.7576
Cu1O1,1.43012
Ca3Ge13Rh4,0.97593
Bi1Ni1Se1,1.63881
Br6Pd1Rb2,0.660572
Ce1Ge3V1,5.59977
Li1,3.15764
Er1Ni2P2,9.69237
Al1Hf1,14.1102
Sr1,2.67046
Pt3Sc2Si2,4.72565
Ca1In4Pd1,0.831256
Os1P2,21.322
Cd1Y1,4.77278
Fe2Re3,5.77256
Cd1Cr2S4,1.92204
Al2O4Zn1,11.6332
Ca5P8,5.153969999999998
Dy1,12.2794
Rh1Sb1Se1,3.48454
Dy1Pt3,4.32304
P2Pd2Sr1,4.28747
Pt9Sc5Si7,2.95066
H2Zr1,3.53136
C1Nb4Ni2,4.24937
Al3Ta1,20.9283
Ba3Cr1S5,1.37123
O4S1Sr1,3.72728
Lu2Mg1S4,2.60252
Ba1Bi1Na1,1.1540700000000002
Au1Ca1Ga1,0.854193
Be13Ce1,13.9161
Ag1Se1Tl1,0.324216
Ir1P2,9.87307
C2Pu1W1,8.4832
Zn1Zr2,7.2779
Au1Be5,18.1021
Ga1Pt1Y1,1.45301
Hg2Ho1,1.92911
P2Ru2Sr1,12.1183
Er3Ge13Rh4,1.56073
S1Sn1,8.07581
Ni1Sb1Tb1,8.39639
Co1Sb1Ta1,9.64944
Al1Au1Yb1,1.02614
F3K1V1,3.42731
In3Ni2,3.2379
Co2Se2Tl1,0.734211
Mg1O6Pt3,4.45721
Cd13K1,0.2212
Cu3N1,3.3031900000000003
Ag1Dy1Pb1,2.00414
Ag1I1,0.191901
Dy1In3,2.72553
Cr3Si1,8.30376
Ir1Sb1Te1,3.93343
As7Re3,3.40014
Na3S3Sb1,0.779651
Si2V1,10.2546
Li1Pd1,3.2406
Al2Ba1Ge2,1.62676
Au1Hf2,7.7815
Ge2Rh2Th1,7.24746
Cu2S1,1.94645
Co1O4Rh2,3.5876
B1Rh3Y1,9.87521
Al1Li2Pd1,2.80495
Sn1Ti2,5.80848
Cr2Ga1N1,25.5787
Ge2Pd2Tb1,2.62715
Dy1Ni2P2,10.1007
C1Si1,34.5239
Cl6Pt1Rb2,1.35368
Co1Nb1P1,3.86745
Ir1Sc1,16.4668
Ge3La1Os1,6.22349
Cu1Ti2,15.9117
Re1Ti2,19.3724
Mo3Si1,14.8
Co1Ni1,7.35292
Mo1Rh3,6.76682
Au1Sn1,0.624419
Fe1La1O3,13.9237
Ni2Sn1Zr1,5.02101
Ca1Pb1Zn1,1.86408
Hg1Mn1,1.19396
Ba1Ca1Pb1,1.05157
C1V2,13.2291
Be2Nb3,11.8315
Li3N1,8.74618
Ge2N4Si1,16.1885
Mg4P6Rh7,3.78393
Ru3Sn7,1.06825
Co1K1O2,3.41067
Co4Dy3Ge13,1.71436
Se4Ta1Tl3,0.953436
Au2Hf1In1,1.45416
Rh1Sc1Si1,6.6852199999999975
Nb1P1,24.6762
Li2Mg1Si1,3.83951
Se3Tb2,2.01399
La1P12Ru4,6.56452
C1Tl1,2.89867
Ge1Ho1Rh1,3.01225
O1Pt1,3.28977
Au1Mg1,3.09628
Nb3Rh1,9.9392
Er1H2,9.61549
C1Ti3Tl1,31.3673
Hf1S2,16.4838
Bi5La3Mg1,0.455163
As2Sc3,3.52077
Ru1Si1Ti1,8.777339999999999
Al1Li1O2,8.097999999999999
Ga1P1,13.3331
Mo1Na2O4,7.640039999999999
Cu1I1,1.26008
Cl6Pb1Rb2,0.4134850000000001
Si1Th1,4.08407
H3U1,1.45192
Pt3V1,6.84777
Br2H12Sr7,1.39309
B2C2Mg1,11.3868
Ge1Mn1Ni1,4.20865
Ba1Nb1O3,11.8894
N1Zr1,50.9388
As4Sn3,2.6776
Al3Y1,12.1137
In1Pt3,2.52295
Fe2Ta1,2.28389
Al2Zr1,10.5362
Ga1Pd1Tb1,0.522614
C1Pa1,30.8689
Ba1H1I1,1.17032
Ba2F6Pd1,0.756364
B1Fe2,11.0313
Al0.4C0.2Mo0.6,3.29673
Ge1O2,8.57184
Ge1Pd1Ti1,4.10559
Rh3S4,3.02884
Dy3Ni2,2.20245
B2Ir6Sn5,2.21468
Ba1Pb6Rh3,0.75573
Ag1Ga1S2,1.57514
Al1Bi1O3,15.9342
Co2Ge1Zn1,9.35385
H3Mg1Ni1,4.10267
Be5Fe1,35.965
N1Y1,44.7832
Al2Th3,2.40255
Au1Ca2N1,2.76581
Be1Hf1,16.0243
S1Se1,1.5071
Os1Zr1,27.7837
C1Tl1Y3,10.8887
Cu1Sc1,11.3908
Al7Cu16Zr6,2.49027
B1Sn3Zr5,5.64874
Cd1In2Se4,2.212
Fe1P1Ta1,11.2691
P2Pt5,1.85286
B2C2Er1,20.3828
Ge2La1Pd1,2.76972
Nb1Re1Si1,12.8124
Cd1Cu4Er1,2.58793
P1Rh1Se1,5.8826300000000025
In2S6Zn3,1.94549
Br6K2Te1,0.4315640000000001
Pt1Y2,1.6054700000000002
As2Ca1Ru2,8.82452
Hf1,19.0675
In1Mn1Pd2,2.11104
Ca3Cr1N3,6.09239
Ga1Ho1O3,4.28497
Al1Si1Sr1,10.2376
B7Mn1Y3,14.9724
Al2Hg1Te4,2.10439
Au1Ho1Sn1,2.82432
Ag1Y1,6.48975
B6La1,24.037
B1N1,81.9493
Cu1Sb2Ti5,2.98298
Cd1Na1Sb1,0.6115189999999999
Pt1Zn1,7.97467
B2Ru1Y1,9.68317
Al1F6K3,1.23623
Ir1Nb1,20.5383
Bi1Ho1Pt1,4.28514
Ba1Na1P1,2.03648
Cu1K1S1,0.5004
B2Gd1,45.3575
Ho1In1Pt1,1.52288
Er1Pd2Sn1,1.97523
B2Mo3,19.2625
Ga2Ta3,8.98879
F6K3W1,1.39009
As1Cr1Ni1,3.33409
Hf2S1,9.49105
Ag2Ho1,2.02152
Dy1Si2,1.82052
Ag1Cu4U1,1.32915
Al3C4Hf2,14.3452
Ag1Ho1Pb1,1.94752
Cl6Pt1Tl2,0.8945379999999999
Ca1F3K1,2.89107
Os0.67W1.33,5.22011
Be1Zn13,0.533879
Cr2O6Te1,6.43882
As2Ir2La1,3.50875
Nb1Ru1,2.93998
Ba3Ge5,1.33826
Rh1S1Sb1,4.215319999999998
Na2Pd1Se2,0.945913
Ba2Si1,1.07591
C1W1,85.4191
In1Pd2Tb2,1.86987
K1Mn1Te2,0.9123
Au1Mn1,2.64704
Er1Rh2Si2,11.9535
Ni1P1Ta1,6.09382
Be2Re1,16.0888
Ir1Y1,8.77357
Ba1Cu1Sb1,2.67353
Ca1Cd1Sn1,1.45146
Ca1Rh2Si2,12.5234
Be1Se1,23.4015
Hf5Sb3Zn1,3.1339
Ni2Sb1Ti1,3.79041
Ag2Ge1Li1,1.20316
Cu1Hg2Zr1,1.01704
Li1Si2Y2,5.95019
F4K2Zn1,2.27257
Ni1S2,8.07029
He2Ne1,0.0423603
Al3Li1,7.1534
Ba5Sb4,0.702012
Pb3Tb5,2.01516
Ca1O3Sn1,9.29177
Ru2Si2Tb1,13.2014
Mg1O1,44.7179
Al3Pr1,20.2019
Mg2O4Si1,13.9155
Au1Ba1P1,2.5545
Cl5Cs1Pb2,0.644584
Dy1Te2,2.0714900000000003
Ca1S3Zr1,3.40849
Ge6Ir7Mn4,2.97643
Ce1P12Ru4,7.71232
Al2Au2Sr1,1.23527
Ca5In2Sb6,0.936596
In3U1,2.01203
K2Mg5Sn3,1.07708
Al1Au2Sc1,0.90453
B1Mg8Rh4,1.45028
Ho1Pt1Sn1,2.84957
Rh2Si2Th1,12.4583
Mg6Mn1O8,9.92072
Ag2Ca1,0.8542370000000001
Ti1Y1,7.631539999999997
Ru1Sb1Ti1,5.60701
Ce1,3.45785
Er1Ga3Ru1,2.8900200000000003
N1Ta1,25.5906
Al3Hf1,10.4611
Mg2N3P1,12.1158
Mn1O1,13.3183
Li2Na1Sb1,3.7746
Mg1Si1Sr1,3.56197
H1In1O2,6.1287699999999985
N1Tb1,35.4705
C1Th1,29.5956
B1Mo1,29.1569
Br3Cs1Mg1,0.622147
Nb1S1,16.6184
H2Mg1Ni1,8.14104
Bi1Li1,1.15101
F6Na1P1,4.57152
Ba1Pt1,1.5219200000000002
Al1C1Ti2,26.4006
Bi3Tb4,1.15816
Ni1Tl1,1.21583
Nd1Os4P12,6.596939999999999
O7Pt2Tl2,2.74356
Au4In2K1,0.311537
Ge7Hf6Ni16,2.2282900000000003
Cl6K2Sn1,0.7798970000000001
Ag1Ho1Sn1,2.86455
Ge2Os2Th1,10.1031
C1Cr2Ga1,4.27086
P3Rh1,6.79603
Au1Ho1Pb1,2.56788
Cd1Gd1,3.88838
Al1Ho1Ni1,3.48817
C1Er1Rh3,7.84537
Ho2Mg1Se4,1.32785
Na1O3Sb1,3.75172
Ce1Ge1Ir1,2.35879
As2Zr3,3.72625
Br3Ca1In1,0.519143
Ge1Li1Rh2,9.65597
Al1Li2Pt1,3.94162
Ca3Cl3P1,3.90016
Bi1N1Sr3,4.97795
Ir1Zr3,1.15839
In1Pd1,1.82806
Ge2Mg1Tb2,5.11223
Li1O4Ti2,11.1979
Pt1Y1,2.26747
Al1Ca3Sb3,1.2808
Au1Li3,0.631544
As1C1Nb2,16.0713
La3O7Ta1,6.99383
C2Cd1N2,0.700637
Se2Ta1,6.44517
Se3Sr1Zr1,2.21072
Ho1In3,2.63072
Mn1O3Y1,5.55972
Au1Ti3,7.10722
Au1Mn2,2.6582
Al1As1,7.301439999999999
Ho2O7Sn2,4.25779
Sb3Sr5,1.29694
Ga1Ge1Li1,2.7275400000000003
Br4K2Pd1,0.746429
As2Ba1Pd2,2.96232
Cd1Mn2O4,2.43845
O3Sn1Ti1,12.9608
Al2Mn1S4,3.14493
N3Nb4,20.6183
Au2Si2Th1,2.0651
La1Mg1Ni4,1.7429400000000002
Ca1P2Rh2,7.722689999999999
Al2Co1Y1,6.66628
As1Er1,14.800999999999998
Li9N1S3,4.59086
Gd1Se1,5.80336
B2Mo2Os1,9.28589
Ru5Si3,7.290710000000002
La1Pt5,3.7594
Hg1La1Pd1,1.08301
As1Pb3Zr5,3.32607
Au1Ca1In1,0.569401
C2Cs2Pt1,2.43896
Fe1O3Sr1,8.0483
Si1Ta2,13.7945
Nb1S2V0.333,7.570130000000002
As2Si1,2.6175200000000003
Al3Er1Ni2,4.43042
Cd1Dy1Ni4,2.66413
Ge1La1,4.1155300000000015
Ba3O5Si1,3.05649
Ir1La4Mg1,1.06326
I1Tl1,0.488967
Ga1Hf1Pt1,3.01923
As1Rh1Ti1,4.51782
C1Ru3V1,22.9169
Al4Cu9,0.774145
P12Ru4Tb1,6.27663
F2Ni1,4.30782
Dy1Ge2Rh2,6.82159
La3Rh4Sn13,1.00955
Rb2Se1,0.969059
F2V1,3.15852
Cd1N1Ni3,4.80128
Hg11K1,0.0118133
Er3Ru2,2.35743
Al3Ti1,9.86699
Au1In1Tb1,1.86849
Fe1Te1,6.9898
In1Ni2Tb2,4.3348900000000015
Al16Pt7Zr6,3.4081900000000003
Al1Cu2Zr1,6.46525
Fe1Ga12Ho4,1.97248
Bi2Cu1Zr6,4.835
B4Ta3,29.3237
Ru2Sc1,1.14613
As2Ru2Sr1,9.21503
Ag2Si2Yb1,2.72167
Au1Cu4Tb1,0.535774
Mg1Tb2,4.649
Ag1Ca1P1,3.21762
Be22Tc1,12.402
Ce1Pd1Sb2,2.76457
Cu1In1La1,1.3410799999999998
C1Mn3Sn1,11.2367
Br1Na1O3,2.41482
B1H4Na1,7.454639999999999
Ba1Sn1Zn1,1.99162
Cs2I6Te1,0.438057
Rh1Sb3,2.275
Al3Yb1,8.13867
S3Tb2,2.84732
Hf2La2O7,5.25907
Ag1Sr1,0.530057
C1Dy3Ga1,2.79703
N1Re2Zr4,3.35006
Al1Y2,4.07048
C1Hf1,63.7061
Be1Cs1F3,1.9971
Ag1Er1Si1,4.0697199999999984
Al1Cu2Hf1,6.1138900000000005
Au1Dy1Sn1,2.77216
Br1,1.64337
Pu1Te1,5.06453
Sn4Th5,2.00044
Hg3Mg5,0.804725
La1Pd1Sn1,1.42346
K1O6Os2,7.6376
F3Hg1Rb1,0.7756649999999999
Fe1Ga12Y4,2.06442
Er3Ge4,3.4378900000000003
Nb1Ru1Sb1,11.5271
Er1Ga1Rh1,1.16209
B12Zr1,39.2307
Hf4Ni1P1,3.00346
Mg1Ni1Sb1,6.1577199999999985
Cd3Ho1,1.28213
Rh1Sn1Tb1,2.18837
Nb1S2Sn0.333,5.5334900000000005
Ga12Lu4Pd1,2.25372
Ho1Ir1Sn1,2.5893
S1Zr1,12.6628
In1Li2Pt1,1.33703
Li1Pb1,0.897914
Cu1Hf5Sn3,2.75149
Co2Sn1Ti1,3.63194
Ag1Cr2Te4,0.10651
Cu1Sn1Tb1,4.55154
Ba3O1Pb1,2.4635
Ni2Si2Th1,10.2731
Cu2Ho2In1,1.7322099999999998
Al16Hf6Rh7,2.4972
F3Na1Ni1,2.43302
Ge2Ir2La1,2.82858
Pt1Sn1U1,1.0427799999999998
Au3Cu1,1.63267
Na1S1,2.04933
Cd2Ho1,3.45345
Ge3Mo5,5.47929
Gd1Hg1,3.13847
Re4S4Te4,5.66161
Dy3Ge13Ru4,1.35082
Si1Sn1,7.49932
Au1Zr3,3.14793
Br6Rb2Sn1,0.455059
Cl4Pd1Tl2,0.661356
Ge2La1Ru2,9.1075
Ge2Pt1,3.38191
Al7Th2,3.3876800000000005
C2La1,10.265
F1S1Y1,3.0058
Os3Zr1,10.646
B2Li2Rh3,5.78428
Cu2Dy1Ge2,5.16864
I5In1Sn2,0.431356
Ce1O7P2,1.94692
Li2Pd1Sb1,1.71751
Hf1Rh1Sn1,2.8468400000000003
B2Ba1Rh2,9.93763
Be5Hf1,23.606
La1Zn5,2.54684
Dy3Ge13Os4,1.6990599999999998
Lu3Os4Si13,3.34242
Ir1Pb1,3.13362
Ni2Sc1Sn1,5.88625
O4P1Sc1,12.7395
Ga1Ni2Ta1,5.103
Lu1Pt3,4.2309
Pt3Sc1,6.13564
Pt1Sb1,1.63947
Pd1Sb1Sc1,5.93012
Eu1Te1,2.02205
Ca1Cl2,1.47214
Ca1Ir2,5.3640300000000005
Ag1Bi1Li2,0.935236
H1Se1Y1,14.2347
B6Ca1,28.2052
As2La1Ni2,6.61124
F2Ti1,7.42325
Cr2Hg1O4,2.51445
Ga1Ni3,2.53251
Nb4Ni1P1,9.23004
Rh1Te2,2.32316
Ba1Pt1Si3,6.46168
F2Zn1,4.4583900000000005
Nb1Rh1,15.1129
Li10Pb3,0.4114930000000001
Ca1O3Rh1,3.53915
Dy1Tl3,0.48435
Ce2In1Pt2,1.90286
Cd2Nb2O7,5.6713
Re1Si2,22.0265
La4Rh3,1.22864
As1Pt1Sr1,1.99819
Ge1Pt1Zr1,4.56597
Ag1Cu4Yb1,1.09591
B6Ni21Zr2,2.3497
Ag1La1Mg1,0.8070689999999999
Cu1Ga1O2,4.52881
O7Pt2Sb2,1.88221
B2Ir1Mo2,8.03588
Hg1Mg1,2.26162
Cu4Mg1Sn1,3.39827
In2Mn1S4,1.29471
H3Li1Sr1,1.54969
Co1Ge1Ti1,8.06428
Bi2Pd3S2,0.709859
Cd1Se2,0.8734719999999999
As2K2Ni1,1.36354
Al2Co1Zr6,7.86888
In2S4Zn1,1.80801
Cr2Hg1S4,1.69205
N1Sb1Sr3,5.80746
Bi1Dy2O2,6.01725
Ga1Ir1Li2,3.7318
Ga1La1Zn1,5.02865
Ni4P4Ta5,7.39717
Sb1Y1Zr1,4.92184
Bi1Rh1Se1,2.36114
Al18Mg3Ta2,2.00666
C1In1La3,5.83217
S2Sc1Tl1,3.16745
Pt3Ti1,9.66877
In1S2Tl1,1.59398
Co1Mo1P2,9.99331
Al1Zr2,8.43437
Na3Sb1,1.08012
Li1O4V2,9.36389
Cu1Ge6Y2,3.92314
Ni16Si7Zr6,3.62687
Bi1Rh1S1,2.81201
C2Na2,2.427
Th2Zn1,1.78761
Ge1P1,13.439
Dy3Os1,1.96641
N1Os2Zr4,3.89111
Cu2Ge2Tb1,5.5624699999999985
Pt1U1,1.77279
Mo3N1Ni2,6.27578
Ge1Ir1Sc1,4.66716
Br6Rb2Te1,0.5743010000000001
Cd1Er2Ge2,3.36541
La1Tl1Zn1,2.75996
Al1Cu2Sc1,5.80987
C1In1Pt3,0.649876
Cr1,3.00771
As6Ru7U4,2.59012
Mn1O3Sr1,6.37594
Rh1S2,1.94679
H1Na1,5.43663
Mg1Pd1Sb1,3.06867
Bi1Rb3,0.34512800000000005
Ba1Zn13,1.17425
Dy1Ru1Si1,3.74136
Ge1Ho1Ir1,3.75018
Pb1Pu3,2.12734
B2Zr1,88.4071
B2Si1V5,18.6293
Cd1Co1Dy4,1.30778
Mn1Sc2Se4,1.46658
In1Ni2Sc1,6.19266
Os2Tb1,1.7271299999999998
Ga1Rh1,6.5437699999999985
O1U1,11.3837
Dy1Ge1Ru1,2.67883
C1Dy1Rh3,7.7111399999999986
Ir2S3Sn3,0.953218
Cu5Nd1,6.53662
Ni1P1Pd1,1.42184
Cu4In1Yb1,2.07208
Te1Ti1,1.51401
Er4Ga12Pd1,2.38831
Be2Nb1,26.2468
Au2Tb1,2.42162
Ga1O3Pr1,5.63216
S4Zr3,0.8494870000000001
C2Er2Re1,6.14303
Ga1Pt1,2.31258
Er3In1N1,9.52523
Pt3Zn1,2.85416
Pd3Y1,5.238580000000002
Ga3Ni2,5.0891
Pd2Ti1,3.16581
Ge6Ir7Sc4,5.19592
Tb2Tl1,1.74216
Ag2Li1Sn1,0.8259340000000001
C1Ti1,91.5698
La1N1,24.266
La1Ru4Sb12,2.11316
Dy1Pd1,4.25013
Sn3Tb5,2.67829
Au2Dy1Si2,3.10321
Ni3S4,2.15757
Fe1Sb2Zr6,5.8545
P4Th3,4.60575
Mn1Pt3,4.54753
Er1In1,3.64419
Ba1I2,0.314325
Cd1Co1Ho4,1.11425
Al1Co2Mn1,5.4067300000000005
B2Ir3Th1,12.9078
F6V1Zr1,4.05805
In1Li2Pd1,1.20041
Er1Se1,3.8659
Ni2Sb2Tb1,1.26347
Ag1Ca1Sb1,1.39265
Ba1Fe1O3,7.22743
Cr1N1,56.6022
As2Cs1Rh2,6.10291
Br8Li6Mg1,0.8634219999999999
Al1Ge1Sc1,6.9565199999999985
Bi1Th1,4.17671
Er1Pd1Sb1,5.21398
Dy1N1,35.0445
Ca1In2,2.17208
Ag1As1Sr1,2.74048
C2Co1Ho1,19.0767
B6Ho1,11.2188
Cd1Sc1,5.25896
Dy1Ir1Si1,4.99576
Si1Zr2,18.295
Ca1O1,6.4660699999999975
Al2Mg1,1.19206
S2Ti1,4.20153
Cl2Mg1,4.94904
C1Nb1,79.0043
Ho1S1,9.49275
In3Zr1,5.45224
Rh1Si3Th1,7.39433
Ag1Dy1Mg1,0.688105
Cu1Rh2Sn1,4.85829
H1Ni1,9.73844
Au3K1Sn3,0.297897
S2Ta3,5.9945900000000005
Ni2Zr1,4.36371
In1Pt2Y1,1.91676
Br1Li3O1,5.08135
Dy1Pt1Sb1,5.75439
Dy1Pb1Pd1,1.60263
Cu6O10Sr4,3.63613
Ni2O4Si1,8.1989
O7P2Th1,1.73068
Al1Ba1Si1,7.989319999999997
N1V2,17.0269
B6Ni20Sc3,2.7411
Hf5Sn3,2.12168
Co1Te2,2.74201
Mn3Nb6O11,4.85083
As4Mg1,1.84899
Au2Sn1U1,0.640325
Rh1Sc1,15.2579
C7V8,9.07097
Au1Ca3N1,4.04562
Ni2Si1Ta3,1.89356
Al1Mg3Pt2,1.61988
Ru1Ta1,7.8323
B12Sc1,40.1159
Zn2Zr1,6.33605
Bi1Dy1Rh1,2.19851
Cu1Sb1Sr1,3.42814
B2C2Tb1,19.4036
Ba1Cu2Te2,0.6286729999999999
As2Dy2Ni1,3.83688
Ce2N2Se1,10.1317
Ir1Sc2,1.33917
Al1C1Gd3,9.83536
Pt1S1,2.71238
C2Co1Th1,15.5496
Si1Sr1,1.9446
Ge1Y1,9.4051
Be2C1,129.126
Ge1Rh1Zr1,5.5295
Hf2Rh1,1.87646
Cu6O8Pb1,1.60525
Al1Au1Y1,2.49023
In1La1O3,2.63292
Mg1Pd1,4.12035
La2Sb1,3.53311
Ir2La1,5.40847
F3K1Ni1,4.1857
Sn1Sr2,1.15473
Br1Tl1,0.3249
Cu1Li2Sn1,2.69951
Hf1O4Si1,10.9772
As1Cd1Pt5,2.28711
S2Sn0.33Ta1,5.03231
Cd3Nb1,4.22277
Mn2O7Tl2,1.86119
Ru4Sn6Y1,2.99179
Ni1P1,3.8308800000000014
K1P2Rh2,9.1131
Er5Ni1Pb3,1.44353
Na1Pt2,3.77386
Ga3U1,9.41715
Hg2Pt1,0.900617
Ho1Pt1Sb1,5.7827199999999985
V2Zr1,0.255099
Nb3Si1,10.5796
Au2Dy1,2.62348
Ba1Tl2,0.870755
La3Ru4Sn13,0.689631
O7P2Si1,8.019060000000001
Dy1Re2,1.8923
Ge1Th1,9.94179
Ca1Cs1F3,2.42221
Dy1Pd3,4.62863
Ge1Li2Zn1,4.6247
Pd1Y1Zn1,0.818441
I1Li1,0.39688
Mg2Rh1,10.5141
Co1Se2,3.61835
Er1Ga1Ir1,1.51593
Cu1Sn1Y1,5.31827
Ir1Lu1Si1,5.6688199999999975
C3Nb4Si1,12.1439
Lu2Mn1S4,2.12868
La4Pb3,1.46941
P1Rh1Zr1,7.737139999999999
Au1K1Te1,0.96442
Dy1Mg2,1.4885
Ba1O3Pr1,7.03495
Er2In1,2.7617
Gd1N1,31.7819
Er1Rh1Sn1,2.58048
Pt2Tb1,4.30924
Co1P1Ta4,8.858369999999997
Al1K1O2,5.5659800000000015
Ag3O4P1,1.07225
Pd2Si1Y1,2.00223
Ba1Mg2Si2,6.8910800000000005
Al1Mn1Ni2,10.4932
La1Rh2Si2,11.9998
B2C2Dy1,21.1098
Al1Gd1O3,7.79564
Cs1S2Tb1,2.96457
Ca1,9.04795
Ge2Ir3La1,8.42751
Eu1O3Ti1,14.8487
Ba1O3Zr1,14.012
Cu1Zn1,3.60069
Gd2Hf2O7,5.86094
Al2Pt1,3.91728
In1Y2,3.51818
Ge6Ho4Ir7,4.69782
Re2Zr1,2.97895
Bi1O3Rh1,2.54021
Li1O2Rh1,3.72076
B1C1Mo2,25.5812
Er1In1Pt4,2.79192
As1Br3Ca3,2.5423400000000003
Ag1Ho1,3.79173
Er1Te1,3.4429199999999995
Mg1N2Si1,13.0967
Mn1Ni1Sb1,1.61739
In1Sb1,1.94572
Ca1P1,4.2295
Cu3Sb4Tb3,2.33773
P1U1,5.7317
Ca3N1P1,11.9917
O4Sn1Zn2,3.18526
K2O1,1.76473
Li1Nb1O2,17.7999
Nb5O9Sr2,8.167019999999999
Pt1Sn1Tb1,1.52535
Cr2Mn1O4,4.58145
Cd3Sc1,0.90115
Co2N1Zr4,3.55829
N2O1,5.12946
Bi2Ir1,1.98503
Be13Hf1,14.1162
La1Sn3,1.57155
Ag2Sn2Sr1,1.08503
Ba1Os2P2,8.159410000000001
Cu3Ho3Sb4,2.16293
Ba1S1,5.63037
Al16Ru7Sc6,3.86306
Au9In4,0.116457
B1Hf1Rh3,11.2408
Cd1Co1La4,0.781365
C1Dy3Sn1,8.94069
Ge1In1Li1,4.43426
Ni1P3,7.38008
Ho1In1,3.56085
Cd1N1,5.82421
Nb1Pd1Si1,5.55734
O2Te1,5.12679
As4Ca3In2,1.84501
Gd3In1N1,7.9262
As4O6,10.0627
Cd1Sr1,2.86209
Co2Ga1Ta1,11.1774
C3Nb4,21.7295
Cl6Sn1Tl2,0.5498270000000001
Ca1Ge2Rh2,7.01438
Cu1Er1Si1,7.74222
Al1H3,8.3528
Bi1Dy1Pd1,4.05438
Dy4Sb3,1.84676
As1Sr1,1.95293
Ag1P1Pd5,1.64219
Bi3La4,1.26647
Re3Ru1,26.4135
Ge2N3Na1,6.18395
Mg1Sc2Se4,1.6420099999999995
Ca1In1,3.74338
Al1Bi1,4.4074300000000015
La2O2S1,7.934239999999999
F5U1,8.01631
Cu1Hf1Si1,5.4084400000000015
Dy1Ge2Ni2,4.39503
K8Si46,1.36355
C1Ga1Ti2,20.3144
P1Sc3,5.17823
La4Mg1Ru1,1.04715
B7Mo3Y1,9.9522
Be1Li1Sb1,6.909110000000001
Ba1Cu2S2,2.6924200000000003
Fe1Si1Zr1,11.0464
Ge1Pd2Y1,1.46648
K1Na2Sb1,1.61458
As2Hf1,5.79361
Ho3In1N1,9.15715
Ga7Ni3,1.6483900000000002
I1K3O1,1.1755
Cu1Zr1,3.10384
Cu1Er1Sn1,4.42785
Cr1Te1,0.08065739999999999
H2Mg1,7.54016
Au2Be1,1.87419
Hf1Pd3,2.89994
Ge2Mg1Y2,6.13715
Ga3Tb1,4.88689
Hg2La1,1.39155
Ge2Mo1,25.5413
Se2Th1,1.5038200000000002
Pt3Sb2,0.807631
Mo1Zn7,2.90246
Ag1F1,0.405524
Cu3Nb1Te4,3.30112
Ru1Sb1Ta1,11.0084
Co3Fe1,11.433
Mn2O7Sb2,3.66526
B4Dy1Rh4,4.80935
Rh1Tb1,6.20747
Ga1Gd3O6,3.39673
Al2Ca1,7.59923
Hf1Ni2,6.04007
Ce2Pd21Si6,0.820599
Hg5Pd2,0.08513889999999999
F6Si1Tl2,1.02218
C1Cr3Nb3,7.3006199999999986
Bi1Ni1Sc1,7.0776600000000025
C1Ho3Tl1,1.13863
Cr1Ni1Sb1,2.81855
Ag1Ti2,9.66728
Al0.4C0.2Ta0.6,6.89445
Cu2Ga1Sc1,2.76401
La3Tl5,0.608399
C1W2,11.7493
As1O4Sc1,7.49817
In1N1Ti2,12.393
O6Sb2Zn1,4.5218300000000005
O2Ti1,22.7614
Mo3Si2,7.53103
Er2O7Ru2,4.34278
Ag3Pt1,1.07723
Be13Ho1,12.9308
Bi1Li3,3.03521
Be2Cu1,19.0424
Hf1Ir3,19.2074
Ag2La1Si2,4.97276
Ba1O1,3.2545900000000003
S3Sr1Zr1,2.7904
Tc1,33.4878
Ba1F4Mg1,2.31105
Dy2O7V2,3.05528
Au2Th1,3.02712
Sb2Th1,2.43995
P1Ru1,10.1537
Dy1Pd1Sn1,1.44784
Pd3Sc1,6.00566
O3Rb1U1,10.1735
Cu1Ho1,6.627839999999999
Ag1F3Rb1,0.829701
Ga1Pt3,2.89648
C1Er5Ge3,2.76594
F6Mn1Rb2,1.57818
Dy1Pd1Sb1,3.38744
Pb1Se2,1.55045
Cr2S4Zn1,3.15655
Cs1H3Mg1,1.84575
Na2Se1,2.48442
Pd1Sc1,6.31669
As2Ca1Mg2,6.9915600000000016
B2Ho1Os1,9.31086
In1P1,4.10905
Mg1O4Rh2,3.77139
C1Zn3Zr3,3.82449
Ga1,6.72659
Er1Pd2Si2,5.2793199999999985
Ba2Ge4S10,1.04133
Mg1Ni2Sb1,3.64035
Al0.4C0.2Nb0.6,8.56073
Mg1Tb1,6.64981
Cl4Hg3O1,0.354789
Ir1Sb3,2.73054
La1O4P1,4.44492
Rh1Th1,2.81029
Rh5Tb1,6.08832
Si1Ti1Y1,10.3242
Si6Sr1,3.73744
Fe2W1,3.2932900000000003
Ga1Rh1Y1,1.45425
N2Ta1,15.98285
As1C1V3,6.853389999999999
Pd3Te2,0.866806
F6Pb1Zr1,1.17742
Al20La1V2,2.20357
Ga3Ho1,5.15799
Br1K3O1,1.29405
Pd2Ta1,7.50289
Ho3Tl5,0.439519
F6Pd1Rb2,1.84452
Ir1Te2,2.56708
As1Cu1S1,1.71639
Ho1Sn3,0.698719
Mn1Se1,8.2305
Ag1Gd1,1.39617
B1Pd3Yb1,0.839139
Pa1Rh3,8.26408
In7Pt3,0.873517
Al1La3N1,7.41522
Ba1Pd1,1.4559
N6Ta5,9.78748
C2Ni1Tb1,20.5364
Ga1Ho1Pt1,1.22799
O3Se1Sr1,1.96625
Rh2Sr1,1.5843200000000002
In1Tb2,2.88195
Sb1Th1,4.60355
Rh2Si3Y3,5.00075
Al3La1Pd2,5.23183
Bi1Dy1,6.40247
Hg1Mg2,0.469656
Fe1O1,9.94482
Ge13Ho3Os4,1.71215
O7Sn2Y2,4.57514
Be1Rh1,20.5245
Be22Mo1,12.7427
Rh1Si1Ti1,6.35475
C1Mg1N2,24.3982
Li1Mg1P1,5.09247
Au1Zn3,0.311753
Rh3W1,9.36741
C1Lu3Sn1,9.89173
Er1Pd1Sn1,1.40725
Sb1Tb1,9.35469
La1Pd1Sb1,2.86877
Ag1Er1Sn1,2.85643
C1Rh3Yb1,7.4760399999999985
F4Pb1,5.64531
C1Pb1Ti2,9.22084
Ge3La4,2.63757
Ca1S1,14.7498
Au1Y1,4.65739
Os1Si3Th1,8.76443
N2Se1Th2,8.74277
Be5Pt1,25.1138
Mg1Sc1,12.8444
Gd2O7Zr2,3.69397
Al2Th1,14.1211
S1,4.10801
Ac1H2,6.3023099999999985
Ir3Ta1,26.255
O5Ta2,39.2307
Os3Ti1,9.94117
B2C2Ca1,20.4665
Cl6Rb2Zr1,1.43047
Be1N2Si1,26.3103
Al16Os7Sc6,3.9821
P3Tc2,9.21768
In3Rh2Ti3,4.66471
As1Bi1O4,2.54877
Er1Sn3,0.635161
Be22W1,11.8802
Ge1O3Sr1,2.89562
Br6Cs2Te1,0.244759
Dy1In1,3.59642
Cd13Cs1,0.172724
Ho1P1,20.7403
Ba1In4Ir1,1.56686
Ir3V1,27.5918
Cd1Ho2Se4,1.0603
Ir4Sc11,1.64537
Dy1Ga2Ni1,3.1787
Au1Mn1Sn1,1.13426
Bi1K3,0.45067
Dy2O7Ti2,6.58845
Sc1Zn1,12.2107
B4Th1W1,19.3883
Bi1Cr1O3,3.78178
Al16Pd7Ti6,3.14986
In2Li1Rh1,2.54491
Er1S2,5.91779
Dy1Ru2Si2,12.8768
Be1F2,23.1522
Cu3S4V1,4.83634
Cu2Se1,0.663972
As1Cu3,0.6752100000000001
Os4Sb12Sr1,1.92288
Pd2Sb1,1.21501
P1V1Zr1,11.1174
Pb2Y1,2.03079
Al2Er1,9.53432
Cd1Li2Pb1,0.773655
Pd1Sb2U1,2.7385900000000003
Ho5S7,3.41049
Ge2Rh2Sr1,7.8396
F3Rb1V1,3.31094
Ni2Sc3Si3,6.90123
B1Li2Pd3,0.731396
Er4Ge6Rh7,3.72941
Er1Hg1,2.4839900000000004
Pd3Sn1,2.87894
Tb1Tl3,0.665623
Zn1Zr1,12.747
Ir1V1,17.3302
Al2Se4Zn1,2.423
As2Cd1,2.21396
Co1Si2Tb1,7.0285
Hf5Si3,6.57181
C1Cr1,92.2822
Pt1Tb2,1.2487
B6Ce2Ni21,1.71523
Ce3S4,2.13326
Ag1Li2Sb1,1.59164
Pt3Yb1,2.40977
Ag1In5Se8,1.17226
Ir1P3,7.5618
Hf1Pt1,3.36852
Er2O7Tc2,5.34466
Nb3Pt1,7.90906
Ga5Pd1,1.07668
Be13Sr1,14.5456
La1Pd1,2.22592
Ir2S3,4.01931
Rh1Sb1Th1,5.01043
Ir1Nb3,11.6356
Cd1Rh1Tb4,1.27932
Nb3Os1,9.07991
Er1Tl3,0.372102
Cd1La2Rh2,1.28679
Br6Cs2Sn1,0.438744
As1Ba1Cu1,3.06018
Ba1Pd1Si3,5.5048900000000005
Al1C1La3,6.617939999999999
Al6Mn1,6.5804100000000005
Ba1Ge1Zn1,2.65224
Be1C1N2,68.3642
C1Nb2S1,13.942
Al2Hg1S4,4.45629
Cu1K1Se1,1.92942
Ge3W5,3.41954
Ho1Pd1Sb1,0.680144
La1P2Rh2,5.13127
Cs2H4Mg1,1.50805
Be2Fe1,28.6224
Er1Ga1Pd1,0.998863
Dy1Rh2Si2,12.1903
Ge1Ru1,7.73882
Au3Er3Sb4,1.25255
Ru2Si2Th1,16.1499
Er1Pb1Pd1,1.71859
Al3Ni2Th1,8.484010000000001
Cu2In1Mn1,2.35876
Au2Ca1Si2,2.55545
B7W1Y3,14.3809
Ge1Ho1Mn1,3.76825
Eu1Hg1,1.38156
Nb1S4Tl3,1.02466
C1Ru3Zr1,23.9718
Co2Hf1Sn1,8.32297
H5Rb3Zn1,0.660311
Se2Zn1,1.90254
As2Ba1Ge2,1.4040700000000002
Be1Ta2,23.8404
As1U1,0.7817810000000001
Pb1V3,2.0560400000000003
Ga1Hf1Ni2,0.7181
Cs3I9Sb2,0.393556
Al1Zr1,16.8498
Ge1V1Zr1,8.826419999999997
In2Mg1O4,4.17036
Al1Pt1,4.79104
Pt3Y1,4.61989
Ni5U1,8.44929
Cl3Cs1Pb1,0.7190949999999999
In1Mn1Ti2,0.926605
In1Rh1Tb4,1.52434
C8Cs1,28.1623
Cs1I3Sn1,0.348189
Co1Sb2,5.81571
Li1P1Zn1,11.3375
Bi2O7Sn2,2.57836
Ag1Ca1,1.334
Ca1Ir1Sn2,2.36425
Ca1Mg2,2.11797
Ge1Hf1Mn1,5.82789
Co1Ni2S4,0.8831479999999999
As2Ca2Cd1,2.78753
Ge1Rh2,2.8744
Nb3Rh1Se6,4.84888
Au1S1Ta5,2.73591
Cd1Dy2Ge2,3.44634
Be1Pd2,5.80362
Cs1,0.206173
H5K3Zn1,1.03544
Ag8Ca19N7,0.912165
Ca1Sn1Sr1,1.6818099999999998
Co1Ge1Nb1,7.567
Mg1P1Pd5,2.73491
Hg1K1Sb1,0.8582879999999999
Ga3Pt2,1.85892
Cu1Ge1Zr1,4.53258
Ho1Ir2Si2,14.2106
I6Rb2Sn1,0.249848
Ba1Si2,2.49865
Al2Os1,32.569
Ag2Na1,0.643501
Ag1C2Li1,5.62081
Cu1Hf4P1,2.6045
Ru2Si3,6.94535
Ca2O4Sn1,4.51284
Ni3Si1,9.16237
B2Mo1,43.5796
As2La1Rh2,3.1400900000000003
La10O3Si8,3.21651
F2Kr1,2.37624
Bi1In1,1.67482
Al2Ge1La2,5.51251
B12Dy1,37.9438
C1Pb1Sc3,12.1025
B7Re1Y3,13.8413
O3W1,24.0636
As1Cu3S4,1.89862
La1O3Ti1,3.68015
Cd1Ho1,4.53629
Cd3P2,1.04351
In1Mg3,2.0439
Hf1Ni2Sn1,5.15136
Dy1Rh1Sn1,2.25861
B6Re1Y2,12.161
Sn1Te5Tl2,0.501814
F4Nb1,16.5854
Ge1Ir1Y1,2.3330900000000003
Cd3In1,0.12778399999999998
Fe6Ge6Hf1,2.75182
Ca1F6Pb1,1.7602799999999998
Dy1Pd2Si2,5.50352
Ge1Pt1Y1,2.96414
Co2Ga1Ti1,30.7297
Cs1F2H1,0.7558779999999999
Ba1Mn1O3,2.63685
Au1Sc1Si1,5.39991
C1Ta1,61.3636
Hf1P1,9.63376
Al1H4Th2,3.2761
Se1Th1,9.69772
Al2Au2Dy1,1.8081
Br6Cs2Pt1,0.711847
In1Pt2Zr1,1.17671
B1Rh3Sc1,12.0816
Cr1S1,5.96175
La4N2S3,3.15013
Si2W1,44.8416
Hg1Sn1Yb1,1.06987
In1La1Zn1,4.13547
F6Hf1V1,3.91287
C1Ru3Th1,13.4629
Ni1Sc6Te2,3.54445
Ce1P1,12.7565
P1Ti1,13.554
Ho2S3,2.85149
Cr2O6W1,8.187000000000001
Bi1Ca2,3.69358
O3Pb1Tc1,2.94921
Bi1Er5Pt2,0.939181
Cd1F2,2.75527
Cs2.67O16Te5.33,2.95801
Ge1Pd2,1.28032
In1Te1,2.05087
Nb1Pd3,7.05245
Au1La1,0.662441
Li3O4U1,12.9415
Bi1Pt1Te1,1.16404
Sc1Te1,2.67267
B2C2La1,20.1604
Co1Y1,2.57575
Al1Li1,6.63386
N2Sr2Zn1,5.27468
Ir1Yb1,3.86662
H1K1,2.26933
Pb1Se1,0.951503
Ir3Zr5,2.18011
Ni3Sn1,5.9116800000000005
Ba1Nb4O6,12.4976
B6Tb1,14.1624
Ge2Hf3,7.894719999999999
C1Hf2S1,15.9407
B12Ho1,37.9479
Ag2In1Mg1,0.931521
Na1O4Pt3,2.23931
Li1Nb1S2,11.0262
Cs1Fe1O2,1.23159
Al1C1Er3,14.0139
Al3C1Zr5,7.52648
Hf1P1Ru1,7.39492
Al1Ho3N1,10.8835
Nd1P1,15.5372
Ag1O1Rb1,0.545209
Ga1Li1Se2,1.11692
Cu2Ge2La1,5.24461
Al1Mn1Ti2,4.39099
Er1Ni2Si2,8.87981
As1Na3,1.2544
Pd2Sn1Tb1,1.0066700000000002
Al1Pd1Tb1,1.92727
P2W1,20.5636
Cr1Nb1P1,9.54724
Ho1Ni2Si2,8.9937
H2W1,3.6028300000000004
As1Cd1Pd5,1.64888
Cl6K2Pt1,1.35876
O4P1Pr1,5.22204
Ge1Pd1Sc1,3.62679
Be1Pd3,1.39383
Hf1Ru1Sb1,6.44382
Dy1Ir2Si2,14.2256
Fe1Te2Zr6,6.75765
As1Cu1K2,0.8752280000000001
S4Y2Zn1,2.87952
Al1Ni2V1,6.03675
C1Ge1,45.5435
K1Sb1Sn1,1.50777
Dy3Pt1,0.788135
Bi1Pd1Te1,0.8132560000000001
Er3Rh1,0.8278639999999999
Ba1Hg1,1.5592
Ba1Te3,1.91526
Hg11Rb1,0.0115074
Bi1Cs3O3,0.296848
F1K1,1.7449400000000002
Cu2In1Sc1,3.4684800000000005
Mg1Tl1Y1,2.96486
Au2In1Tb1,1.17582
Ge1Rh1Y1,3.56002
Co2Ge1Mn1,18.0527
Ca1Ge2Ru2,7.159489999999999
Ge2Pd2Th1,3.92943
Cu1O2Y1,3.18158
Cu9In4,0.483051
Rh1Sn1Th1,3.16686
Cl4Li2Zn1,1.13107
O6Se2Sn1,1.74422
Mg2Pt1,4.4977800000000006
Er3Os4Si13,3.31543
Ba1O3Th1,8.21256
As2Cu1Er1,4.6703800000000015
Mg1Te1,1.64274
Ni1Sb1Y1,9.78482
P4Ru1,10.778
Au1Ge1Sc1,3.07262
Al1Zr3,13.9246
Cr1F3K1,1.85145
Ga3Rb1,0.941782
Cd1La1Pd1,1.20834
Ba3Cr1N3,3.24918
Sb3Tb4,1.8898
Ni5P3Sr1,3.16608
Dy5S7,3.3486300000000004
Mg1O3Si1,15.2027
Ag3P1S4,0.646044
Ga1Ir1Th1,2.31651
Cl1Na1O3,2.29745
O1Pb1Yb3,3.88396
Co2Cu1S4,2.20158
Al2Cd1Se4,1.50817
In9K1Ni2,0.753239
Ge1Os1Sc1,8.99117
Co4Er3Ge13,1.76847
In1Pt2Sc1,2.76824
In1Pt5Si1,3.1067400000000003
C1Nb1Ru3,21.1322
Ir2U1,7.244739999999997
Sb1Zr1,5.7095
Dy2In1Pd2,1.86754
Cu2Li1P2,3.27323
Fe1Sb1V1,9.41422
C1Os1,19.168
Al1Cu2Re2,5.52323
Br1In5Se5,0.7375619999999999
Cl1La1Se1,1.9965
Hg1Sr3,0.26684
Ga1P1Pt5,2.99711
La1Sb2,1.62288
Dy1Rh1,6.82856
Rh2Si2Tb1,12.3463
Cs1N3,3.32689
As2Ca1Fe2,10.7168
Dy1Ga1Pd1,0.710533
Ba1Be2N2,8.3683
Al1Mn1Pd2,2.62423
Al2Zr3,4.67496
Al1La1O3,22.272
Ir1Sn4,1.871
Er4Sb3,1.82337
B1Pt1,3.94053
I1La1,3.3782300000000003
Ag1Cd1,0.614437
Ag1Zr1,4.37408
Ge2In1Tb2,2.57995
Fe4O11Sr4,3.26311
Mg3Ni20P6,1.94505
Au1Ga1O2,2.92575
Sn3Yb1,2.45641
B1Zr1,32.8163
La1Pd2Si2,5.91852
Mn6Sn6Zr1,1.40832
Fe1Se2,8.674439999999999
Ge2La1Rh1,3.12372
Hf1Ni2Sb1,3.99908
Ca2Si1,3.00097
In1Mg1Y1,4.30518
Pd1Sc1Sn1,2.7385200000000003
B1Pt2Y1,2.7724
Ba2Ge1,0.827227
Br1In1,0.82337
Pt2Y1,4.53992
Al2Y1,11.745
Si3Zr5,7.94199
Al16Ni7Sc6,3.66012
Cd2O7Sb2,2.95423
S2Si1,10.7017
As1Sb3Zr5,3.17827
In1Ni1,5.21338
Rh2Y1,5.36496
K1O3Ta1,19.2577
S3Y2,3.30379
Al2Ni1Zr6,7.3799199999999985
Al7Cu16Yb6,1.05737
Pt1Sb1Se1,1.57388
Ir1Mo1,20.8517
Co1Sb1Ti1,13.4047
Ni2Si2Tb1,9.12666
Au2Er2Sn1,0.860742
Er1Ni1P1,4.63644
Ga2Mg1O4,5.81771
Tl1,0.223914
La1Si1,6.1934
Au2Si2Sr1,2.85255
Ga1La1Mg1,3.96112
Na3P1,1.58704
Ir1Si1Ta1,8.97583
O7Sn2Tb2,4.11838
Ge1Li1Ni2,6.1729699999999985
Sb3Y4,2.0884400000000003
Ca1N2,14.9832
Pt1Sn1Th1,4.44663
Ca3Ir4Si4,3.41592
Pd1Sc1Si1,3.4892300000000005
H3Pd1Yb1,3.03113
Cu1Rh2Se4,0.953228
Mg1Te2,1.59949
Bi1O3Sc1,8.83105
Cs1F3Mg1,3.34248
Ho1Pd3,4.79181
Cr1La1O3,16.9784
La7Pt3,0.780245
Al2Pb1S4,2.89392
Co1N1,47.72
Sb1,3.83874
O1.03Sc1,18.4362
Dy1Rh3Si2,11.319
Hg1Tb1,2.15168
Hf1Mo2,7.908930000000002
Hg4Pt1,0.840041
In3Tb1,2.81461
Pt2Si1,1.10811
In1Li1Sn1,2.0847
Cd1Er2Se4,1.05842
B1Rh1,13.0591
Be4Ca2N4,12.5804
Ba2Cd1,1.90106
Dy1Ge1Pt1,2.55101
B2C1Sc1,15.3997
Al4C4Si1,6.37861
Mn1Rh2Sn1,5.33427
Al1C1Sc3,22.7795
As2Sn1Zn1,2.37036
Al9Ba1Ni2,4.13762
Hg1Pb1Sr1,1.03429
Ir3Pa1,13.7575
Er1Ge1Ru1,2.96156
C1Sn1Y3,11.5151
Cu1O2Sc1,4.74294
C2Si1Ti3,21.176
Cl6Te1Tl2,0.789389
As1F6Na1,2.43355
Mo1Pt3,5.51924
Ba1H3Li1,0.769721
La1Pd2Sb2,1.15911
Ge2Rh2Tb1,7.00957
I1La5Sn3,1.59877
Co1Nb1Sb1,10.3083
Ge3N4,10.6748
B1Tc1,56.7175
Ge1Ho1Ru1,2.85276
Al8Fe4La1,2.4668
Al1O3Y1,8.789060000000001
Ag2Ho1In1,1.00464
Al1Er2,3.30151
Cl6Cs2Sn1,0.631074
Bi1Ca3N1,7.62895
Ir3Ti1,20.7615
H1Rh1,10.0847
Bi1Ho2O2,6.01931
Cs1Cu1O2,1.4559799999999998
O2Re1,13.6076
As2O6Sr1,3.967130000000002
As1Sc1,18.3251
B1C7,145.22
Pd2Sb2Sr1,0.654346
Er5S7,3.48177
Au2Bi1Dy5,0.801565
Os3Th7,1.32973
Al1Er1Ni1,3.33866
Nb1Rh1Si1,9.39808
Al1K1Te2,1.92813
Dy1In1Rh1,1.63486
Ag1Co1O2,2.95475
Ba1Ga2Se4,1.44823
In1Ir1Li2,2.06898
Ge3Y5,4.46761
Ca1Pb1Sr1,1.20689
In3Y1,2.71196
Ho1Rh3Si2,11.1814
Dy1H2,9.94588
In4K1,0.7557010000000001
Ni1P1S1,5.28631
Cu1O2Sr1,4.2935300000000005
Ga1La1Pt1,0.929383
Hf1Pd1Sn1,6.954110000000001
Co1P1Zr4,2.93078
Cd1Ni4Y1,2.72375
Ag2Si2Tb1,4.60072
As2Zr1,6.32943
O2Rb1Sc1,6.85733
Cl1Cu1,1.20089
Ni1Pd1Te1,1.30691
As1Nb3Te3,5.16277
N1Pd1,7.1444199999999976
Ag1Er1S2,2.5908
Pa3Sb4,1.8987
As2Pd1,1.88834
Cd1O6Sb2,4.88431
O2Th1,15.0052
Au3Na1Si1,0.307479
Mo1Rh1,13.0106
B12H12Tl2,1.89144
Bi1Cu1Sr1,2.39852
Mo1Pt1,15.1277
H1Ti1,9.50856
P1Pt1Sc1,2.19841
Au2Ge2Th1,0.682441
Ge6Ho2Ni1,4.59022
C1Nb3Ni3,4.67909
Ir1Si3Tb1,8.284089999999999
Au3Li1,0.445481
Ca1Cd2,0.922849
Cl6K2Tc1,1.6479
Ag1Cu4Nd1,0.881758
Cd1F3K1,1.73222
Ir3Nb1,27.8626
Bi3Tb5,1.34141
Os2Si2U1,15.9746
Dy4Mg1Rh1,1.33975
B6Ba1,33.4225
Ir3U1,12.1322
As1Sr2,3.18423
Ge3Pd1Sr1,1.86086
Au3Dy3Sb4,1.2294200000000002
La2O7Ti2,5.56521
Ag1Au1F4,0.8482770000000001
Cr1Dy4Ga12,1.72541
O4Pd3Tl1,1.12671
Cl1Na3O1,2.63317
Au1Si1Th1,8.67995
Cu1Te2,1.00869
Fe2Hf1,2.3727
Er1In1Zn1,3.77714
Ga4Sr1,2.48124
Hg1In2S4,0.941757
Cs1I2Li1,0.163865
Au2Si2Tb1,3.25656
Be13Er1,12.7855
Y6Zn23,1.16646
Ru3Zr1,10.5979
Ag1La1,1.45764
Pt1Si1Sr1,1.27305
N2Os1,5.64503
Dy1In1Pt4,2.82119
Ge2Th1,2.20725
Co1Sb3,2.60128
Ba1Pd1Si1,1.28446
In2Se4Zn1,2.51657
Al1Cr2,15.2638
Nb3Sb2Te5,3.30975
Cu4Ni1Yb1,1.8008
Ag1Al1S2,5.0435300000000005
Ge6Os7Sc4,4.41566
Se1Tl1,0.164419
As2Ge1Zn1,3.08327
Ca1Sn3,2.81985
C1Cd1,2.94788
Ho1Te1,3.645680000000002
Ga3Hf3Nb2,6.1472
B4Os3Sc1,12.5849
Be13Ca1,17.9315
Bi4Cu4Mn3,0.8858
B1Nb1Ni1,22.354
Al2La1,7.00494
Rh3Ta1,19.2166
Au3Ge1Na1,0.217615
Mn1Pt1Sb1,3.14237
Pd2Zr1,4.23752
Au1Dy2,0.998892
Er1P2Ru2,14.5871
Ca1Tl1,2.08259
Sr1Zn13,1.10117
Dy1P1Pt1,5.9541900000000005
Mg1Rh1,11.3333
Al1O2Rb1,5.32116
C2Gd1Mo1,7.9790199999999984
Ba1Bi1O3,3.23936
Ce1Co1Si3,13.2962
Ge1Mn1,0.992193
Er1Pt2,4.33208
Br1Rb1,0.78782
Mg2Tb1,1.57861
Li1Sb1Sr1,2.07708
Ca3Ga4Ni4,1.83861
P1Ru1Ti1,10.6085
In1Sr3,0.992884
Ba3P4,1.77483
P1Pu1,12.3176
Mn1Pb1Rh2,3.5388300000000004
Fe1Hf1P1,5.44303
Au1Li2Tl1,0.346091
Cd11Th1,0.384384
Rh3Sc1,10.1346
Bi1O2,5.04734
Cu1Fe2Ge2,3.93539
Ca1Pb1,3.75318
Tl3U1,1.11481
As3La4,2.17002
Li2O1,19.1139
Ge3Ta5,5.4455300000000015
Re2Tb1,1.55916
Er4Fe1Ga12,1.97578
Bi2Co1Hf6,5.21133
La3Sn7,1.48385
Cu4Hf3Si2,5.92195
Au1In1O2,1.704
Yb1,4.4612
Sb1V3,7.400810000000001
Pt2Ta1,5.10075
Ga1Se2Tl1,1.40384
C1Hf3Zn3,3.4780900000000003
Dy1In1Pt2,1.7561
Ge2Ho1Ni2,4.6955
Ag1Cd1Sb1,0.209916
Au1Mg1Sn1,2.13785
I1K1O3,4.97774
B2Re1,46.7336
Mn3N1Pd1,4.1361300000000005
S3Th2,2.35705
Cu1Si1Ti1,4.707319999999998
Os2P2Sr1,9.74165
Hf1Pd1Si1,5.9743900000000005
In1Te2Tl1,1.07071
Hg2Sr3,0.466483
Hg2Th1,1.61542
B1Ti1,41.5771
C1Y1,19.8227
Pd1Se2Tl2,0.324234
Cl1Cs1O4,1.12642
Ho1S2,5.86956
In1Yb1,1.54544
Au1Ba1,0.682268
Fe1P1Ta4,5.48031
Pu1Ru1,0.498391
Au3Ho3Sb4,1.24937
Er1O4P1,7.75023
Co1Si2,10.4357
B2Fe1,31.7093
B1F5Li2,4.24081
Nb1P1Zr1,10.0366
Pt1Sb1Yb1,1.00647
Cr1La1Se3,1.90356
Ni1O1Zr3,6.3661
Al16Ru7Zr6,2.77816
Ca2H1N1,4.8345400000000005
B1Ho1Rh3,9.80238
Pd3S4Y1,1.0122799999999998
Ag1In5Te8,0.817938
Ir2Zr1,12.4868
O3Pb1Sr1,1.7295900000000002
Ga0.4N0.2V0.6,5.62179
C2Ge1Ti3,17.5526
Cd1Dy1,4.36636
Ho1Te2,2.02604
Dy2Rh3Sn5,1.19701
Hf1Nb1P1,8.50785
Au1In1La1,1.21836
Os4Sc11,1.6392099999999998
Ca1Pt5,3.9238
Er1Pt1Zn1,1.37378
Au2Dy1In1,1.07415
N1Tc1,19.6203
O1Sn1Yb3,3.976
Ba1F4Ni1,1.92704
Ca1N1Ni1,9.45342
Ag3I1S1,0.335894
Ga1Mg1Y1,5.83419
Ir1Sb1,4.9421300000000015
Dy1Tl1Zn1,3.0340700000000003
Mn1Pd2Sb1,1.89919
Au2Ho1,2.67566
Bi1N2Th2,6.906839999999999
Au2In1Th1,0.591685
Ga1Pt1Zr1,3.05539
As12Os4Th1,4.88737
Ba1Ga4,2.19296
Cu4In1Sc1,4.019819999999998
Er2Mg1,4.4043800000000015
Hf1Ir1Sn1,3.50809
B2Co3Y1,57.2399
N1Ni2Ta4,4.8207900000000015
B1In1La3,5.50418
Ho1In1Pt4,2.79228
Dy1Ge2Ru2,7.2577
Co1Ga1Hf1,4.73586
Cl1La5Sn3,1.84448
Al1Er1Zn1,6.53584
Mo1Se2,10.9853
B4V3,49.6503
F3Sc1,7.782310000000002
Bi1K3Se3,0.455595
Pd3Yb1,1.18048
Cu4In1Y1,3.45054
Rh2Si2Y1,13.2643
Er1,16.1785
La1Pt2,3.0200400000000003
Al20La1Ti2,2.08971
Au1In1Y1,2.03425
H1Si3Y5,5.14818
Er1Mg2,1.73968
Ge2Ho1Ru2,7.04827
Au2P3,1.48105
Au1Ga1Zr1,4.3246699999999985
Cu1Dy1,6.26072
Cl1K1O4,3.59525
Ge1Mo3,11.909
Cs2I6Pt1,0.542151
La1Pd3S4,1.48947
Mn1S1,12.6383
Ho1P2Ru2,14.7885
Ni1S1,11.9317
Be1Cl2,4.02485
Ge1Rh1Tb1,1.97505
Ag1N1,3.04953
Au1In2Na3,0.15801099999999998
Cd1Li2Sb1,0.8654719999999999
Bi1Co1O3,4.5882
Mo1Ni1P2,12.1749
B1Ta1,44.0279
Al1H4Na1,3.87583
Dy1O4V1,5.50685
H1Ho1Se1,12.3913
Hf1Ir1Si1,8.045689999999999
Co1O3Se1,4.29365
Ca3Tl1,1.0726
Cu1F3Rb1,2.02218
Ir2Pr1,3.68633
Ge3Ru2Tb3,3.40201
Cs2Hf1I6,0.621844
Se1Tb1,4.95267
Rh1Zn1,11.1235
Cl1O1Y1,5.58495
Bi1O4V1,3.72026
Co2Si1Ti1,6.4028800000000015
Mo1Pt2,14.0742
S1Y1,11.4597
Co1La1Si3,10.8168
S1Th1,4.37576
N1Pt2Zr4,2.62471
Co1Mo1P1,4.34111
La5Si3,2.34161
Ge13Ir4Y3,2.26526
Mg5Pt10Si16,1.98598
Pb1Pd2Y2,1.3742
Tb1Tl1,1.87783
Al1Li1Si1,17.423
Ag1Pb1Tb1,2.0501
Ru2Sn3,2.20135
F3K1Mg1,5.14335
N1Ru1,12.1015
In1Zr3,10.3661
Ni2Sn1Ti1,4.86126
Si2Zr1,17.8111
F1Na1,4.67394
Cu1Nb3Te4,1.97817
Er1Ge1,7.607239999999999
K3Sb1,0.638065
Be22Re1,11.5447
Na2O1,4.90964
Cl4K2Pd1,1.18727
Cr1O2,9.66821
Li5N2Na1,2.01148
Cu1Ga1Pt2,3.4367400000000004
N1Na3,1.91205
O1V1,24.6965
Ni2P2Th1,4.54789
Ag1Dy1Te2,1.7712
N1Ru2Zr4,3.60403
Ga1Mg1Sm1,4.54186
H1Mg1Ni1,9.54422
Ru1Te2,5.55201
Pb1Pt3,1.65327
Cd11La1,0.321074
B2Mg1,56.0154
Mn1Pd1,4.58067
Dy1Ge1Sn1,3.980280000000002
B6Ru1Y2,12.1372
O7P2Zr1,3.84663
Mn1P1Rh1,3.56305
In1Pd2,0.839424
O1Pb1,3.91442
Al1N1Tb3,10.6901
Gd2S3,2.72927
Dy5Ru2,2.03415
B1Ni6Si2,5.82174
O4Pd3Sr1,2.37955
Cu4Mn1Sn1,2.94531
Be1Co1,35.5396
O4Pt3,1.8683
Er1Ge2Rh2,6.35092
Hf1O2,21.7874
Ni1O1,21.5631
Au2Mn1,1.22095
Cd1Lu2S4,1.95134
Al1Re1,9.0019
Dy1Pd1Tl1,0.8367700000000001
Hf3P2,4.41647
Pt8Sc4Si4,4.53147
Br6K2Re1,1.00383
H6Li2Pt1,6.50197
Co1N3,13.573
Er1Rh1,8.00106
H2Hf2Pd1,2.43731
Ho2O3,2.16045
As1Tl1,2.04743
Au3K2,0.525211
Cd1P2,2.00221
Nb1P1V1,10.8971
Pt1Si1Y1,4.18421
Pd1Ti2,9.75943
In1La1Pd1,1.16867
Be1Te1,10.0141
Au2Ho1Si2,2.90027
Hf1Ni1P1,6.0934599999999985
Mg1S1,5.88686
Cd1Se1,3.9024
Co1Ge1V1,6.33757
Be3N2,38.6587
Al1Rh1Th1,2.6640200000000003
Ca1Mg1Si1,5.19726
Dy3In1N1,8.94321
Ta1,2.7088400000000004
Na2S1,3.5130800000000004
Al4Er1Ni1,5.1415
La1Ni2Rh3,5.4229400000000005
Ba1P2Rh2,7.68038
Pr1Tl3,1.08623
Ge1Nb1Pt1,2.48365
Na1O2,3.22926
Ag1Zr2,6.13645
Ga3Hf1,8.739980000000001
Au4Ti1,1.0409
B3Co1W3,15.5193
Al3U1,8.42758
O3Sr1Ti1,21.4744
Ge7Ni16Sc6,2.21718
Cd1Sb2Sn1,1.0997
Cl1F1Yb1,2.16643
Au1Pb1Tb1,2.73317
Ca3Hg1,1.2665799999999998
P4Pa3,4.2331
Tb1Te1,4.03986
Ag1Mn3N1,16.2358
Ca1Cs1H3,2.662
Ir1Li2Mg1,1.23355
Ga1Ir1,7.29024
Cr1Ho1O4,5.7556
Cs1In3,0.36912
As1Be1Na1,6.42497
Hf3Rh5,2.9963
Au1H3Ti3,3.88707
Cs2Te5,0.312046
Ga1Ho3O6,3.5961300000000005
Cl4K2Mg1,1.3540299999999998
Sb4Ta5,2.8749
La1Ru2Si2,15.8371
C2Re1,49.386
Fe2Ga1V1,23.2296
Ga2Th1,9.53787
Ba1Pt1Sb1,2.27842
H3Mg1Na1,2.25774
Hf1Ru3,12.5399
Co1In8Y2,1.45048
Nb4Ni1Si1,10.9058
Ag2Er1In1,0.907106
Ag8Ca3,0.31192800000000004
Sb1Y1,10.5594
C1Hf2In1,12.777
Hf2O7Y2,6.43842
Bi1Cu1Mg1,2.812
Er1Mg1,11.4835
Al4Ba1,4.98715
Cl2Zn1,3.49317
Ag1Br1,0.635339
N1Re3,28.3356
Ge1N2Sr2,2.4875700000000003
Co1Er1Ge2,2.99871
Cr1Cu1O2,4.84194
B2W1,22.5317
Ag1Pd3Se1,0.24224
Pb1Pd3,2.33679
H2Tb1,9.62441
Ga1Sn1Sr1,1.5797
Hf1Os1Si1,10.4238
Al3Ho1,10.7542
As1In1,4.33518
Li21Si5,0.728973
Al16Pd7Sc6,2.13784
La1Pt3,2.5548
Bi1Ho1,6.5409
Sc1Se1,7.86368
Ir2Si2Tb1,14.554
Ir1Si3Y1,8.63011
C1Ti2,11.9246
C1In1Nb2,14.7137
Au1In1Li2,1.06676
Ca2O4Pb1,3.10819
Pt3Tl2,0.825858
Al4Ni3,2.51939
Rh1Si1,6.35458
Ga1Ni1Ti1,5.5636800000000015
Cl6K2Re1,1.71859
Ta1Tc1,37.5016
Cd1Te1,1.0799
Dy2S3,2.42768
Au1Rb1Te1,0.835683
Ag1La1Pb1,2.0517
Cd1P2Sn1,2.11472
Pt1Zr1,5.84434
As4Pa3,2.90416
Cs1Na1S1,0.927923
Al3Os2,16.9173
Ga3Ho1Ru1,2.92529
Au1La1O3,2.32446
Ag2Ba1Te2,0.365636
La1P1,16.8551
Au1Ca3,0.669899
Ge1Ho1,7.7751899999999985
P1Ru2,4.80392
C1Er3Tl1,1.05634
Sn3Tb1,1.14172
Ce1O3Sr1,3.31914
Co1Si1V1,11.5991
In1Ir1Tb4,1.75892
Ag1Cu4Dy1,0.583868
Cr1O4P1,16.0695
Fe2Ge1Ti1,23.3503
Ag1In1O2,1.492
Br3Cs1Hg1,0.344431
Hf1Re1Si1,13.6777
La1Ni1O2,8.62143
Mn1Te1,2.3768700000000003
N1Sn3Zr5,4.60045
Ru1Sc1,12.6336
Hg1Ho1,2.46276
Hf1N1,40.6401
C1Mg3Zn1,6.27042
Dy1P1,20.2407
Ir4Sn13Sr3,0.600019
Hf1Ru1Si1,10.0367
Cd1Yb1,2.37308
As1Au1Ca1,2.34639
Al1Ta2,2.51749
Ir7Sc4Si6,6.87147
Rh1Si1Ta1,8.254389999999999
Au1Th1,1.57494
Rh1Si3Tb1,7.22675
S2Sr1,4.02792
Ag1Ge1Tb1,1.0434
Ca2Sn1,1.7069299999999998
Ga2Ho1,8.73397
Sn2Y1,3.68175
Dy1Se2,4.26463
O3Sr1Tb1,1.6612
C1Rh3Sc1,9.87466
Os1P1Zr1,8.46697
Ga2Mg5,1.34829
Ca1In1Pt1,1.09828
Ni2S6Ta9,4.1157
Ge1Rh1Sc1,6.37031
Dy1Mg1,6.2295300000000005
Rh2Yb1,3.82484
C1Rh3Tb1,7.53173
N1Th1,18.8932
Cu2O1,0.253177
Co1Ta1,24.3372
Co1Er1Ga1,1.7174200000000002
Cs1K2Sb1,0.798059
Cu1Mg1P1,3.38746
Al2Er3,2.40611
Mn1Pt1Sn1,2.29653
Dy1Ir1Si3,8.26774
Mo1Si1Zr1,10.5704
Bi1U1,4.77227
Pd1S1Sb1,1.4433
Mo1Zn6,3.5738800000000004
Ce1Os2,1.24415
Ni2Si2Zr1,11.4051
Ge1Hf1Pt1,4.03581
Cu2Sb1,1.88495
O2S1Sc2,9.06028
Al1Dy1,9.56531
Br1O4Y3,2.68295
B2Tc1,50.2164
Hg1P1Pd5,1.32462
Al2Pd5U1,2.60759
Cu1In1O2,2.52247
B6Gd1,14.4375
O2Sr1,9.91837
Si2Th1,4.01412
P1Ta1,12.87
Ir3Sc1,13.4782
As3V5,4.8894400000000005
Sn2Y1Zn1,2.33702
Rb2S2,0.844109
O1Se1Th1,6.7443
Sr1Te1,2.38108
Ag1Yb1,0.763001
N2Te1Th2,6.19272
Cu1Se2,1.34732
Dy2Mg1Si2,6.92877
Hg1Yb1,1.65136
Ag1,1.31896
Cl1Li1,3.81394
Cr3N1Pt1,3.6728
Ag5S4Sb1,0.475357
Al1Ge1Y1,7.4396
P1Sr1,2.65588
Au1O2Y1,1.79906
Pd1Y1,3.32485
As2Rh2Sr1,4.76811
Li1O3Sb1,4.32974
Pd1Sb1Yb1,1.44113
Ba1O6Te2,2.5617400000000004
Pt1Ti3,6.29015
Ge2Ho1Rh2,6.6318100000000015
Tb1Te2,2.90293
Mn1Se3Th1,2.56696
Sr1Zn5,1.4165299999999998
Bi1O3Rb3,0.572559
B12U1,32.4962
B1La1Pt2,1.8117
Ag1Bi1Ca1,1.52037
Er1Os2,1.7433599999999998
B1V1,67.7273
Ba1Co1O2,1.99198
Pt1Sc1Zn1,3.64881
P1Sb1Ti2,8.25411
N1Tl1,3.92395
Be13Th1,11.1698
F1La1S1,4.93591
Ge1Ho1Sn1,3.94743
O5Ti3,5.9605
Tb1Zn1,6.9859800000000005
C2U1,15.5856
Ba1Hg1Sn1,1.45368
Re5Si3,5.1532800000000005
Ir1Si3U1,6.5399
Cd1O1,1.66417
Al1Hf2,9.22553
C11N4,77.0356
C1Ni1,12.2514
Os2Y1,1.96147
Re1Si1Ta1,10.9058
Au2In1Y1,1.04788
Cs1I1,0.500102
Cd1Dy4Rh1,1.28629
Al2Pd5Y1,3.62437
Ca1Ni2,2.3868400000000003
Pd1Tb1,1.82334
Ga1Li1Mg2,1.93742
Cs3Hg20,0.0137347
Al2Dy1,9.51842
C1Er3Ga1,2.66482
Au1Ho1,3.76495
In1La3,1.37201
K5Te3,0.450145
Pt1Ti1,2.13336
Ag1F3K1,0.5409430000000001
Ni1Pd1Si1,3.5311800000000004
Cu1La1,1.0792
H1Pd3Tl1,1.94174
Bi1Ti2,2.32477
Hf1Si2,13.8866
In4Ni1Sr1,1.11726
In1Sc3,5.4356300000000015
O1Sr1,13.3764
Cu1Tb1,5.53727
Hg1I2,0.276021
Er1Zn1,9.04826
C2Re1Y2,6.85355
O7P2Ti1,5.41219
Hf1Pt3,3.58083
Ge1Pd1Zr1,4.56309
O7Ru2Tb2,4.2004
Al3V1,25.0707
Ru2Tb1,0.455998
B1C1Li1,53.3418
Ru1Si1Zr1,10.8946
Ag1In1Te2,0.630393
Hf5Sn4,2.94461
Cd1S4Sc2,2.06013
N3Rb1,4.99295
Ba1,2.95758
Co1P3,8.870439999999997
C1Ti2Tl1,11.5121
Ga2Ho1Pd1,2.78277
Cs1O2Y1,4.1819
Ge1Pt1Se1,2.96155
As2Zn3,1.27106
Ag1Hf2,7.89318
Cd1Er1,3.68017
N3V2,29.8454
Ge2Pt2Th1,2.95718
Al3Ni1,4.64472
Al2N1Nb3,7.91366
Br9Rb3Sb2,0.505013
As7Ho2Ni12,1.56181
I2Pb1,0.8839020000000001
C2Er1,10.0905
Be13Sc1,14.778
Cl1Na1,2.12837
In1Rb1Te2,0.975502
Mn1Nb1P1,10.0886
B3Os2,19.4407
Al16Ir7Sc6,3.37797
B1Nb1O4,19.3308
H2Hf1,2.83377
Er1Tl1Zn1,2.49661
Al1Sc2,9.83719
Au3Zn1,0.4115140000000001
Ga2Pt1,0.441275
C1Dy3Pb1,7.2480699999999985
Os1Se2,5.7884400000000005
Al1Mn1Pt1,4.22074
Sb4Th3,2.4873
Ru9Sb8Zn7,2.34907
Mn1Ni1P1,4.12079
O2V1,19.367
Li3P1,6.095
Al2Dy3,2.15715
H2Pu1,2.37838
Ga12Ho4Pd1,2.32731
Mo3N1Pt2,4.86062
Ni1Sn1Tb1,2.08929
Cs2F6Si1,1.3445200000000002
Cr2Mg1O4,6.62558
Er2Ni12P7,2.77588
Co1Hf1,23.2757
B1Fe1W1,10.6777
Tc2Zr1,0.73542
Ru4Sb12Sr1,2.0338
Cu2In1Zr1,5.51052
Mg2Pt1Si1,4.68921
B1Rh6Ti2,8.01877
Cd1P1Pd5,1.9373
Yb3Zn11,0.854927
Li1N1Zn1,18.7969
Na2Te1,1.74354
Ba1Pd1Sn3,1.40064
W2Zr1,11.6168
Pd2Si1,2.03844
Br1Cs1,0.5877760000000001
Ti1,30.9134
Dy1Hg2,2.04947
Gd1Te1,3.12638
K1P1Zn1,3.58557
Ca1O3Zr1,6.982710000000001
Ca1F2,5.76855
Gd1Mg1,4.67375
Ge1Ru1Tb1,2.29582
Au7I1P10,1.09036
Nb1Rh3,18.9689
Ru3Th7,1.25987
Al1Sc2Si2,8.58911
Ag2Y1,2.25299
Au1F4K1,1.15775
Al2Co1O4,9.259
Al1O4P1,6.164
Cd1Hf1,4.22505
C2Ir1,8.17866
Ag1Dy1Sn1,2.99707
F4Si1,23.3813
Al2Sc1,13.6316
Si1U3,1.70665
Re1Si1,6.0850800000000005
Au1Cl3Cs1,0.5882045
Au1Hf1,5.24308
B1Os1,55.7879
K5Sb4,0.771061
Ca5Sb3,2.04281
B2Sc1,31.6366
B1C5,136.77700000000002
Ca1In2P2,3.1537
Ga1La1Pd2,0.8938280000000001
P2Si1,7.77965
As1Ca3N1,10.5807
Au2Ca1Ge2,1.05432
In2Mg1S4,1.5421200000000002
C1Ir1,13.4162
C2U1W1,2.18577
Ir3Mg3Si8,1.7127
Rh1V3,11.062
Ca1Ir2P2,2.61806
Ir1Th1,2.45036
Li1Pt1,5.6683900000000005
Ge2Th3,3.43381
Cd1O3V1,4.43936
Er2Ge2Mg1,5.16782
Al2Er1Ni1,5.75013
Mg1Mo1N2,27.7483
Cu1Hf2,11.052
Pd1Th1,1.09233
Cr1N1Nb1,26.4276
Li1P1Sr1,6.00183
Cr1K1O2,8.42349
Er1Pt2Si1,2.14183
Ca5H1Sn3,1.56658
La1Mg1Pd1,1.58069
N1Ti2,20.4284
C1Tl1Zr2,10.1859
P1Rh1Ta1,3.56041
Ca1Mn1O2.98,3.30019
Si3Tc5,7.96718
Mg1P1Pt5,2.95894
Cd1Cr2Se4,1.13422
Er1Pt1Si1,3.72015
Er1Pd3S4,0.8965270000000001
O2Ru1,11.7534
C1Sn1Ti2,12.4211
Er1Os2Si2,11.5538
Al1Pd5,0.991279
P1Pt1Tb1,5.77548
In1Ir1Tb1,1.85465
Ca2Ge2Ni3,3.49629
Ga2Hg1Te4,1.70975
Si2Y1,2.03305
Cr1F4Sr1,1.96611
Al1C1Ho3,13.6598
Pd1Sn1,0.677527
Ir1N2,14.3253
Au1Yb1,0.915115
Ni1Sc2,1.85374
Ag1Sn1Tb1,3.04608
Pd2Si3Y3,4.07673
Mg1Se4Y2,1.47244
Ga1Mn1,6.29807
Br6K2Se1,0.6522399999999999
Ge1Mn2O4,4.53693
As1Na3S3,0.917617
U1,6.99915
P1Th1,11.5098
Er1H1,9.44166
C1Ca1O3,5.9987
Hg1Pd1,1.83017
Ga1Rh1Zr1,3.77552
Dy4In1Rh1,1.59805
Al1Pd1Y1,2.29082
Ba1Sn1,2.07477
Cu1Mn3N1,1.04126
As2Ru1,12.0448
Ag1In1S2,1.06485
F2Pd1,1.5178200000000002
Ba1P1Pt1,1.41081
B9Li1,33.5665
Te1Y1,4.51681
Al2Pd1,4.4195699999999984
Nb1Se4,5.70477
Sn1Y1Zn1,2.8673
Dy1Ga3,3.76552
Co1Sn1Tb1,2.79122
Rh3Zr1,14.3826
As1Ti1,6.39553
Ge2Ho2Mg1,4.93397
Cs2Te1,0.151365
Dy1Te1,3.89152
Au2In1U1,0.668838
Ho1Zn1,6.39909
As2Cd1Sr2,2.04813
C2Na2Pd1,5.55321
Au1Zr2,6.88627
H2Th1,1.74416
As2Ho2Ni1,3.77976
Al2Te4Zn1,2.75125
Cl2Sr1,2.01335
Pd3Ti1,6.2836
Rh2Sn1,1.50651
Dy2Se3,2.02021
Ag2Sr1,0.87585
H2Pd1Zr2,4.09036
C1Sc3Tl1,14.2133
As2Cd3,0.540605
Ge1V3,4.65089
Rh1Sn2,2.05974
Mg1Pt1Sb1,2.69491
In8Ir1Yb2,1.07897
Ag2O1,0.017452900000000004
Er1Rh3Si2,11.2776
Ru1V1,10.2948
Na1O4Pd3,1.81151
Cd1O2,2.15515
In2Pd1Yb1,0.963993
K2S1,1.68996
Ho4In1Ir1,1.53946
S1Ti1,11.5142
Cr2Hg1Se4,0.965698
Ga1Hf1Rh1,3.55866
Ga1S8Ti4,6.49192
Tl1Y1,2.14867
Cu1Er1Pb1,2.79132
As2Ca1Cd2,3.53399
Bi1Dy1Pt1,4.35177
Au1Ca1Cd1,0.553511
Cu1P1Sr1,5.57176
Ho1Pt2,4.39595
Bi1Li1Mg1,3.77281
Fe1Nb1P1,12.8386
Rb2Te1,0.705929
Ba1Pt1Sn3,1.52975
Ba1Ru2Sb2,6.45607
Ag2Sc1,2.82917
Ir4La3Sn13,1.03464
Pd1Sb1,1.7239
Li1Tl1,1.49571
Ca2Ge1,2.0691900000000003
Mg1S4Sc2,2.71192
Cd1Dy2Te4,0.684153
Si1V3,8.3227
Ba1Cu2Se2,1.89033
Co2Y3,1.5827
Cu1Mn1Sb1,3.97666
Mg1Pd3,1.9332
Dy4Ga12Pd1,2.3793900000000003
Cd1Cu1Sb1,0.209372
Ga1Ir1Y1,1.32207
O1Yb1,17.4629
Pb0.33S2Ta1,4.45855
Mg2Zn11,0.541201
Dy3Ge4,3.25765
Au4Li15,0.296593
Br4K2Pt1,0.8478889999999999
Al2Ho1,9.71238
O1Pd1,3.0291200000000003
Cu1Ni2Sn1,1.6045
F6Sn2,1.91783
Ge1Nb1Rh1,6.0723400000000005
Al4C4Th1,14.0907
Ca1In2Pd1,1.46322
Be2Si1,22.0436
Co1Sn1Th1,3.4951800000000004
Ge3Ir2Tb3,2.79469
Ba1In2Rh1,1.58386
Co1O6Pt3,4.44125
Au2Ho5Sb1,0.942801
As1Rh2,8.29373
Ru1Tb3,1.6766900000000002
K1O3Sb1,3.13767
Ag1Te2Y1,1.93804
P12Ru4Th1,7.90685
B4Rh4Y1,5.12758
Be5Sc1,32.544000000000004
As4Ge3,3.68437
Al1F3,17.2537
F4Pb1Pd1,0.928124
Ru1S2,8.45479
Au2Nb3,5.45603
Ni2Si1Zn3,1.69983
Pt1Th1,2.22373
In1La2Pd2,1.49168
In1Na5O4,1.32893
Au6In5Na2,0.168054
Pt7Sb1,0.81457
N3Rh1,9.59784
Cd1O2Rb2,0.492799
C1Dy3In1,11.5559
Dy1Mg1Pd1,0.983454
Fe1P1V1,13.0072
Cu1La1Pb1,3.10657
Ni3Ta1,5.7656
In1La1Pd2,1.6728900000000002
Ga1N1,18.5123
Au3Rb2,0.486594
Dy1Tl1,1.86399
Mn3Sb1,2.74435
Al3Ir1,3.62527
Cl1La1Te1,1.67783
Au1Ca1,1.33299
Ca1Pt1Sn1,1.0489
Li1N2P1,22.25
Au2Bi1Tb5,0.843526
Ho1Mg2,1.40506
Cs1F3Sr1,1.72397
As1B1,47.725
Ho1Pt3,4.394419999999998
Al2O3,13.7281
La1Pb1Pd1,1.53292
Al16Rh7Sc6,3.31239
Si2Sr1,5.40423
Cd1Ni4Tb1,2.6792700000000003
As1,7.55152
F3Mn1Rb1,2.75824
Cl6Rb2Ti1,1.17557
N2S1Th2,9.21037
Ce2Ni12P7,2.73303
Ag1C1,0.8682049999999999
Cs2S2,0.646664
Cs3O3Sb1,0.343002
Al1Re2,27.0053
Ho1In1Pd1,1.34196
Er1Ge1Rh1,3.00239
Cd1Na2Pb1,0.720252
P2Rh3,6.1897400000000005
Ca1Te1,6.50296
Cr2Se4Zn1,1.75305
In1Pd2Th2,1.28568
Si1Zr1,13.7277
Al6Re1,6.764760000000001
As1Y1,16.410999999999998
Hf5Ir3,0.8270620000000001
Dy1Sn3,0.986287
Ca1Pd5,2.70005
Ag2Th1,2.79052
B12Er1,37.3744
Ta1Zn2,5.84161
Ge7Ir3,2.59575
Al1Hf1Pt1,3.1894400000000003
Ag1Pb1Y1,1.53505
Mg2Sr1,1.82683
Mn2Sc1,3.32358
Ca3Rh4Sn13,0.406853
C1Ru3Sc1,22.9149
Rh3Si2Y1,12.2862
B6K1,32.3132
Fe2In1Ti1,12.4493
Au1Er1In1,1.87062
Nb1Ru3,16.2367
Te1U1,8.90632
Re1Si1Zr1,14.296
Ru1Th1,3.37183
Ca3O1Sn1,7.7961
Al3Ru2,11.4645
Ge1Mn1Nb1,8.36134
Ca3N2,1.73153
Cd1Mg1,1.51293
Bi1Ir1Se1,2.96507
Si1Ti1,13.932
Ba2Hg1,1.2922
Bi1Pb1Pd2,0.481477
Al1Dy1Ni1,2.79558
Nb1O2,15.7693
Ga1Li1Si1,8.49803
Ca1Ge2Ir2,8.1076
Mn1Ni4Y1,3.17694
Bi1Ca1Cu1,2.4218
As2Os1,12.8316
Hg1Pt3,0.26108000000000003
F10K1Tb3,1.7526
Pb3Th1,0.338472
Ag3As1O4,0.7471439999999999
In1Rh1Y1,1.85101
In2Pt1Sr1,1.4988
Be3P2,16.5215
Ba1Mo3Te3,3.3611800000000005
Ge2W1,7.786119999999999
B4Mo1U1,21.0859
C2W1Y1,9.81682
Be5Co1,30.6414
Cd2Tb1,3.42244
In1Y1,4.24142
Ni1Sb1Sc1,11.4353
Cu1Ge1Hf1,3.76841
H9.975La3.99,2.58759
Ag1Bi1K2,0.517687
Ir2La5,0.719955
F3K1Zn1,4.0117
Bi1Nb3,5.23499
Cd1F3Rb1,1.63605
H1Ta2,10.5731
C2Cu1Rb1,4.80304
Al8Fe4Y1,2.61203
Ga1Zr2,8.19702
Rh1Yb1,4.84541
Th1Zn4,4.2278400000000005
La1Os1Si3,10.9121
C1Co2Mo4,5.62328
Ba1C4O4,5.1593300000000015
As1Gd1,15.3988
Sb1Sn1,1.76885
Nb3Sb1,9.169
Al3B2Ru4,7.868639999999999
Au1Ge1Tb1,3.20744
Pd16S7,0.417194
Er1Pt1Sb1,5.7866300000000015
Bi1Ho1Ni1,6.2441900000000015
K2Se1,1.37295
Ga3Zr1,10.1803
Pd1Sb1Se1,1.29034
B3Nb2,31.8668
Ba1Cu2Sb2,1.59952
Cd1P1Pt5,2.37478
Ir2Si2Y1,15.3048
C1Li4O4,6.5548
Au1La1Pb1,1.90867
Ge3Ir2S3,1.87931
Er4In1Rh1,1.64057
As1Mn1Ru1,4.28864
Se1Ti1,3.4062300000000003
Ir3Si1,7.52045
Al1Er3N1,11.0693
Er1Ga3,4.66657
Ge1Ni2Zn1,2.84281
Pd2Si2Sr1,3.74831
Ba1Te2,1.46276
In2Te4Zn1,1.66508
Ga1Li1S2,1.87859
O3Pb1Ti1,12.3097
Ag2S1,0.372196
Gd2O7Sn2,4.03978
Fe2Si2Tb1,15.1588
B1C2N1,119.645
N2Ru1,22.6549
Al1Cu1Er1,3.69973
