cif_id,target
Dy1Rh2_ICSD_103361,60.3346
Ba1Pt1_ICSD_55492,19.9604
B2Ru3Tb1_ICSD_615370,83.4031
Au2In1U1_ICSD_58512,17.5608
Ca3Co4Sn13_ICSD_619211,22.6237
Al1Pt1_ICSD_58129,74.859
Mo3N1Pt2_ICSD_150314,130.059
Al1Li1Si1_ICSD_152086,55.4704
Ag1S3Ta1_ICSD_74442,32.9161
Al16Pt7Zr6_ICSD_609168,83.1316
Dy1Li1O2_ICSD_422562,62.2611
Al1Au1Er1_ICSD_602607,41.581
Ca1Si2_ICSD_1453,40.0246
F4Pd1Sr1_ICSD_108990,24.4638
C1Pb1Ti2_ICSD_42926,69.6375
La3O7Ta1_ICSD_168909,70.2015
B4Rh4Tb1_ICSD_615322,89.3848
C1Ga1Ta2_ICSD_617926,109.60600000000001
Ga1Ho1O3_ICSD_420711,84.7834
Al3C3Sc1_ICSD_43477,137.85
Er4Ge6Rh7_ICSD_630644,77.711
Ru3Zr1_ICSD_185641,62.9049
Dy2Se3_ICSD_419,34.9565
Ir2Lu1_ICSD_104491,92.1875
Be2C1_ICSD_183009,231.835
Al2Ho3_ICSD_184632,34.0672
P1Ru1Zr1_ICSD_648037,90.61200000000001
As12Os4Th1_ICSD_611145,91.6409
Eu1O3Ti1_ICSD_187101,106.448
Al2Y1_ICSD_186476,60.878
Er3P6Pd20_ICSD_409903,36.001
I1Rb1_ICSD_44619,5.62036
C1Zr1_ICSD_183162,30.2085
K1Na1S1_ICSD_62658,15.7058
Yb3Zn11_ICSD_653480,26.101
B4Fe1_ICSD_425311,177.17
Cl5Cs1Pb2_ICSD_249888,7.976560000000001
Ba1Pt2_ICSD_58675,36.224000000000004
Ca1F6Sn1_ICSD_35713,23.1592
P1Pt5Tl1_ICSD_647975,50.4164
Ca1In2_ICSD_414232,28.4349
Cu1Ti3_ICSD_103130,42.588
C1Nb1_ICSD_183164,76.5578
B1Li2Pd3_ICSD_156465,30.5607
Ba1F4Pd1_ICSD_108991,16.8141
Br1Cu1_ICSD_30091,9.510710000000001
Ga3Hf3Nb2_ICSD_103733,84.6381
Al3La1Pd2_ICSD_105500,49.6809
Ag1In2Na3_ICSD_170868,9.28715
S1Zn1_ICSD_15478,36.0505
Ni1Zn1_ICSD_105470,60.7938
As1Ti3_ICSD_611501,49.0941
O3Tb2_ICSD_27995,61.7629
Al3Zr4_ICSD_150529,79.7546
O1Sr1_ICSD_105548,55.0536
B4H16Hf1_ICSD_35379,5.81964
K1Sb1Zn1_ICSD_12161,17.6499
Be13U1_ICSD_107528,138.3
Ca1Ir2_ICSD_108146,69.5119
Pt1Se1Si1_ICSD_649595,70.3267
B2C2Er1_ICSD_94042,123.236
Mg1Sc1_ICSD_108583,29.1006
Mn2Si2Y1_ICSD_643695,61.8221
Sn2Tb1_ICSD_168671,35.0095
In1Ni2Ti1_ICSD_54596,51.9468
Na1Nb1S2_ICSD_26285,49.6737
O7P2Ti1_ICSD_189807,65.0563
Ag1Er1Se2_ICSD_15302,22.3381
Ru2Si2Th1_ICSD_603984,98.5712
Ge1Ir1Y1_ICSD_636761,44.416000000000004
Al1Cu2Zr1_ICSD_185282,50.4784
Ge3La1Rh1_ICSD_161872,46.1256
Ag1Al1O2_ICSD_160643,34.2327
Mn1Pd2Sn1_ICSD_104945,34.3058
Pt9Sc5Si7_ICSD_420356,72.3739
Au1Ti1_ICSD_612415,50.6617
Ge1O6Se2_ICSD_422884,34.4496
Ge1Ru1Tb1_ICSD_85912,37.3594
F1Ho1S1_ICSD_94475,57.2729
B1N1_ICSD_186248,73.2687
Ho1Te2_ICSD_639765,21.5849
In1Pt2Tb1_ICSD_640312,38.2275
Rh5Tb1_ICSD_105944,76.8101
Mn1Pd1Te1_ICSD_40908,19.2483
Ca1Ge1Zn1_ICSD_52772,40.6894
Ba1Ce1N2_ICSD_74791,51.4339
Ga1In1Te2_ICSD_600687,14.1069
As1Pu1_ICSD_44048,17.994
C1_ICSD_66468,522.474
B2Mo2Ru1_ICSD_601573,149.769
Al2Fe3Si4_ICSD_83665,108.93700000000001
Ba1Te2_ICSD_75555,15.0264
Dy3Ge4_ICSD_84342,50.5958
Ni1Sc6Te2_ICSD_90082,35.0555
Ru2Sc1_ICSD_150514,38.6035
Ge2Th3_ICSD_44503,45.9045
Ba1Ce1O3_ICSD_165826,51.9036
In1Rb1Te2_ICSD_75346,8.38727
Ce1Ir2_ICSD_102194,80.9865
Au1Dy1In1_ICSD_54951,39.035
As1Nb1_ICSD_16585,85.8105
Ge1Nb1Rh1_ICSD_637230,92.1239
B2Nb1Ni1_ICSD_614910,174.75
P1V1_ICSD_42444,90.3895
Ho1Rh1Sn1_ICSD_411821,42.5793
C1Nb4Rh2_ICSD_618493,49.0809
Dy1Ni2Si2_ICSD_630020,70.2294
Cu2Ho1In1_ICSD_102979,37.3804
Bi1Dy1_ICSD_58778,31.9971
F3Na1V1_ICSD_60611,25.5723
Cl1Na1O3_ICSD_1117,12.6469
Cs3O3Sb1_ICSD_279580,6.05069
Ho1Ni2Si2_ICSD_56232,69.8762
Al6Mn1_ICSD_150135,64.8827
Pt2Si1_ICSD_649614,35.313
As2Ba1Cu2_ICSD_236307,26.2641
Ca1Mg1Si1_ICSD_158276,40.9523
In1Na5O4_ICSD_69630,23.276
Dy1Ga3Ru1_ICSD_629734,60.1145
S4Tl3V1_ICSD_16572,9.52593
Ge1Os1Sc1_ICSD_637470,100.54899999999999
Sn1_ICSD_40039,18.3622
O1Pd2_ICSD_77651,9.536489999999999
Bi1Nb3_ICSD_58817,62.2102
In1Ni1_ICSD_59432,44.3364
Bi1Pd1Se1_ICSD_616956,23.570999999999998
Dy1In1Rh1_ICSD_103209,29.3081
Pd1Si1Sr1_ICSD_69791,22.6489
C2La1_ICSD_26587,35.1071
Ag1Zr1_ICSD_163155,39.8318
Au1Ge4Rb3_ICSD_413724,9.105039999999999
H2Y1_ICSD_164604,56.926
Cu2O3Sr1_ICSD_416902,45.8129
As1Mg1Na1_ICSD_402339,19.8993
La1Pt3_ICSD_104701,40.9309
K1Nb1S2_ICSD_26286,47.2397
Mg1Si1Sr1_ICSD_42457,33.0252
Dy1Rh1_ICSD_103359,39.3185
Pt1Sb2Zr6_ICSD_157366,60.9288
Hf1Re2_ICSD_150512,61.2621
As1F6Na1_ICSD_184564,8.79376
Al3Ir1_ICSD_57929,44.8847
Pd1Sr1_ICSD_648963,20.3569
La1N1_ICSD_162195,21.9407
Ir1Mn3Si1_ICSD_151748,60.3405
Ir2Th1_ICSD_104571,77.5074
Pd1Th1_ICSD_105716,22.371
O2Re1_ICSD_154021,133.903
B7Mo3Y1_ICSD_39873,183.072
Ag2Ca1Ge2_ICSD_25316,25.6591
In2Rh1Yb1_ICSD_152048,26.423000000000002
Ag1Al1S2_ICSD_25356,32.5879
Ge13Lu3Rh4_ICSD_636932,58.5454
O7Ru2Y2_ICSD_73799,88.5913
Nd1P1_ICSD_645677,49.8604
In1Li2Pt1_ICSD_106805,20.3129
Au1Cu3_ICSD_150666,48.9293
Pt1Sn1Sr1_ICSD_412012,26.4641
Os2Tb1_ICSD_647822,46.7413
Ba1O3Pr1_ICSD_163755,54.6723
Er1Mg2_ICSD_657544,19.4341
H3Pd1Yb1_ICSD_638422,40.4098
Cu1Sn1Y1_ICSD_416544,50.6166
O7V2Y2_ICSD_160865,95.2391
C1Ge1Ni3_ICSD_77001,54.0073
Al1O2Rb1_ICSD_28373,42.756
Co1Si1V1_ICSD_409847,124.11399999999999
Ca3N2_ICSD_50991,33.9587
K2O1_ICSD_180571,12.534
B2Hf3Ir5_ICSD_44316,120.54899999999999
Hg1Li1_ICSD_104308,15.9154
Se1Tl1_ICSD_652064,10.4321
Ho1In1Pd1_ICSD_153006,28.5965
Co1O6Pt3_ICSD_35338,76.5588
Sn1Y1Zn1_ICSD_152622,43.1132
Ni2O4Si1_ICSD_100544,99.3566
Fe2In1Ti1_ICSD_186056,92.5788
Ho2O7Sn2_ICSD_82961,88.2199
Br1Li3O1_ICSD_67265,35.8611
Cu1Na1Se1_ICSD_12155,20.5919
In1Pt2Sc1_ICSD_59502,38.2277
In1Pd2Tb2_ICSD_54484,34.1857
Si1Sr1Zn1_ICSD_86388,39.3132
Nb3Si2_ICSD_645431,121.10600000000001
Ba1Cd2_ICSD_260668,8.478019999999999
As2K2Ni1_ICSD_300120,12.1975
O2Si1_ICSD_158958,213.42
Pu1Ru1_ICSD_105865,10.0903
K1_ICSD_44669,1.13168
Hf1N2_ICSD_290428,62.8126
N1Tl1_ICSD_186556,36.7279
C2Os1_ICSD_168279,189.06599999999997
Fe1Hf4P1_ICSD_632255,39.3262
Ag1Al1Se2_ICSD_28745,17.6489
Al1Mn1Ni2_ICSD_57976,59.9223
Cr3N1Pt1_ICSD_53142,54.0256
Ho1Os2_ICSD_639530,47.6712
As2O6Sr1_ICSD_420297,56.1952
Ba1Ga2_ICSD_150472,24.1547
Mg1Pt1Sb1_ICSD_44826,28.1234
Re2Sc1_ICSD_105890,71.1585
Ge1O2_ICSD_281600,124.713
Au1Ga2_ICSD_150958,16.3916
P1U1_ICSD_150959,28.4847
Hf1Rh1Sn1_ICSD_638836,49.8145
Er1Ir2_ICSD_630707,90.9509
Cl6Te1Tl2_ICSD_26705,6.13915
K1Nb1O3_ICSD_9533,54.875
O4Pd3Sr1_ICSD_16537,60.5386
As1Ga1_ICSD_41992,41.2214
Sb1_ICSD_52227,18.0475
Pt1Sb1Se1_ICSD_649563,36.6004
Ca1O2_ICSD_20275,45.3686
Fe1Sb1V1_ICSD_53539,62.4419
Bi1_ICSD_52724,16.7406
Cu1Pt7_ICSD_108775,71.1879
O2S1Sc2_ICSD_2450,66.2702
C1N2_ICSD_247677,352.815
Dy3Pt1_ICSD_630113,14.831
Os2Si2U1_ICSD_604008,99.258
Cs1H1_ICSD_53236,6.977530000000001
Bi1Cu1Mg1_ICSD_58774,26.4678
B6Y1_ICSD_54730,64.5407
Er3Ge13Ir4_ICSD_630617,70.6208
Ag1C1_ICSD_183175,13.0009
Ni2Si2Th1_ICSD_18159,81.1328
Li3N1_ICSD_156889,47.23
Al2Ho1_ICSD_57911,59.3047
Er1Tl3_ICSD_103313,10.0798
Be1Hf1Si1_ICSD_108103,118.26299999999999
Pt3Zr1_ICSD_105858,99.2292
S2Ta1_ICSD_24756,19.5886
Cd1Dy2Se4_ICSD_246499,18.0784
Co1P1Ta4_ICSD_624637,110.54700000000001
Ce1Pd1Sb2_ICSD_658218,38.3917
Al3Ni2Th1_ICSD_58061,67.8319
Dy3Os1_ICSD_630049,30.6287
C1Ge1_ICSD_182364,100.99700000000001
La1Rh1Si2_ICSD_602316,50.4507
C1Er5Ge3_ICSD_617665,45.6871
O7Pt2Sb2_ICSD_108965,79.0004
C6Cr3W20_ICSD_617559,122.979
Ho1Os2Si2_ICSD_56234,84.1787
Dy1In1Ni1_ICSD_55846,31.8752
C1Ni2Ta4_ICSD_618567,105.929
Sn1Te3Tl4_ICSD_104191,14.8914
Zn1Zr1_ICSD_181290,46.007
Ir1O2_ICSD_56009,103.21799999999999
C1Mg1N2_ICSD_44110,139.583
Er1Ge1_ICSD_42380,55.3619
Hf1Pd1Sn1_ICSD_106773,53.7398
Ga1Hf1Rh1_ICSD_634326,54.2713
Ag2Ho1_ICSD_58278,25.2027
C1Tl1Zr2_ICSD_618976,77.8054
Al9Ba1Co2_ICSD_606143,63.3263
Ge1Mg1O3_ICSD_160824,49.9828
Mo1N1_ICSD_168365,201.03900000000002
Sb3Y4_ICSD_651736,31.6087
Cl1Na3O1_ICSD_67319,23.2233
Cu6Ga5Mg2_ICSD_240092,37.4998
B2Nb3_ICSD_107319,168.68
Cl6K2Pt1_ICSD_2582,7.17213
Au1In1Li2_ICSD_58497,18.9376
Pt3Zn1_ICSD_105853,51.5397
B1Nb1O4_ICSD_63202,146.953
Ca3Hg2_ICSD_58904,13.0324
Rh1Sc1_ICSD_105919,64.9681
B2Mo1_ICSD_157529,157.993
Au1Sn1Y1_ICSD_415826,40.0362
F3Pb1Rb1_ICSD_49591,15.1974
F6Hf1V1_ICSD_94455,32.833
Cd1Ni4Sc1_ICSD_185106,61.6453
Er1Ga2Pd1_ICSD_600162,47.4018
Cd1Dy1Ga1_ICSD_619800,48.8242
Ru1Th1_ICSD_150820,31.8146
B1W1_ICSD_615689,186.014
As1Na3S3_ICSD_1036,11.7232
Os1Si3Th1_ICSD_647791,62.2178
As1La1_ICSD_106265,40.7637
Al1Dy1Ni1_ICSD_107416,34.4264
As2O3_ICSD_16850,5.17245
Re2Zr1_ICSD_650209,53.8531
Ge1Rh1Sc1_ICSD_637681,73.4556
C1Er3Ga1_ICSD_76818,18.6439
Bi1Mg1Ni1_ICSD_76253,33.1868
N1Ni2Ta4_ICSD_644599,112.971
In1Pd3_ICSD_247188,49.1821
Ni1Pd1Te1_ICSD_419759,37.9144
Er1Ga1_ICSD_602411,45.1956
Ba1Mo3Te3_ICSD_603674,28.5607
P1Sr1_ICSD_26262,26.8692
Ag1Ti2_ICSD_605935,52.3196
Hf1Tc1_ICSD_104277,65.5671
Au2Mn1_ICSD_58549,23.2106
Al2Hf6Pt1_ICSD_261007,63.4816
Pd2Si2U1_ICSD_108867,55.4095
Ga2La1_ICSD_103766,53.1946
O4S1Zn1_ICSD_2456,13.0699
Ge1Hf1V1_ICSD_636594,82.1518
Bi1Th1_ICSD_58860,28.4433
F2Ti1_ICSD_65410,48.388999999999996
La1Se1_ICSD_183943,26.1686
Ca2Sn1_ICSD_58935,17.0323
Ge1Rh1Tb1_ICSD_85993,48.0876
Ag1Er1Sn1_ICSD_183318,36.9027
As1Ca3Cl3_ICSD_36002,25.198
P1_ICSD_169539,82.5913
Li1Mg1P1_ICSD_44807,23.384
N3Tl1_ICSD_25009,8.8854
Sc5Si3_ICSD_23932,69.4282
Sb1Sn1_ICSD_52302,14.8124
H2La1_ICSD_44874,34.2856
Pb1Pd2Y2_ICSD_99189,27.743000000000002
As1Ho1_ICSD_187363,51.3318
Ca1Cu1F4_ICSD_9928,36.2461
Cu2Te2Tl1_ICSD_601653,13.1769
Ir1Sb3_ICSD_15458,60.1191
Ba1Cu1Sb1_ICSD_57020,30.1283
Au1O1Rb3_ICSD_75499,9.45658
Al2Li1Rh1_ICSD_105509,59.0132
N4W3_ICSD_186209,92.9357
Cu1Mn3N1_ICSD_628356,49.6012
C1Ge1V2_ICSD_166031,101.773
S3Sc1Y1_ICSD_23422,33.1475
Hf2Hg1_ICSD_638564,46.6085
Al1Ge1Li1_ICSD_152087,52.4666
Er1Pt3_ICSD_103289,68.508
P1Zr1_ICSD_648315,80.4661
Ho3Sn7_ICSD_174438,29.4414
Ba1Pd1_ICSD_616028,14.8427
B6Hf2Ni21_ICSD_614444,78.3276
Cd1Dy1_ICSD_58962,24.3487
Bi1Rb3_ICSD_616995,5.20349
Ca1O3Ru1_ICSD_162776,75.5187
Br1Tl1_ICSD_109144,5.834280000000001
Cu3Nb1S4_ICSD_108392,22.6395
Mg1Te1_ICSD_168349,21.0926
N1Tb1_ICSD_169205,120.039
Pt1Zr2_ICSD_649886,25.1671
Ga1Mg1Y1_ICSD_160909,48.5785
Al2B1Re3_ICSD_43842,86.5471
Al7Th2_ICSD_58186,51.403
H2V1_ICSD_164603,84.1551
P1Sc3_ICSD_648101,44.1483
Al1Sn3Zr5_ICSD_106250,64.4177
B4Th1W1_ICSD_615588,175.815
N2O1_ICSD_22397,2.7229900000000002
K1O3Sb1_ICSD_77333,73.1922
Bi1Li1_ICSD_58796,10.2563
Hf1Ir1Si1_ICSD_638584,113.70299999999999
Au1S2V1_ICSD_96089,48.1316
P1Tb1_ICSD_43600,58.0501
Ag9In4_ICSD_832,30.6145
La1Mg1_ICSD_104658,22.2898
Pt1Sn1Tb1_ICSD_417533,36.6895
P1Ti1_ICSD_24337,82.8246
Al1Er1Ni1_ICSD_607431,41.6375
Ir1V1_ICSD_104589,121.958
Co1La1Si3_ICSD_624028,69.4464
Au1Mn1Sb1_ICSD_52673,18.2789
N1Nb1_ICSD_185569,211.985
Er1Rh2Si2_ICSD_53411,90.0786
Ge1Rh1Zr1_ICSD_637737,78.03699999999999
Ge1O8Zr3_ICSD_29263,53.3912
Ce1Ge1Ir1_ICSD_414509,44.6418
C1Co2Mo4_ICSD_76136,106.434
Au1Ni4Tb1_ICSD_612229,66.1536
Hg3Yb1_ICSD_639305,11.1421
Co2O7Sb2_ICSD_247302,84.8588
In1Pt4Tb1_ICSD_640311,54.5845
Al2N1Nb3_ICSD_60644,115.382
B4Rh4Th1_ICSD_601578,84.6099
Ho1Pd3_ICSD_104434,59.6179
S2Sc1Tl1_ICSD_418474,26.9692
Pd1Sb2U1_ICSD_50348,39.6809
C1Sn1_ICSD_182365,76.9655
Li1N1Zn1_ICSD_16790,94.4134
Mg1O1_ICSD_101007,117.258
Co4Ge13Yb3_ICSD_623672,44.0664
C1Hf1_ICSD_185992,29.7138
As1Ru1Zr1_ICSD_35593,84.1715
Ca1Pb1Zn1_ICSD_659603,22.9328
Tc1V1_ICSD_106143,125.42200000000001
Al1Cu2Ti1_ICSD_185280,53.151
H3Mg1Ni1_ICSD_187259,36.2196
P1W3_ICSD_648282,98.8105
Er1Rh1_ICSD_103293,45.4771
Cu2In1Mn1_ICSD_102996,33.3533
Al1Ca1Si1_ICSD_155192,39.781
Ag1Dy1Mg1_ICSD_657937,13.7627
C1W1_ICSD_185994,38.3378
Ge2La1Pd1_ICSD_636826,37.0087
Ru1Ti1_ICSD_106004,118.512
Nb2O6Zn1_ICSD_36290,65.8887
Cd3P2_ICSD_181135,22.3718
Ga3Hf5_ICSD_103730,65.4307
K1Na2Sb1_ICSD_44332,13.4604
La1Tl1Zn1_ICSD_642075,38.9876
Co2Sn1Zr1_ICSD_102687,56.3832
Mo1Pt3_ICSD_161108,84.5151
As1Ca3N1_ICSD_657354,45.0625
Os1Ti1_ICSD_105572,136.981
Fe1Nb4P1_ICSD_632795,91.655
Ca1F2_ICSD_51239,28.2117
Mg1Pd3_ICSD_153055,36.8473
Hf2Rh1_ICSD_638828,42.0298
Ca1Si2Zn2_ICSD_59649,40.7795
Re2Tb1_ICSD_650152,33.0189
Fe1Ga2Hf6_ICSD_631770,52.9145
In2Mg1S4_ICSD_53096,25.1646
La1Rh1Si1_ICSD_641749,20.3158
In24S32_ICSD_640361,13.4895
N1Os1_ICSD_167514,183.873
Rh2Si2Y1_ICSD_602257,90.0265
Nb3Te4_ICSD_16606,37.6969
Na2Ni1O2_ICSD_14159,29.7987
As1Cd1K1_ICSD_609963,17.3694
Ir1Nb1Si1_ICSD_411882,127.647
Ca1Si3_ICSD_263004,45.006
Ho1Ru2Si2_ICSD_55764,79.7574
Ca1O3Si1_ICSD_240406,150.41899999999998
Ge1Pd2Y1_ICSD_637566,39.5164
C7V8_ICSD_22177,172.68200000000002
Er1Ir1_ICSD_103257,53.2223
Ca2I1N1_ICSD_65216,32.2018
Ba4Bi3_ICSD_96943,12.0714
B4Ir3Zr1_ICSD_614583,112.19200000000001
Co2Mn1Sn1_ICSD_102531,43.0989
Ir1P3_ICSD_23713,114.53399999999999
Li1Ru1Sn4_ICSD_412250,41.974
Be13Sc1_ICSD_616416,116.103
Si2W1_ICSD_26869,186.315
O4Si1Zn2_ICSD_167188,52.8536
Be2Re1_ICSD_58732,173.891
Ce1O2_ICSD_156250,76.6165
In1S3Sb1_ICSD_300207,13.8149
Ag1Ca1P1_ICSD_10016,40.6839
Ir3W1_ICSD_641166,193.313
P2Si1_ICSD_185351,77.1816
F6Sn2_ICSD_33786,18.147000000000002
Co1Dy1Ge1_ICSD_601865,55.6128
I6Rb2Te1_ICSD_36009,3.28926
Be1Ta2_ICSD_58738,123.594
Al4In3Sr11_ICSD_159149,14.2046
H2Mg1_ICSD_168832,39.6148
Pb2Pt1_ICSD_54316,17.6768
Cu1Sb2Ti5_ICSD_159248,48.5542
N2Os1_ICSD_240758,221.083
La1Mg1Tl1_ICSD_414439,29.6861
Ir2Si1_ICSD_640995,109.37200000000001
Nb3Si1_ICSD_645413,75.2371
B1In1Sc3_ICSD_44421,54.5727
Al4Ni3_ICSD_58042,86.1635
Au1Ho1Pb1_ICSD_58487,30.4586
Ru1Sb1Ti1_ICSD_107127,39.7538
C2Na2_ICSD_28066,13.4149
Au1La1_ICSD_612101,18.5581
Ge2La1Ru2_ICSD_55927,62.8995
Pd3Tb1_ICSD_105711,57.455
Ho1Pt1Sb1_ICSD_56237,48.1004
Er1Pd2Si2_ICSD_53408,53.388999999999996
Mg1Ni2Sn1_ICSD_104842,45.5282
Al2Th3_ICSD_58183,27.1579
Ge1Ni2Zn3_ICSD_52179,41.0417
K3Sb1Te3_ICSD_300182,5.4716
Pt3Sn1_ICSD_105795,50.2504
Au1O2Y1_ICSD_95675,28.7946
Al1Bi1O3_ICSD_157549,115.82600000000001
Sb1Y1Zr1_ICSD_107067,38.6074
Rh1Sn2_ICSD_650384,40.8926
Pt3Tb1_ICSD_105808,63.2502
Au1Ba1_ICSD_611634,13.9001
As1Ba1Pt1_ICSD_59192,23.1446
Ca1Pb1_ICSD_58918,19.9291
B12Hf1_ICSD_614421,192.287
Ni1S1Sb1_ICSD_38843,49.2501
Au1Zr2_ICSD_108025,44.9212
Li1Nb1O2_ICSD_300243,103.561
Ga2Hg1Te4_ICSD_53575,15.9477
Ag1Dy1Te2_ICSD_154794,20.3957
Nb1Pt1Si1_ICSD_90433,80.5312
Al2Zr1_ICSD_609713,86.5333
Ho1Pt1Sn1_ICSD_104444,50.9837
Ir3Mo1_ICSD_104506,187.62
As1Ti1_ICSD_44074,57.5637
Dy4Sb3_ICSD_630229,32.118
S4Zr3_ICSD_651475,15.8185
As3Co1_ICSD_31111,81.6127
Er1Pd1Sn1_ICSD_657627,31.4147
O1Ti3_ICSD_23575,48.3095
Ge3Ta5_ICSD_44744,104.87200000000001
B8Nb7Ru6_ICSD_263041,168.042
Sb1Th1_ICSD_52316,26.9153
Au1Rb1_ICSD_58428,8.062330000000001
S4Y2Zn1_ICSD_651411,30.2745
Ga3Hf1_ICSD_103728,77.3425
Cd1La1_ICSD_102003,18.952
Dy2O7Ru2_ICSD_78151,89.74799999999999
Os4Sb12Sr1_ICSD_658734,46.2937
B12Yb1_ICSD_603063,185.138
Ba2O4Zr1_ICSD_39707,55.9163
La1Tl1_ICSD_104730,15.3247
Fe4O11Sr4_ICSD_249007,68.8482
Gd2O7Zr2_ICSD_160158,68.4787
Er1Ga1Ir1_ICSD_630550,34.2449
Cd1Ho2S4_ICSD_246501,23.1596
In1La1Rh1_ICSD_51957,28.4032
N2Sr1Ti1_ICSD_85770,50.3323
Al3C3Ho1_ICSD_606218,137.847
Ge3Pu1_ICSD_157520,64.6542
N3Rb1_ICSD_25007,9.32047
Au1F4K1_ICSD_10327,9.99142
Er1Os2_ICSD_630902,48.5468
B4Cr1_ICSD_24353,250.83900000000003
Cu1Mg1Sb1_ICSD_412294,32.6522
C1Ga1Sc2_ICSD_160379,56.0225
Fe2Re3_ICSD_108565,130.985
Al2Hg1S4_ICSD_25635,22.2437
Tc1Ti1_ICSD_106142,61.0762
As1B2P1_ICSD_181293,141.984
F3Mg1Na1_ICSD_171813,42.3804
Bi1Ca2_ICSD_42136,22.0317
Ge1_ICSD_53643,33.0546
Er1Ga1Pd1_ICSD_54592,23.9416
Co1Mo1P1_ICSD_2421,102.795
Al2Sc1_ICSD_186475,66.5687
Li1Pd2Tl1_ICSD_54365,32.3919
In1N1_ICSD_157514,53.9477
Al2Hg1Te4_ICSD_25641,15.8941
Ag2Ge1Li1_ICSD_85307,21.5575
Ge1Mn3_ICSD_97743,34.1754
Fe1V3_ICSD_634028,49.8853
Gd1Hg1_ICSD_104046,22.2436
Al8Fe4Y1_ICSD_240140,39.8976
O3Sn1Ti1_ICSD_186724,88.0491
Ge2Pt2Th1_ICSD_53888,42.2438
Cs1N2Nb1_ICSD_72546,30.5551
La3Pb13Rh4_ICSD_641650,31.8995
As1Li1Mg1_ICSD_107954,37.6606
Ca5In2Sb6_ICSD_36467,19.8891
Ir3Ta1_ICSD_104566,209.468
Ag1Te2Y1_ICSD_154792,19.4934
N2Re1_ICSD_290438,95.4035
Co1Er1Si2_ICSD_622852,64.646
F1S1Y1_ICSD_2597,34.0342
Pd3Y1_ICSD_105743,56.9067
Ge2Th1_ICSD_56046,47.5316
O2Tb2Te1_ICSD_89564,39.9971
Al1La1O3_ICSD_153831,130.07299999999998
Rh2Sr1_ICSD_105937,35.1874
Al1Er1Zn1_ICSD_607444,50.5482
Ba1Cd1_ICSD_58642,13.7644
C1Dy3In1_ICSD_56400,59.957
Ga2Zr3_ICSD_104042,66.3969
As2Zr3_ICSD_611611,61.961000000000006
As1Dy1O4_ICSD_16512,56.0443
Cu1Ga1Pt2_ICSD_102928,58.7807
Ho1Mg2_ICSD_55550,16.3605
Ba1_ICSD_52679,3.85914
O2Ti1_ICSD_93098,70.4237
Hf1La3Sb5_ICSD_83906,31.5132
O3Sn1Sr1_ICSD_153532,81.3785
S1Sn1_ICSD_52107,30.9299
As3Ir1_ICSD_15457,84.4634
Al1Ge1Sr1_ICSD_166379,34.8867
Al1C1Er3_ICSD_43849,65.4864
Ag1La1Mg1_ICSD_657932,13.450999999999999
Ni2Sn1Zr1_ICSD_105383,50.9363
Cu1Se2_ICSD_243,24.6774
Pa1Sb2_ICSD_648339,41.3062
Al2Y3_ICSD_247100,34.7055
C2Co1Th1_ICSD_601561,90.1388
C1Er1Rh3_ICSD_108131,79.8946
Ga1P1_ICSD_67772,51.0589
O1Pd1_ICSD_185482,37.7032
Hf5Sn3_ICSD_104273,43.5897
B1Sc3Sn1_ICSD_167912,66.8349
Dy1Ir2Si2_ICSD_57230,108.023
Rb1Sb1_ICSD_14030,4.96954
Cu4In1Tb1_ICSD_152559,48.9274
Ga3Pt2_ICSD_103926,40.3165
Ba3O1Pb1_ICSD_100791,24.4138
N1Th1_ICSD_44388,85.9167
Br4K2Pt1_ICSD_6063,5.88687
Ba1Cu2Se2_ICSD_89576,23.293000000000003
Ni1Si1_ICSD_187621,50.7458
Cu1La1Si1_ICSD_30759,46.1303
Nb2O7Sn2_ICSD_163817,97.4137
Be3N2_ICSD_412667,186.533
Gd1O1_ICSD_24981,44.0226
Cu1Li2Sb1_ICSD_181259,33.1936
Bi1Li3_ICSD_58797,21.715
Cd13K1_ICSD_415885,26.0962
H1In1O2_ICSD_166257,76.3249
Ag1Er1Si1_ICSD_605116,56.2685
Ni2P2Tb1_ICSD_646159,88.9996
Cd1Er2Ge2_ICSD_424177,49.104
Cl3Cs1Pb1_ICSD_181780,9.40627
Er1Tl1Zn1_ICSD_631211,39.9221
In1Y2_ICSD_108567,26.781
B6Os1Y2_ICSD_603494,189.459
Cu4Ni1Yb1_ICSD_628598,37.0204
C1Li2O3_ICSD_96485,46.468
Al2La1_ICSD_57933,45.2709
Pb3Tb1_ICSD_105629,8.65957
Er1Te2_ICSD_631180,19.3035
N1Ru2Zr4_ICSD_644658,70.5462
Cr1O2_ICSD_185888,111.369
Au1Sn1_ICSD_56262,15.5035
B1Ti1_ICSD_24701,184.565
F3Rb1V1_ICSD_28146,35.317
Cd1O3V1_ICSD_172795,80.7609
Eu1Se1_ICSD_183958,18.3736
Al2Zr3_ICSD_58231,54.5936
Cd1Cu4Yb1_ICSD_415198,18.1119
Ni2Sc3Si3_ICSD_65760,78.2249
Cd1Na2Pb1_ICSD_102033,10.6925
C1Mn3Zn1_ICSD_150829,45.7223
Er1In1Zn1_ICSD_630703,42.5958
Cd3Zr1_ICSD_102093,28.6887
Ba1Sn1Zn1_ICSD_106317,24.4352
Ag3P1S4_ICSD_416585,12.5931
Ru1S2_ICSD_24186,114.928
Au1Ga1Zr1_ICSD_156264,55.263999999999996
Mg1S1_ICSD_159401,18.4643
Pb0.33S2Ta1_ICSD_74693,42.2101
Hf2Pd1_ICSD_104255,53.6409
Cl6Cs2Se1_ICSD_26693,5.11528
Ca5H1Sn3_ICSD_165190,23.6587
Al1Au1O2_ICSD_95663,68.0651
Dy1O4V1_ICSD_152693,49.8372
Ge1Mn2O4_ICSD_22046,68.949
B2Ir1V2_ICSD_601555,159.556
Mn1N3Sr3_ICSD_80772,31.7285
Ba1Cl2_ICSD_2191,12.4996
Pt1S1_ICSD_31131,33.7512
Ag1As1Ca1_ICSD_10017,36.0368
Au7I1P10_ICSD_12162,33.8229
C1Sc1_ICSD_181047,69.843
Rh3Zr1_ICSD_105984,110.29700000000001
La1Mg1Pd1_ICSD_657924,21.7619
Ca1Ge1N2_ICSD_23523,50.2937
Ru1Sb1V1_ICSD_107124,50.0378
O2Rb2_ICSD_180560,11.1826
Ga1Hf1Pt1_ICSD_156268,73.5992
Ge1I3Rb1_ICSD_40216,10.2275
Os1Se2_ICSD_647769,105.04899999999999
Dy1Pd1Tl1_ICSD_103353,21.456
Ga2Os1_ICSD_103785,100.667
Au1Cd1_ICSD_151399,13.6564
Ho1Ir2_ICSD_104416,89.4601
Ca3Ga5_ICSD_58894,34.055
O7P2Th1_ICSD_246234,29.2652
Ag1Cl1_ICSD_56542,10.3287
Cl4Th1_ICSD_26197,15.5096
Cu3S4V1_ICSD_1414,22.6246
B2C2La1_ICSD_94035,114.415
In2S4Zn1_ICSD_15637,30.5168
Al1Ta2_ICSD_107888,55.4775
Ho3In1N1_ICSD_98505,66.3803
B2Pd5_ICSD_43513,48.983000000000004
Tc2Zr1_ICSD_423221,17.6828
C1Ga1Y3_ICSD_56396,61.5448
Hg2Th1_ICSD_104352,33.2413
Ca1In2P2_ICSD_260562,36.5709
Au1In1Tb1_ICSD_54948,38.5522
B1La1Pt2_ICSD_98425,36.0648
Te1Yb1_ICSD_106154,23.848000000000003
As1V3_ICSD_44084,100.619
B2Ta3_ICSD_107320,179.39700000000002
Pt3Sc2Si2_ICSD_247425,84.9429
Au2Er1In1_ICSD_58449,20.2433
Se3Sn1Tl4_ICSD_651938,15.2762
Mo1Zn6_ICSD_260686,44.8611
C2Cr1Sc1_ICSD_80374,103.456
La1Rh1_ICSD_641721,22.6216
Ge1La3_ICSD_603211,16.7737
C1Pb1Sc3_ICSD_77235,70.4854
Bi2Pd3S2_ICSD_159366,15.5591
Dy1Pd1Sb1_ICSD_630088,32.834
As1C1V3_ICSD_25761,66.7581
B7Mn1Y3_ICSD_614789,145.111
Cl6K2Tc1_ICSD_22096,6.8547899999999995
Au2Nb1_ICSD_58558,59.4529
Bi1O4V1_ICSD_100733,37.4898
F3Mg1Rb1_ICSD_49585,41.3677
Dy1Ga1Pt1_ICSD_629731,29.7153
Bi2Th1_ICSD_617224,26.9177
Al3Er1Ni2_ICSD_55529,70.9294
Cu1Zr1_ICSD_167595,32.6936
Au1Ga1O2_ICSD_95666,53.625
Dy1Pt2Si2_ICSD_103358,41.3417
Eu1S1_ICSD_183948,34.3206
Cd1Sb2Sn1_ICSD_44259,17.528
Li1Mg8Si4_ICSD_181249,32.0125
Er1Sn3_ICSD_103305,9.55377
Cu1Ga1Te2_ICSD_28738,23.3751
Cd1Yb1_ICSD_102088,21.1117
Mg3P2_ICSD_24489,39.8045
Be1O1_ICSD_15620,155.59
O1Pb1Yb3_ICSD_413389,42.4208
Ag1K1O1_ICSD_24818,12.2646
Cu1Ho1Sn1_ICSD_627988,46.0022
Hf1Os1Si1_ICSD_638753,117.88
Al1Mn1Pd2_ICSD_57981,33.5524
Be1S1_ICSD_52719,83.8146
Ge1Mn1Yb1_ICSD_95004,36.8614
Bi2O7Ru2_ICSD_163387,71.6833
H3Li1Sr1_ICSD_23978,9.997630000000001
N1Y1_ICSD_161077,33.3146
N1Sn3Zr5_ICSD_656291,65.7218
P1Y1_ICSD_160144,57.9882
Cl2F12Pb7_ICSD_10402,15.4356
F2Zn1_ICSD_20364,39.4757
Nb5P1Si3_ICSD_165098,79.2017
Ni1Sc1Si3_ICSD_41832,82.0895
Dy1Ge1Li1_ICSD_601244,47.6093
N1Re1_ICSD_181300,213.582
La1Zn5_ICSD_104736,33.3197
Hf3Si2_ICSD_53041,90.62100000000001
Al1Y1_ICSD_247101,35.8292
Ni1P1Rh1_ICSD_646131,65.2443
As1Rh1Ti1_ICSD_44052,74.0194
C2Re1_ICSD_184664,222.34400000000002
Cr1Si2_ICSD_71499,166.104
P2Ru2Y1_ICSD_602128,101.024
Ni1Sb1Yb1_ICSD_105332,16.0426
In2Li1Pd1_ICSD_106803,26.4754
Ce1Zn1_ICSD_102303,29.9636
Au2Th1_ICSD_15444,36.9856
B2Re1_ICSD_162271,270.047
Ag8Ca19N7_ICSD_410819,20.849
Ca1Tl1_ICSD_58941,16.1318
C1Si1_ICSD_164970,185.135
Br1O1Rb3_ICSD_77196,10.0861
Ag1Be2_ICSD_57347,82.9779
Al1N1_ICSD_181066,118.837
Al1Tb3_ICSD_58173,30.0666
Y1Zn1_ICSD_653454,29.2814
B6Ni20Sc3_ICSD_615002,75.4675
Si3Tc5_ICSD_652383,105.605
Ca1In1_ICSD_58905,19.1404
Ga1Mo3_ICSD_103816,111.204
Cr2Mn1O4_ICSD_167400,61.9419
In1P1_ICSD_53104,36.5826
Ba1O3Pa1_ICSD_61315,30.3948
Hg1Tb1_ICSD_104348,17.6505
Pd1Sb1Te1_ICSD_93906,28.432
Mg1Pd1_ICSD_104847,29.5283
As2Ge1Mg1_ICSD_182368,25.6439
Ca1Mn1O3_ICSD_168906,56.7275
P1Rh1Zr1_ICSD_648009,102.31200000000001
N3Ta1Th1_ICSD_247345,135.49200000000002
Nb3S4_ICSD_645317,50.7169
Ag2Si2Sr1_ICSD_25330,39.0043
Al2Yb1_ICSD_58222,43.146
Cd1La1Tl1_ICSD_620091,25.4621
Ru3Ti1_ICSD_185635,71.4223
Cu3Nb1Se4_ICSD_628478,20.0001
C2Ho1Ni1_ICSD_618096,101.074
Ca1Ir1Si3_ICSD_180961,44.0665
Pd16S7_ICSD_32053,24.1884
Ca1Ge2Ru2_ICSD_52761,48.7204
F3Y1_ICSD_26595,33.2853
P1Yb1_ICSD_57163,18.2715
In1Mn1Pd2_ICSD_51988,32.3854
Mg4P6Rh7_ICSD_94390,72.4885
Dy1Pt1Si1_ICSD_630134,62.2755
B1Tc3_ICSD_615555,141.16
Ir1Te2_ICSD_641087,55.0072
Nb1Re1Si1_ICSD_645257,125.41
La1Te1_ICSD_183953,34.8736
O4P1Y1_ICSD_184543,61.3946
Ba3Cr1S5_ICSD_97539,20.3762
Al2Ir1Li1_ICSD_105155,61.6907
Dy1Si2_ICSD_150663,22.6709
Al4C4Th1_ICSD_81573,99.7216
Al1Re2_ICSD_58147,137.619
Ag1Ti1_ICSD_605934,44.4517
Ga1Li1O2_ICSD_18152,47.43899999999999
Au2Bi1_ICSD_52284,26.5625
In2S5Zn2_ICSD_42443,21.6378
Cu1Li2Sn1_ICSD_103043,29.7138
Ba1Pt1Si3_ICSD_174267,53.5623
Re1Ti2_ICSD_168953,77.459
Cu1Sb1Se2_ICSD_30358,19.7591
Cu2Li1Si1_ICSD_15128,49.6448
O2Sn1_ICSD_181282,33.2791
Nb1Ru1Sb1_ICSD_83929,68.382
Ag2Ca1_ICSD_417225,14.6922
Ru5Si3_ICSD_650615,116.588
Se4Ta1Tl3_ICSD_52431,7.30807
P1Ru1_ICSD_648015,97.9619
Ir2P1_ICSD_640898,108.604
Mo1O2_ICSD_644069,93.9215
As2Ba1Ru2_ICSD_165119,41.1028
Ho1Si1_ICSD_154701,68.2332
Ir5La1_ICSD_104485,86.1616
Cs2F6Ge1_ICSD_35547,5.17877
Ni2P2Zr1_ICSD_76679,52.6609
La1Rh2_ICSD_104705,45.6168
Pb3Yb1_ICSD_105646,18.7323
Rh4Sn13Th3_ICSD_102356,38.8649
Ba1H1I1_ICSD_37203,13.8549
In2Pd1Yb1_ICSD_410437,24.5413
F2Xe1_ICSD_260950,4.47715
Be1Co1_ICSD_150619,117.704
Ba1Pd1Sn3_ICSD_58673,20.4327
Bi5La3Mg1_ICSD_415727,14.207
Be2Cs1F5_ICSD_2801,4.88564
Cu1Si1Ti1_ICSD_629204,74.0944
Cu2Er1Si2_ICSD_106845,73.8821
B1Tc1_ICSD_168900,90.7762
Cu9In4_ICSD_106556,41.3823
Fe1Nb1Sb1_ICSD_83928,79.4436
Bi1Y1_ICSD_58869,30.6014
Pd3Sn1_ICSD_105689,47.637
Ag1Al1Te2_ICSD_28746,15.4393
Ge1Ni1Zr1_ICSD_637451,80.9198
H1Si3Y5_ICSD_638464,57.2238
In1Mn1Ti2_ICSD_189700,12.6885
La1P2Rh2_ICSD_641632,69.0793
Li1Nb1S2_ICSD_26284,58.3328
Ca1S1_ICSD_186785,38.9633
Cl1La5Sn3_ICSD_95238,31.2423
Er3F10K1_ICSD_418210,48.093
Ru1Sb2_ICSD_42608,78.902
Ag1Sc1_ICSD_58348,31.2594
Nb1S1_ICSD_44992,93.9336
Au2Ba1_ICSD_181532,17.8049
C1In1Pt3_ICSD_77040,18.5802
Cd1S4Y2_ICSD_620370,22.9125
Ba3Bi1N1_ICSD_152055,10.8174
C2Co1Ho1_ICSD_617411,92.8254
Mg1Ni2Sb1_ICSD_104841,46.1602
Al1Sc2Si2_ICSD_52653,68.0774
B12Zr1_ICSD_23861,202.752
Be1Rh1_ICSD_58734,92.2128
Cu1Mn1P1_ICSD_72411,38.7041
C1Re1_ICSD_185988,157.79399999999998
Ho2Ni1Sn6_ICSD_639513,34.4084
Nb3Rh1_ICSD_105216,89.1622
Ge2Sc1_ICSD_637830,50.9662
Mn1Rh1_ICSD_104960,64.1408
Ag1In5Se8_ICSD_35597,13.1466
Hg2Y1_ICSD_104368,30.226
Al1C1Zr2_ICSD_157761,92.473
Rh1Sb1Tb1_ICSD_51842,40.9145
Er4Fe1Ga12_ICSD_248000,47.8359
P1Ru1Ta1_ICSD_648031,117.055
Al2Er1Ni1_ICSD_57778,51.5808
Sb3Tb4_ICSD_651604,31.9632
Bi3Sr1_ICSD_58858,12.5029
As4Mo5_ICSD_610956,88.2622
Al2S4Zn1_ICSD_15377,46.6202
Rh3Ti1_ICSD_105955,123.083
C1Na4O4_ICSD_245408,14.6118
Al3Yb1_ICSD_58224,53.5418
Rh2Si2Th1_ICSD_650332,94.9877
Ga2Pt1_ICSD_103925,13.5414
Ba2Si1_ICSD_41755,12.027999999999999
B6Ni20Ta3_ICSD_615021,88.9151
N2Sb1Th2_ICSD_16062,26.9478
Cu1Hf1Hg2_ICSD_102969,15.6848
S2Sr1_ICSD_23640,27.4717
Ba2Sn1_ICSD_416562,10.3423
As3Rh1_ICSD_611268,71.0397
Ba1Li1Si1_ICSD_42890,17.3784
N1Tc3_ICSD_182010,172.606
In2Se4Zn1_ICSD_25647,18.0018
Au2In1Tb2_ICSD_658837,29.6879
Cl4K2Pd1_ICSD_23997,7.31318
Ir1Sn2_ICSD_641054,28.2173
C1Lu3Sn1_ICSD_56407,71.7827
Ge1Y1_ICSD_42948,54.7054
Ag1Er1Ge1_ICSD_605108,51.3682
Al1Ho2_ICSD_57910,31.4079
Rh1Sb1U1_ICSD_52068,29.4027
Ga1La1Pd2_ICSD_656959,26.9956
Ge1Li1Rh2_ICSD_417739,91.9475
N2Pt1_ICSD_169857,187.58700000000002
K1O3U1_ICSD_44521,66.0742
Pt1Si1Y1_ICSD_649647,62.8864
In1Pd2_ICSD_417907,32.5684
Nb1Rh1_ICSD_105213,71.6647
Ca1Pt1Si1_ICSD_63555,22.8374
Na1Nb1O3_ICSD_23563,104.03399999999999
Al1C1Ho3_ICSD_43856,61.4448
Al3V1_ICSD_151104,97.4769
Al16Os7Zr6_ICSD_609018,67.4341
La1Pd2Sb2_ICSD_604351,26.6863
Ag1Br1_ICSD_56549,11.0564
Ba1Pd1Si1_ICSD_616034,24.1605
Bi2O2Se1_ICSD_411143,29.3365
C1Li4O4_ICSD_245390,31.2539
Au1Ta3_ICSD_58599,59.4105
Mo1Ni1P2_ICSD_644023,107.23100000000001
B1In1La3_ICSD_107021,25.9459
Al2O5Si1_ICSD_100395,89.04299999999999
Al16Ir7Sc6_ICSD_608246,72.7309
Au1Si1Th1_ICSD_75032,61.3441
Gd1S1_ICSD_104130,46.2202
Dy1Ru1Si1_ICSD_88065,49.2356
As2Ho2Ni1_ICSD_68142,50.0044
Cd2O7Ta2_ICSD_27123,83.8562
C1Rh1_ICSD_181773,66.1628
Co3S4_ICSD_106489,46.943000000000005
Si1Sn1_ICSD_184676,35.269
Au1Cd1La1_ICSD_411543,16.4012
I1K1_ICSD_61555,5.80901
Na1O3Sb1_ICSD_98978,94.6484
N1Ta1_ICSD_1396,179.687
Co1N3_ICSD_162106,213.668
Ca2H1N1_ICSD_292,39.7447
B1S3Tb1_ICSD_710042,27.1017
Ce1Fe4P12_ICSD_52852,126.25200000000001
La1Pb1Pd1_ICSD_657940,31.5717
C8Cs1_ICSD_74641,64.5218
Fe2Ta1_ICSD_633781,48.1223
Ce1Ga1O3_ICSD_76048,22.4318
C2Cu1Rb1_ICSD_391118,14.2714
Al2Ni1Zr6_ICSD_160911,51.8881
Al8Mo3_ICSD_58001,103.262
Al2Mg1_ICSD_608412,19.0372
Au2In1Ti1_ICSD_58510,17.8105
Ir1Mn1Si1_ICSD_246548,71.4828
C2Co1Tb1_ICSD_57006,91.0653
Ir1Si1Ta1_ICSD_411884,129.53799999999998
Au1Th1_ICSD_601380,23.0615
As1Br3Ca3_ICSD_426,22.4937
Cu1Ge6Ho2_ICSD_627702,55.1019
C1Ga1Nb2_ICSD_167969,109.92299999999999
Ba1Cu2Te2_ICSD_51444,21.3826
Hf1O1S1_ICSD_23327,58.5289
H1Se1Y1_ICSD_72008,62.772
Er3Sn7_ICSD_174439,28.995
Al1K1O2_ICSD_262975,38.3929
Cu3Se2_ICSD_16949,17.6842
Li2O5Si2_ICSD_15414,48.8179
Ag1Mn3N1_ICSD_52592,29.2627
Al1Ho3N1_ICSD_608196,69.4905
Si1Sn3Zr5_ICSD_656294,70.9438
B2Hf1_ICSD_167820,244.497
Cd1Co1La4_ICSD_419067,18.1381
Ge1Ho1Ir1_ICSD_636629,62.8991
H3U1_ICSD_26592,68.3144
As1Be1Na1_ICSD_100091,33.7987
Rh2Y1_ICSD_105974,59.4382
Al1C1Tb3_ICSD_606265,11.9888
Ga1La1Zn1_ICSD_634520,44.0985
F4Nb1_ICSD_23949,27.5284
Co1O3Sr1_ICSD_184078,62.6012
Cu3Ho3Sb4_ICSD_658644,50.3684
Cd2Ge2Sr1_ICSD_25331,10.3886
Cl4Pd1Tl2_ICSD_89601,6.90377
O2Zn1_ICSD_60763,77.3245
Sc1Te1_ICSD_262042,29.7538
Mo1Si2_ICSD_182116,147.733
Dy1Ge1Ru1_ICSD_85914,44.6081
As2Zr1_ICSD_20292,32.2965
Mn1S4Sc2_ICSD_100832,26.021
Mg1O3Si1_ICSD_41659,156.695
Mn3Sb1_ICSD_163333,30.1232
Ce1Ge3V1_ICSD_164892,65.7851
Ge12Pr1Pt4_ICSD_174554,21.7107
In2Sr1Te4_ICSD_41167,12.3909
Au2Ho1_ICSD_58481,36.7489
Ba2Si46_ICSD_94262,50.1495
Ho1Pt2_ICSD_639606,69.3055
Re1Si1Ta1_ICSD_650119,119.149
B7W1Y3_ICSD_39663,148.518
Ru1Sb1Ta1_ICSD_107123,72.1649
C1Mo1_ICSD_618300,234.593
Fe1Hf1P1_ICSD_86280,84.4307
Er1In1Pt1_ICSD_103254,31.1904
Y1_ICSD_43588,28.96
Ag2Ba1Sn2_ICSD_25332,21.6225
As2Os1_ICSD_42610,119.29899999999999
Au2Ge2Th1_ICSD_52670,15.8982
Dy2Tl1_ICSD_103378,23.4387
Ag1Cu4Nd1_ICSD_605036,29.511
In3La1_ICSD_51952,29.2158
Cu1Sb1Yb1_ICSD_83982,35.7477
O7Pt2Tl2_ICSD_22215,84.9562
La1Sb2_ICSD_641892,24.5511
K2Se1_ICSD_168448,9.12565
F6V1Zr1_ICSD_73354,31.3525
Pt2Y1_ICSD_105843,69.3642
Fe1Te2Zr6_ICSD_82530,61.4032
Er1Pt1_ICSD_630978,35.7868
Ag1Ho1_ICSD_104474,27.4957
Er1O4P1_ICSD_15670,66.1798
Si1Tc1_ICSD_652380,111.01799999999999
Ag1Cu4Er1_ICSD_605007,20.4985
Si1U3_ICSD_27036,24.1499
Pd1Zr2_ICSD_105758,46.4699
Er1Tl1_ICSD_103310,23.5843
Li3O4U1_ICSD_109090,65.6852
Ba1Hg1Sn1_ICSD_106311,20.7463
Al1Au2_ICSD_606020,23.4401
Ce1Os2_ICSD_621728,33.0345
Au2Nb3_ICSD_54403,59.473
O3Se1Sr1_ICSD_419386,19.0344
C1Re2_ICSD_180376,256.279
Ag1F3K1_ICSD_189150,14.4963
C1Pa1_ICSD_108177,77.7165
H3Y1_ICSD_180317,56.9664
As1Sr2_ICSD_44066,22.206999999999997
C1Cr1_ICSD_181709,224.94299999999998
La4N2S3_ICSD_415780,27.8307
C1Er3Tl1_ICSD_76824,12.349
As1Cu1S1_ICSD_23826,27.570999999999998
P2Sc3_ICSD_41679,59.3927
Ce1Te1_ICSD_183947,24.1139
Se2Th1_ICSD_652016,23.0695
Ba1Cd2Ge2_ICSD_174263,17.769000000000002
Cd1Er1_ICSD_58967,25.1596
Co2Cu1S4_ICSD_622571,37.6736
Ir3Sc1_ICSD_108568,122.243
Se4U3_ICSD_23710,27.3287
Co1Ta1_ICSD_187978,97.7341
Cd2Er1_ICSD_58968,31.083000000000002
Li2Te1_ICSD_182740,19.2908
F3K1V1_ICSD_28145,32.8301
B6Sr1_ICSD_50313,110.915
Li1_ICSD_44760,6.79437
Cd1Te1_ICSD_150941,13.0107
F4K2Zn1_ICSD_100298,23.1885
Ni5P3Sr1_ICSD_33914,67.5445
Al1Re1_ICSD_58146,51.2276
Ag1C2K1_ICSD_410874,13.3219
Br3Cs1Sn1_ICSD_4071,8.46313
Se1V1_ICSD_169871,42.0109
Ba1Si1Zn1_ICSD_106316,31.0517
O2W1_ICSD_647647,154.037
Al1H4Th2_ICSD_43313,52.8914
P1Pt5Zn1_ICSD_647976,70.9108
Os1P2_ICSD_42609,155.49
Se2Ta1_ICSD_18130,15.2175
Er1Hg1_ICSD_103245,21.3509
Ge6Ru7Sc4_ICSD_637747,74.4129
Dy1Ge2Ru2_ICSD_55931,59.8562
Bi2O3_ICSD_168809,20.0376
Co2Ga1Ti1_ICSD_102453,61.8344
P1Pt1Tb1_ICSD_77777,46.4935
F3K1Mn1_ICSD_15423,28.8364
Cu4Hf3Si2_ICSD_53288,78.1352
La1Pd3_ICSD_104696,46.8125
C2Dy2Re1_ICSD_617615,74.2576
C1Dy1Rh3_ICSD_76814,77.5014
Cu1K1S1_ICSD_49008,5.48974
Er7Rh3_ICSD_103301,23.2495
Be2Fe1_ICSD_106318,122.369
Ag1Ga1_ICSD_104466,14.2609
Ce1Pt3_ICSD_102258,67.633
C2Sn1Ti3_ICSD_160572,103.15899999999999
Al1Y2_ICSD_58211,29.7262
As1Pd1Se1_ICSD_611203,31.3047
Cu1La1Pb1_ICSD_628235,38.5677
Pd2Sn1Tb1_ICSD_105694,18.2294
La2O5Pd2_ICSD_65031,49.0465
S1Ti1_ICSD_52193,88.9573
Al1Ca3Sb3_ICSD_36363,23.3542
Al8Fe4La1_ICSD_607554,48.591
Al1La3_ICSD_603210,15.8614
Br3Ga1La3_ICSD_95072,22.9622
Au1Er1Pb1_ICSD_58450,30.9018
Br6K2Sn1_ICSD_158955,4.20815
Na1Nb1Se2_ICSD_26287,39.9156
Hf1O3Sr1_ICSD_161598,97.8217
Au3Sr7_ICSD_58597,8.04813
O1S1Zr1_ICSD_31721,50.5992
Mg3Tb1_ICSD_642871,26.6449
Mg1O4Rh2_ICSD_109299,59.763999999999996
Hf1Ru3_ICSD_185647,75.1374
Bi2Cu1Zr6_ICSD_182405,50.1337
Ba1Ge2P2_ICSD_26416,30.7249
B6Hf3Ni20_ICSD_614442,79.581
Ho1_ICSD_102660,30.9191
S1Se1_ICSD_62195,10.342
Nb3Sb2Te5_ICSD_417101,65.1794
Cu1Ni2Sb1_ICSD_53320,34.9971
Pb3U1_ICSD_105637,22.296999999999997
As1Pd1Sr1_ICSD_404723,26.8249
Au2Dy1_ICSD_58440,36.2354
Os2Si2Tb1_ICSD_647790,87.3053
Cr1Nb1P1_ICSD_53189,93.4751
F4Ni1Rb2_ICSD_69682,21.2942
Au1Si1Y1_ICSD_72000,36.9997
Au1Bi1Li2_ICSD_58400,10.4285
Rh3S4_ICSD_410813,72.5052
S2W1_ICSD_202366,26.9516
Re1_ICSD_109248,162.468
Al3Er1_ICSD_57766,61.7631
Ba2Hf1S4_ICSD_80652,30.5697
Rh1Sb1Th1_ICSD_52067,40.8378
Al1Hf1Ni2_ICSD_57901,35.7486
B1Lu1Rh3_ICSD_44438,96.4006
As1Zn1_ICSD_431,37.3445
Cs2Hf1I6_ICSD_201308,3.59706
Pt1U1_ICSD_105826,31.049
Co1Hf1Sn1_ICSD_623801,35.5362
Ag2La1Si2_ICSD_52587,52.9965
Ca1Mg2_ICSD_619400,17.8189
Cd3Sc1_ICSD_102062,20.9904
Ge2Ru2Th1_ICSD_637761,79.3349
Pt1V3_ICSD_105837,105.42399999999999
Ga1Rh1Zr1_ICSD_635225,52.5239
Al16Hf6Rh7_ICSD_608144,59.383
N1Os2Zr4_ICSD_644614,84.8749
Mn1Na1O2_ICSD_16271,61.2546
Ca1Tl3_ICSD_58942,12.1796
Al3Ho1_ICSD_57914,61.44
S2Zn1_ICSD_651447,40.5086
Ca2N2Zn1_ICSD_69049,44.6417
Ga2Y1_ICSD_104031,55.9578
Ca1Zn1_ICSD_184361,11.4207
Ag2Er1_ICSD_58252,27.5565
Ag1Ca1Sb1_ICSD_56982,25.9516
Au1Ho1Sn1_ICSD_612005,32.6497
Au1S1Ta5_ICSD_51139,72.7906
Pt1S1Sb1_ICSD_649543,34.3217
B2Ta1_ICSD_108085,185.59099999999998
B6Gd1_ICSD_602750,76.3096
C1Nb1Ru3_ICSD_77216,147.097
Ba1Hg2Tl2_ICSD_260392,10.8115
Sb3Si1Zr5_ICSD_57144,71.3399
Bi1In1O3_ICSD_158758,57.6425
B6Ce2Ni21_ICSD_44151,59.9348
Nb4Ni1P1_ICSD_645089,95.5029
Be13Pa1_ICSD_616385,128.481
Cs1Fe1O2_ICSD_174318,20.5627
Fe2Si2Tb1_ICSD_633572,88.9718
Sb4Zr5_ICSD_153609,46.8478
Al1C1Y3_ICSD_43869,62.0334
Ge13Ho3Rh4_ICSD_636664,61.8688
In1Yb1_ICSD_59570,15.3129
C2Si1_ICSD_187720,98.6352
Ir2Si2Th1_ICSD_603978,86.0957
Be5Hf1_ICSD_58712,111.007
Au2Yb1_ICSD_58388,18.4869
Ge2La1Pd2_ICSD_53662,41.0431
Al3Os1U2_ICSD_58111,59.1016
B6K1_ICSD_166487,104.40799999999999
Cu2Ge1Li1_ICSD_15129,32.1313
Cu1Si1Tb1_ICSD_30765,62.4009
Cd1Se1_ICSD_181026,27.7529
Si2Zr1_ICSD_16772,95.60700000000001
Fe1S2_ICSD_10422,107.56700000000001
Al1Ni3_ICSD_105529,56.06100000000001
Ca1Pb1Pd1_ICSD_106355,23.4396
F6K2Mn1_ICSD_47213,8.00356
Cs2I6Pt1_ICSD_201309,4.155390000000001
Br1Cs1_ICSD_22174,6.69455
Er2O7V2_ICSD_160866,97.73100000000001
Pt5Pu1_ICSD_649510,84.5745
P1Pu1_ICSD_647978,55.9239
Au1Mn1_ICSD_109348,31.0343
Al3Zr1_ICSD_609709,53.6974
Al1Er1_ICSD_607346,43.4052
Cu1Zn1_ICSD_103152,32.5984
Pt3Y7_ICSD_649860,17.1564
Ga1O6Y3_ICSD_155086,61.4407
C2Ge1Ti3_ICSD_180428,124.59200000000001
Al1Co2Hf1_ICSD_110809,70.9509
Ba1Cu3O4_ICSD_83079,39.0946
Bi1Li1Zn1_ICSD_100115,18.3225
Er1Ge3Ni1_ICSD_600206,63.2542
Hg1Se1_ICSD_56210,13.9983
N3Rh1_ICSD_162108,180.736
Ag1Gd1_ICSD_150536,17.8841
B1Be2_ICSD_108027,136.525
Cs2Te5_ICSD_36017,6.2788900000000005
Ni1Sn1U1_ICSD_105372,26.9159
B6Ta5_ICSD_68538,203.785
Te2Y1_ICSD_653179,25.4022
Al1F4Rb1_ICSD_54119,26.9955
Cs3Hg20_ICSD_240038,3.9897099999999996
Li1Pb1Pd2_ICSD_104767,15.127
Ge3N4_ICSD_156338,152.941
Al1Mn1Rh2_ICSD_57986,84.4098
Ir1La1Si1_ICSD_27187,24.875
Os2Y1_ICSD_647871,51.5239
In2Ir1Sr1_ICSD_410401,29.8131
Al3Y1_ICSD_58216,59.5354
Au1Er1Sn1_ICSD_245759,40.202
Mo3P1_ICSD_43238,94.1519
Ge3Mo5_ICSD_637142,91.3827
Ge1Hf1Ir1_ICSD_636558,88.5893
Tl3Yb1_ICSD_106199,9.70633
In1Ir1Tb1_ICSD_414476,35.1322
Ba1Ge12Pt4_ICSD_160797,20.4559
Al1Cl4Cu1_ICSD_35050,6.4934199999999995
Ir1Mg3_ICSD_106871,34.0557
Ge1Y1Zn1_ICSD_163345,55.1056
Au1Ge1Tb1_ICSD_656873,45.3499
C1In1Ti2_ICSD_161963,97.331
Co1Ge1Nb1_ICSD_623540,63.9455
Ge7Ni16Sc6_ICSD_637387,62.8429
Cd1S2_ICSD_620305,23.0319
Hf1P1Ru1_ICSD_53035,93.678
Br1_ICSD_426930,3.12586
Cd2O7Sb2_ICSD_165168,82.4811
B2Be1C2_ICSD_418618,153.144
Tb2Tl1_ICSD_106132,22.8225
Al1Li1_ICSD_262069,33.7012
Te1Y1_ICSD_106153,22.2708
Fe1H6Mg2_ICSD_107500,62.9102
Al1Cu2Hf1_ICSD_185283,52.4532
Ca1Ga1Ge1_ICSD_166384,32.1403
C1Ru3Ta1_ICSD_77392,144.488
Ba1O3Ti1_ICSD_164386,79.6195
Ir1Sn1Zr1_ICSD_107470,66.0743
Mn1Te1_ICSD_181324,11.8874
Cu1La1_ICSD_628213,13.9046
Sb1Sc1_ICSD_1335,34.7667
Ge2Ho1Pd2_ICSD_57066,32.1484
Zn22Zr1_ICSD_653518,52.0888
Be22Re1_ICSD_150540,151.936
Cd2La1Pd1_ICSD_417029,27.0896
Br6K2Te1_ICSD_38346,5.21413
Cu1S2Tl1_ICSD_28742,21.9724
Ti1Y1_ICSD_188184,24.0872
Ce1Os4P12_ICSD_621731,119.84299999999999
B2Ba1Rh2_ICSD_8155,48.528999999999996
Al2Ru1_ICSD_58156,104.706
Ru9Sb8Zn7_ICSD_261057,68.2329
O3Sb2_ICSD_16851,9.75498
Ga12Ho4Ni1_ICSD_634391,56.9986
Re1Si1_ICSD_26616,82.5113
Bi1Pb1Pd2_ICSD_56278,23.1646
Zn1Zr2_ICSD_653511,32.146
As1Mn1Pd2_ICSD_107955,22.3304
Ho1In1Pt4_ICSD_639342,54.6615
S2Ti1_ICSD_181501,41.5977
Al2Hf3_ICSD_60632,61.8446
Al1Y3_ICSD_58212,31.389
Al1Nb1Ru2_ICSD_105524,130.33
Ga2S4Sr1_ICSD_635274,20.9811
Fe1P1Ta1_ICSD_49729,147.99
In1La1Pd2_ICSD_249793,29.7431
H2Tb1_ICSD_56175,54.2753
Ag1Cu4Yb1_ICSD_605055,24.3509
Al3Li1_ICSD_57952,41.3042
Mn1Sn2_ICSD_102799,64.0839
Ce1Rh1_ICSD_604327,21.2321
Cu1Dy1_ICSD_102873,31.9966
Lu1Pt3_ICSD_104820,70.7192
Ge2Ho1Rh2_ICSD_636665,63.9685
Bi3Tb4_ICSD_617161,26.8287
La1S2_ICSD_641839,37.8348
Ru2Si1_ICSD_43591,103.788
B1Fe2_ICSD_160789,48.0521
Ba1O4S1_ICSD_23743,19.8484
B1Hf1Rh3_ICSD_614447,102.29700000000001
Hf5Sn4_ICSD_107313,59.4829
Fe1O3Sr1_ICSD_163228,80.3487
Be5Sc1_ICSD_58736,101.866
Ag2Ba1Te2_ICSD_246048,13.6307
As1Cd1Li1_ICSD_609965,30.1033
Mn1Ni3_ICSD_104920,49.5311
As4Ca3In2_ICSD_61336,27.8566
Os1P1Zr1_ICSD_647720,116.036
Ba1O3Pb1_ICSD_245606,61.0742
Cu1F4Sr1_ICSD_9927,28.9712
O3Ru1Sr1_ICSD_162777,76.2901
In1Pt5Si1_ICSD_640309,66.7248
Er1Ru2Si2_ICSD_106608,79.5517
Ru3Si2Y1_ICSD_650662,83.6679
Be5Fe1_ICSD_616267,124.59299999999999
Pd2Sb1_ICSD_77889,39.6599
Ge3Ni1Y1_ICSD_60646,64.2116
F5U1_ICSD_200459,13.0899
Er1In1_ICSD_103248,20.8477
Tb1_ICSD_104192,23.0423
Ni3Sb1_ICSD_646421,44.9272
Ge1O3Sr1_ICSD_28603,24.5563
Ca3Tl1_ICSD_58943,9.6795
C1H1N1_ICSD_187644,192.09799999999998
Si2Th3_ICSD_652398,50.0323
Dy4In1Rh1_ICSD_417514,32.9955
Bi1Er2O2_ICSD_422647,34.3529
Hf1Pd3_ICSD_104254,80.0549
O4P1Pr1_ICSD_184551,43.5528
Ni1Sn1Tb1_ICSD_54301,37.6546
Fe1Si1Tb1_ICSD_656913,55.3923
Pd1Sb1Se1_ICSD_93905,27.7246
Al0.4C0.2Ta0.6_ICSD_606257,118.01799999999999
Nb4Ni1Si1_ICSD_76559,101.369
Ca1Pt2_ICSD_619516,43.6748
Nb1P1_ICSD_76027,79.1079
Fe1Ru2Sn1_ICSD_103615,66.6401
Br6Pd1Rb2_ICSD_36305,6.0513900000000005
Pd2Si2Sr1_ICSD_648864,38.8457
Cs2Te1_ICSD_36501,3.9200199999999996
As2Co1_ICSD_610034,87.5661
C1Ru3Th1_ICSD_77393,112.10600000000001
Pb1Se1_ICSD_77870,9.30123
Eu1F4Mg1_ICSD_86246,28.2783
Ir3Zr5_ICSD_641203,44.1844
Ag1O3Sb1_ICSD_25541,67.0471
N1Re2_ICSD_169886,190.426
Mg1Pd2Tb2_ICSD_412728,26.3913
Ce1O3Sr1_ICSD_154927,54.0038
Au5Rb1_ICSD_106289,21.5208
Ba1Ge3Ir1_ICSD_174264,45.5917
B12Sc1_ICSD_615424,187.86599999999999
Mn1Pd1_ICSD_104939,31.7073
Al20Ti2Yb1_ICSD_236260,52.7427
Hg1Mg1_ICSD_104313,24.9103
Ge1P2Zn1_ICSD_16734,48.3297
Er1Ni2Si2_ICSD_245051,70.1017
Cd2Nb2O7_ICSD_33672,55.6214
Al1Au2Hf1_ICSD_57503,23.9681
H7Th1Zr2_ICSD_56180,37.4428
Be1Ti1_ICSD_58743,68.813
Ni2Sb1Ti1_ICSD_76700,44.3604
Hg2La1_ICSD_104306,21.3644
Cd1O3Sn1_ICSD_180401,64.3235
Ca3Hg1_ICSD_619363,8.68507
Au1In1O2_ICSD_95672,34.6362
Co4Ge13Tb3_ICSD_623616,66.2558
Ge1Ir1Zr1_ICSD_636771,89.3715
Li1Sb1Zn1_ICSD_42064,25.2144
As1Cd1Pt5_ICSD_609975,56.2765
O7Pb2Sb2_ICSD_27120,100.50399999999999
In3Tb1_ICSD_59546,28.7289
Zr1_ICSD_164572,35.9976
Fe1Se2_ICSD_42041,75.5732
Dy1Ga1Zn1_ICSD_629739,57.7343
F1La1S1_ICSD_93350,42.978
C3Ce2_ICSD_74661,84.9626
Cl8Li6V1_ICSD_100834,18.3914
Ni1P1Ta1_ICSD_646155,97.4333
Al1Mg1Y1_ICSD_160908,44.7103
Cs1K2Sb1_ICSD_53237,8.085180000000001
Mg2O4Si1_ICSD_161023,116.855
Ru2Zr1_ICSD_650786,44.3353
Rh3Te2_ICSD_650451,53.0537
Ba1Br1H1_ICSD_37202,15.9332
As1Nb1Ni1_ICSD_610993,75.1961
As2Ca2Cd1_ICSD_422579,26.5522
Ho1Sb1_ICSD_639700,36.3212
Au1Cd1Yb1_ICSD_411545,17.6688
Hg1S1_ICSD_104340,16.0114
Al3C3Er1_ICSD_606194,138.863
Au1Zn3_ICSD_58626,28.3323
Ni1P1W1_ICSD_646181,80.468
Ca1Ni2_ICSD_58915,38.6512
In1La3_ICSD_107019,12.6622
Ge1Rh1_ICSD_53890,51.2492
B2Ca1Rh3_ICSD_66767,103.66
B6H6K2_ICSD_65507,9.77161
Bi1Ho1Pt1_ICSD_58788,40.4764
As1Er1_ICSD_167762,52.059
La1Pt1_ICSD_641688,26.3449
H1W1_ICSD_247586,156.44899999999998
Ir1Si1Y1_ICSD_641028,72.8592
Er4Ge6Os7_ICSD_630637,80.756
Ga3Tb1_ICSD_103981,41.233999999999995
Fe1La1O3_ICSD_29118,92.5981
Dy2In1_ICSD_103204,25.8057
Ge13Ru4Tb3_ICSD_637760,50.9901
Ni2Sb2Tb1_ICSD_646443,26.6668
Si3V5_ICSD_652485,110.243
Ag2Si2Tb1_ICSD_98339,52.6362
Co1Nb1P1_ICSD_49727,115.81700000000001
Ag1Dy1Se2_ICSD_605083,21.5605
Cu1Dy2Ge6_ICSD_627143,55.2965
Bi2Pt1_ICSD_42567,23.4
F2Mg1_ICSD_94282,57.0154
Li2Mg1Si1_ICSD_167141,39.0975
Cd1Hg2Ti1_ICSD_58987,20.7841
Cs1F1_ICSD_44288,9.3085
Rh1Sb3_ICSD_34049,51.0602
Bi3Ni1_ICSD_391336,13.05
Au2V1_ICSD_58614,32.0235
Co1P2W1_ICSD_624660,109.447
Ba1In4Ir1_ICSD_173616,31.2414
Hg1Sn1Yb1_ICSD_602718,20.6041
Al1N1Zr2_ICSD_157763,88.7348
Sb1Sc2_ICSD_409586,39.4605
Pd3Sc1_ICSD_105673,62.6876
Ge13Ho3Os4_ICSD_636650,62.0314
Ir1N2_ICSD_160623,207.74099999999999
In1Li2Mg1_ICSD_51965,21.9755
Ge1Pt1Se1_ICSD_2595,64.4567
Ga1Ir1_ICSD_103760,61.4924
B2Ca1_ICSD_186764,105.72
Ir1N1_ICSD_187717,146.437
Pb3Tb5_ICSD_648576,39.6243
Ag1As1S1_ICSD_604740,12.3086
Dy1Ge1Pt1_ICSD_90294,53.963
Cd1Gd1_ICSD_108212,23.2074
Yb1Zn1_ICSD_104206,24.8017
S1Y1_ICSD_183011,42.5635
Al1Dy1Zn1_ICSD_607343,52.1736
C1Zn3Zr3_ICSD_42934,65.3327
Hf1Rh3_ICSD_104266,114.425
Dy2S3_ICSD_66532,38.8811
Ca1Cd2P2_ICSD_100063,35.8285
Au1Sb1Yb1_ICSD_57022,22.3248
Ge3Pt2_ICSD_42912,53.306999999999995
Er4Sb3_ICSD_600631,32.3388
Co2Ge1Mn1_ICSD_185088,44.0454
Pt2Sc1Sn1_ICSD_105788,27.5803
Dy1Sb1_ICSD_103367,35.7126
Ir1Yb1_ICSD_104603,33.1813
Dy4Ga12Pd1_ICSD_629729,56.9293
Cu1Dy1Pb1_ICSD_107274,45.2295
Ca1Pd1_ICSD_58926,23.4866
Gd1Se1_ICSD_27110,33.3877
Na3P1_ICSD_171012,16.4395
In1Rh1Y1_ICSD_59517,30.2278
Au1Mg1Yb1_ICSD_411303,18.6371
Ho5Ni2Sb1_ICSD_91136,19.9463
Al2B2Ru3_ICSD_43843,98.1855
Ca1O3Sn1_ICSD_181086,75.6286
Au1In1Yb1_ICSD_58515,21.7913
Au1Cd1Sb1_ICSD_52663,11.9432
Pb1V3_ICSD_105639,32.7561
C1K4O4_ICSD_245428,14.1104
Cd1Co1Ho4_ICSD_417045,27.7084
Er1Ni2P2_ICSD_630857,88.0277
Al1Er2_ICSD_607355,32.9999
Bi1Pt1Yb1_ICSD_246662,22.9006
Cd1Cs1F3_ICSD_290343,24.7205
Mo3Si2_ICSD_644412,81.9314
Re1Ti1_ICSD_105896,45.0758
Hg2O7Sb2_ICSD_160088,70.2818
Dy1In1Zn1_ICSD_629871,43.4144
Au1C2K1_ICSD_411255,16.6129
Ca1Ge2Ir2_ICSD_52755,67.0102
Co1K1O2_ICSD_15770,25.5182
Ho1P2Ru2_ICSD_602102,102.905
C1Sn1Y3_ICSD_56405,61.5135
As2Ba1Ge2_ICSD_26417,26.9894
Cd1O6Pt3_ICSD_35407,73.6633
Rh3Ta1_ICSD_105939,146.732
Ni3Si1_ICSD_105343,85.1114
La4O4Se3_ICSD_419128,33.7698
Co1Er1Ge2_ICSD_622811,42.0523
Cu1Sc1Sn1_ICSD_629024,43.608000000000004
N2Ta1_ICSD_290431,145.385
Ga1Ni1Ti1_ICSD_103885,77.7809
Al2Dy1_ICSD_107648,57.9259
O6Ta2V1_ICSD_166511,88.6347
Pd1Sc2_ICSD_648809,31.2622
Li1Tl1_ICSD_104789,17.2355
C1Tc1_ICSD_183168,30.491999999999997
Dy1Pb1Pd1_ICSD_657945,36.2122
Au1La1O3_ICSD_73873,46.8393
B6Tb1_ICSD_150622,72.8525
Pt1Th1_ICSD_150541,28.025
Pd3Te2_ICSD_649012,26.4734
Hf1Mo1Si1_ICSD_638634,103.29
Cr1N3Sr3_ICSD_154803,31.4793
Al16Pd7Zr6_ICSD_609066,80.1209
Ag2Yb1_ICSD_605966,15.5651
Au1Ca3N1_ICSD_72942,30.8296
Sc1Zn1_ICSD_106041,45.4127
Li3Pb1_ICSD_104764,20.2544
Mg1Y1_ICSD_104889,23.0863
Er3Ga1O6_ICSD_99497,65.9093
Ga2O6Te1_ICSD_78346,100.96600000000001
Au1Ge1Ho1_ICSD_245770,29.2195
Ge8Na6Pt8_ICSD_32038,22.8799
Mg1Tb2_ICSD_55549,18.5495
As1O4Tb1_ICSD_16329,54.5138
Ge2Ir2La1_ICSD_636699,52.1613
O6Sb2Zn1_ICSD_30409,91.0664
N2W1_ICSD_290435,86.9456
Rh1Tb1Zn1_ICSD_419896,32.9542
Cl1Cu1_ICSD_78271,15.4764
Ag1F3Rb1_ICSD_23153,17.2245
Er4In1Ir1_ICSD_418265,35.2794
As4Mg1_ICSD_1079,25.5644
Br6Rb2Te1_ICSD_49521,4.43288
Ge6Ho4Ir7_ICSD_636630,98.6516
Br1K3O1_ICSD_33920,12.5832
Co1Sb1Ti1_ICSD_169138,75.949
C3N4_ICSD_246659,375.916
Ag1Er1_ICSD_167893,28.3288
Cl2Zn1_ICSD_15916,7.2012100000000006
Ag1Ho1Pb1_ICSD_107107,32.9778
Sb1Zr2_ICSD_107691,30.4691
C1V2_ICSD_108192,115.072
P12Ru4Tb1_ICSD_245294,93.811
Br6Cs2Sn1_ICSD_158957,3.74084
P1Pd5Tl1_ICSD_647937,47.7984
Cu3Dy3Sb4_ICSD_658643,50.733000000000004
Ba1F4Mg1_ICSD_182596,29.5919
Ba1Be13_ICSD_58633,96.1777
Au1Ho1_ICSD_58479,31.253
C1Mn3Sn1_ICSD_618271,45.3543
Al3C3Y1_ICSD_606289,135.287
Li1Na1Te1_ICSD_67274,15.3505
Cu2O1_ICSD_167446,7.67467
O4Rh2Zn1_ICSD_647372,67.0954
Al2Dy3_ICSD_150549,30.8928
Ho1Ni1Sb1_ICSD_639500,59.2061
Co1Dy1Sn1_ICSD_54584,46.2889
Nb1Pt3_ICSD_645212,85.7725
Ga1Li1S2_ICSD_68465,22.0807
Be13Hf1_ICSD_150775,140.939
Cu7Zn16Zr6_ICSD_629468,48.2958
As1Tl1_ICSD_184574,18.7576
Ir1Sb1Te1_ICSD_640967,77.5991
Ge2La1Pt2_ICSD_53665,35.0129
Hf2Ni2Sn1_ICSD_407546,67.064
Cu1K1Te1_ICSD_12158,18.1493
N1Na3_ICSD_165994,7.90591
Hg1I2_ICSD_281133,2.85067
Ca1H2_ICSD_157943,31.2187
Rh1Sb1Se1_ICSD_650254,64.3426
Ba1Li1Sb1_ICSD_280574,23.3092
Dy1Ga4Ni1_ICSD_423065,48.1785
Cu1Er1Sn1_ICSD_627260,47.0704
Au2Er1_ICSD_58446,39.1171
Au1Dy1Ge1_ICSD_106279,44.4089
I1La1_ICSD_171451,32.7938
Al2Pd5Y1_ICSD_182835,56.9606
Mn1Se1_ICSD_104970,36.1259
Cd1Mg1_ICSD_102022,21.0612
Er1S2_ICSD_631062,46.2739
Bi1Lu1Ni1_ICSD_58802,47.4814
Al1Sb1_ICSD_41994,30.7103
Cu1In1Se2_ICSD_154405,21.2314
Ga1Pt3_ICSD_635145,56.0273
Ce3S4_ICSD_31602,38.7212
Co1Sn1Th1_ICSD_61484,50.9042
Bi4Ce3Pt3_ICSD_616565,42.0696
Cl4Cu1Rb2_ICSD_15145,7.587269999999999
Li1O2Rh1_ICSD_59179,51.6876
Ru1Sc1_ICSD_105988,50.6077
B2Co2Y1_ICSD_55298,105.117
As4Th3_ICSD_44849,51.9188
Al1Li5O4_ICSD_1037,51.77
Ir1Nb3_ICSD_104512,103.494
Co1Nb4Si1_ICSD_43233,102.73299999999999
Ho1Zn1_ICSD_104457,25.7899
Na2S1_ICSD_56024,18.3533
Au2Ti1_ICSD_58607,35.9034
Mg1Tb1_ICSD_104879,23.6263
Rh2Th1_ICSD_105948,24.2575
Al1Cr2_ICSD_57651,93.1331
Ru2Si2Tb1_ICSD_52089,81.1686
C1Ge1Ti2_ICSD_180769,95.0563
Gd1Te1_ICSD_104137,23.6972
C2Re1Y2_ICSD_69098,72.5076
As4Na8Ti1_ICSD_73310,13.277000000000001
Be2Cu1_ICSD_58701,119.98200000000001
Ge7Hf6Ni16_ICSD_109125,76.98100000000001
Ho2Mg1Se4_ICSD_639387,19.3267
Ca1Pt1Sn1_ICSD_602355,26.342
Ag1Ca1_ICSD_54979,13.0578
B6Dy1_ICSD_150623,63.4007
Co1Zr1_ICSD_102737,52.9034
Dy3Ga1O6_ICSD_99495,62.626999999999995
Bi2O7Ti2_ICSD_161100,74.5479
Er3Ru2_ICSD_106615,31.1152
Ru2Sb2Sr1_ICSD_188979,45.6928
In1Ni2Tb2_ICSD_640151,35.4988
Ga1La1Mg1_ICSD_413276,35.1019
Al1Cu2Sc1_ICSD_57709,45.0092
Rh1Te2_ICSD_2179,48.7375
Au3K1Sn3_ICSD_249645,13.3818
W1_ICSD_426984,150.536
Ge2N3Na1_ICSD_47100,76.5663
Fe1Ge1_ICSD_632006,37.977
Na8Sb4Sn1_ICSD_655768,9.0566
Ho1S2_ICSD_639660,46.0561
Ga1Pd2Sc1_ICSD_103909,30.5452
I6Rb2Sn1_ICSD_22104,3.4950099999999997
Pd2Ti1_ICSD_167653,39.2704
Rh4Sn13Sr3_ICSD_102359,28.3875
Li4O4Pb1_ICSD_1411,38.0669
O1Pb1Sr3_ICSD_100790,32.9497
Hg1Sr3_ICSD_639226,5.49279
Al2Co1Zr6_ICSD_150575,53.1622
C1Ir1_ICSD_185997,82.8468
Al9Ba1Ni2_ICSD_107746,47.7773
H6Na2Pt1_ICSD_236284,15.8809
Al9Co2Sr1_ICSD_57633,64.2909
Al1Li2Pd1_ICSD_105504,26.0476
Cd1Ge1Sr1_ICSD_619960,28.0621
Ca3Cl3P1_ICSD_202075,26.9127
Si1Zr2_ICSD_24717,87.9714
Au1Ba1Sb1_ICSD_280954,26.4373
Au1Er1_ICSD_58445,32.1915
Ge2N4Si1_ICSD_183103,189.138
Dy1Pd2Si2_ICSD_601619,54.8251
Pd1Y1_ICSD_169021,27.7271
Er1Pd1Sb1_ICSD_57259,42.2351
Au2In1Th1_ICSD_58509,14.9582
Si1Sr1_ICSD_42140,30.2479
Hf2S1_ICSD_43203,75.8956
I6Pt1Rb2_ICSD_37191,4.37401
Cs2I6Pd1_ICSD_280190,4.485469999999999
Be1Se1_ICSD_52720,67.4314
Na6O5Pb1_ICSD_15102,33.4972
N1Pu1_ICSD_31718,90.9559
Na1O3Ta1_ICSD_28612,110.59200000000001
Ga1La3_ICSD_103765,13.9614
Co2Si1V1_ICSD_53086,83.3144
Co2Se2Tl1_ICSD_95138,15.7678
Er1In1Pt4_ICSD_630697,55.0363
O1Sn1Yb3_ICSD_413388,45.1438
F3Rb1Yb1_ICSD_49590,24.8352
Mn2Te4Zn1_ICSD_643810,7.542210000000001
P1V2_ICSD_648271,106.62899999999999
Ba1O2_ICSD_180397,37.826
Zn2Zr1_ICSD_106236,58.8787
Pd3V1_ICSD_105742,56.2139
Er1Ir1Sn1_ICSD_630724,44.3542
Sn1Sr2_ICSD_106075,14.3915
Hf1Ni1P1_ICSD_638712,95.49
N2Se1Th2_ICSD_23211,52.9254
Ir2Si2Tb1_ICSD_44664,108.69
Ni4P4Ta5_ICSD_646154,112.51899999999999
Cd1P2Sn1_ICSD_22183,27.8897
Er3Pd8Sb4_ICSD_174471,31.6591
F6Na1Sb1_ICSD_25538,9.605889999999999
Ge2La1Ni1_ICSD_636819,53.4267
Ru1Si1Y1_ICSD_88063,48.2667
La3Sn1_ICSD_104722,20.5968
Cl1Tl1_ICSD_181755,7.90068
Pt1Zr1_ICSD_649884,52.7275
Ga1Pd1_ICSD_174526,45.9824
Cr2O4Zn1_ICSD_167365,82.615
Au1Gd1_ICSD_611906,16.3932
Er1Ge2Rh2_ICSD_630646,62.5482
B2Mn1_ICSD_187733,111.45299999999999
F6Si1Tl2_ICSD_38549,5.996169999999999
Ge1Ho1_ICSD_53647,56.0478
Al2Pd1_ICSD_58116,31.5375
Mn3Nb6O11_ICSD_62661,71.7465
Ni1Sb1Sc1_ICSD_40296,61.917
C3Yb2_ICSD_86293,43.0277
Sn1Zr3_ICSD_106108,33.3977
Ca1Sn3_ICSD_58934,24.3057
Ag1Ba1_ICSD_260623,10.9346
Pt3Sb2_ICSD_42752,26.3129
Al2Ba1Si2_ICSD_249559,35.8531
Ba1H3Li1_ICSD_416463,39.6624
Ca1O3Rh1_ICSD_164775,71.7347
Cd1S1_ICSD_154186,17.3261
Eu1Hg1_ICSD_103396,17.2271
Dy5S7_ICSD_630189,38.7937
Ir1Zr3_ICSD_104607,22.1429
Se1Zn1_ICSD_43595,28.1278
N3Ta2Zr1_ICSD_186422,101.06
B1Ir1Mg1_ICSD_409979,77.4034
Sb1Tb1_ICSD_43602,35.3272
Au1Cl3Cs1_ICSD_27839,11.7102
O1U1_ICSD_24223,51.29600000000001
Ga3Rb1_ICSD_103943,23.4283
As1Sb3Zr5_ICSD_611352,56.5355
Ba1P1Pt1_ICSD_59191,31.6647
Dy5Ni1Pb3_ICSD_152604,32.1084
Dy5Ru2_ICSD_103366,27.1611
Cs1I3Sn1_ICSD_262925,6.26776
Br4K2Pd1_ICSD_1982,5.952000000000001
Au6In5Na2_ICSD_55545,21.1719
Ir2Mg1_ICSD_414084,54.0526
Ag1Cu4Dy1_ICSD_605006,15.4923
Dy3Ge13Os4_ICSD_629795,61.9194
Cu1Rh2Se4_ICSD_41903,21.8185
O1V1_ICSD_28681,84.56299999999999
Er3Os1_ICSD_630900,32.7236
Cu2In1Sc1_ICSD_103009,36.824
C1Dy3Tl1_ICSD_76815,12.1921
Au1K1Se1_ICSD_40759,6.4366699999999994
Bi1Ir1Se1_ICSD_616741,66.5469
S2Ta3_ICSD_71143,70.7928
Ho4In1Rh1_ICSD_417517,33.8782
In1N1Ti2_ICSD_640030,90.4008
Ir4La3Sn13_ICSD_603036,46.3881
Ge1La1_ICSD_413736,39.2344
Be2Ti1_ICSD_58744,108.374
C11N4_ICSD_184896,425.17400000000004
Ce1P12Ru4_ICSD_50595,108.775
Au7Cd16Na6_ICSD_261960,13.9833
Ni1Si3Sr1_ICSD_174268,54.4535
Pd3Yb1_ICSD_105749,25.7224
Au1Pb4Rb3_ICSD_107447,6.03975
Er1Ga3Ru1_ICSD_630575,60.1445
La1Os2Si2_ICSD_641620,85.874
Sb1Se3Tl3_ICSD_60962,6.62033
Si1Ti1_ICSD_168416,87.4728
Ir1Mo1_ICSD_104499,160.57399999999998
Ni2P2Th1_ICSD_74786,66.8826
Sn2Y1_ICSD_416771,34.8271
Cr2Cu1Se4_ICSD_43040,20.5082
Ca1Hg3_ICSD_619356,11.4586
Cu2In1Ti1_ICSD_103020,43.4543
Ba1Tl2_ICSD_58681,17.2872
Ga2Ru1_ICSD_635228,92.9577
Be4Ca2N4_ICSD_413357,63.7384
Pb3Pr1_ICSD_105600,22.3319
As1Au1Ba1_ICSD_420341,30.2616
Cr3Si1_ICSD_16835,135.298
Sb2Tl7_ICSD_41816,7.478339999999999
Hg1Pb1Sr1_ICSD_602710,19.0297
Be13Ca1_ICSD_58692,123.031
Ru1V3Zr2_ICSD_650765,50.1625
Mn1Pt3_ICSD_104951,71.1981
Ni1Tl1_ICSD_105427,24.5569
Ba1Ge3Pt1_ICSD_174262,39.5018
Al1Mn1Ti2_ICSD_185877,28.7437
Te1Zn1_ICSD_184491,17.5261
O7P2Zr1_ICSD_15084,54.9006
Cu1Ni2Sn1_ICSD_103068,27.9789
O3W1_ICSD_89092,93.6305
Mn6Sn6Zr1_ICSD_54928,29.6144
Pd2Sn1Y1_ICSD_105699,24.3002
Ag1Si1Y1_ICSD_605850,53.833
N1V2_ICSD_167802,132.471
Cu1Hf5Sn3_ICSD_107310,58.3335
Al3Pr1_ICSD_58126,61.9775
Bi1Er1_ICSD_58781,32.3819
Ag8Ca3_ICSD_107145,15.4785
Ru3Sn7_ICSD_54510,36.8304
Be1Pd2_ICSD_107609,56.7871
Gd2O7Ti2_ICSD_24207,98.4684
Cu4In1Y1_ICSD_628179,48.8222
Ba1In2Rh1_ICSD_411232,22.6361
Ba1Os2P2_ICSD_602106,49.8526
Ca1Cd1Ge1_ICSD_52750,36.6211
Ag5S4Sb1_ICSD_16987,11.7082
La1O4P1_ICSD_184549,37.6036
Mn2O3Ta1_ICSD_15995,66.061
Ca1Pt1Si3_ICSD_180963,41.5738
Pb1Sr2_ICSD_105624,12.8263
I5In1Sn2_ICSD_151986,5.92195
Bi1Na1_ICSD_58816,14.1892
Ag1Pd3Se1_ICSD_174642,22.6436
La1Mg2_ICSD_104660,19.6682
Ba1Ge3Pd1_ICSD_174261,33.0842
Mn2Si2Tb1_ICSD_106811,62.8192
La5Si3_ICSD_641952,26.9489
Al3Th1_ICSD_58184,41.4406
Al1Au2Mn1_ICSD_57504,27.3675
In1Ni2Zr1_ICSD_54546,42.623000000000005
B2Mo2Nb1_ICSD_614821,165.997
Al1Zr1_ICSD_58227,67.3865
Co1Ti1_ICSD_102705,86.4867
Ge1O3Pb1_ICSD_185693,94.415
Au1Rb1Te1_ICSD_75026,14.1677
Co2Sn1Ti1_ICSD_102682,57.6979
B2C2Y1_ICSD_42624,108.531
Rb1_ICSD_426967,0.9879469999999999
O4Sn1Zn2_ICSD_187039,53.8081
Al2Tb3_ICSD_609454,29.2788
Er3Os4Si13_ICSD_600536,85.3611
Bi1K3Se3_ICSD_78841,7.10923
Cd3Ho1_ICSD_58990,26.3701
In1Pt1Sr1_ICSD_410704,25.9358
B1Pd3Yb1_ICSD_44547,16.2499
Bi1Ho2O2_ICSD_261434,34.7699
B2V1_ICSD_165125,230.78599999999997
Ba3Ge5_ICSD_167163,23.3873
La3Sn7_ICSD_261872,24.8106
O3Re1_ICSD_202338,107.796
Gd1Rh1_ICSD_104125,42.2036
Ir1Zr2_ICSD_641208,28.7191
Cr2Cu1S4_ICSD_53111,30.6237
La1Rh1Sn2_ICSD_410732,26.4013
As1Ca1Rb1_ICSD_409177,10.7912
Ca1Ir2P2_ICSD_95756,48.6756
P12Ru4Th1_ICSD_648033,111.869
Er4Ga12Pd1_ICSD_630569,57.0992
Er1Ge1Sn1_ICSD_261755,40.8181
Hf1O3Pb1_ICSD_161702,87.2365
Mn1V1_ICSD_104998,140.94799999999998
Ag1Ga1O2_ICSD_95665,38.1351
Ca2O4Pb1_ICSD_36629,51.993
Ge1Pd1_ICSD_659798,40.4574
Sb3Sr5_ICSD_42120,19.9125
Hg1Yb1_ICSD_104370,22.5345
Pd1Sn1Y1_ICSD_424012,34.2873
B1Mg8Rh4_ICSD_249110,29.0538
Gd2O7Sn2_ICSD_84753,84.0285
Mg1P1Pt5_ICSD_44928,66.4255
Cl2Mg1_ICSD_51246,12.3264
Hg5Pd2_ICSD_104334,10.628
Ag1O1Rb1_ICSD_188526,10.1089
B1Rh6Ti2_ICSD_415337,104.84200000000001
Co1Ni2S4_ICSD_624469,21.3855
Ti2Zn1_ICSD_653304,60.7661
Al4Ni1Tb1_ICSD_154855,60.231
Dy1In1Pd2_ICSD_103207,31.4763
Os1_ICSD_169092,257.753
B2C2Gd1_ICSD_612619,112.98899999999999
Lu3Os4Si13_ICSD_600535,86.5465
Hg1Mn1_ICSD_104321,18.278
Ni16Si7Ta6_ICSD_109219,110.852
Ir1Ti1_ICSD_104575,85.3584
Al1O3Y1_ICSD_167509,111.946
Te1Ti1_ICSD_104194,16.2983
Ru2Si2Y1_ICSD_650661,81.3369
Mn2Sc1_ICSD_108596,33.4429
Ga1Ru1_ICSD_103950,89.8356
Er1Hg3_ICSD_630671,19.9126
In4Ni1Sr1_ICSD_418178,26.4273
Mn1Se3Th1_ICSD_99582,29.2354
Hg1Ti1_ICSD_104355,32.3061
P1Pt1Y1_ICSD_77779,49.0643
N1Ti2_ICSD_23403,96.4544
C1Ti2Tl1_ICSD_618954,87.1951
Ag1La1_ICSD_58306,12.6245
As2Ca1Ru2_ICSD_602108,57.4819
Au1Cu4Dy1_ICSD_611752,22.1162
C1Hf3Zn3_ICSD_42936,73.0731
S7Tb5_ICSD_651120,37.7681
Al1Ba1Si1_ICSD_162866,37.7146
N1Nb4Ni2_ICSD_644564,105.439
Er2O7Tc2_ICSD_109081,99.3199
Ba3Cr1N3_ICSD_154802,19.6664
Dy1Os2Si2_ICSD_630053,86.5172
C1Sc3Tl1_ICSD_50164,78.0154
N2U1_ICSD_105129,74.67399999999999
Hg2Ho1_ICSD_104298,29.668000000000003
Nb1S2V0.333_ICSD_42650,67.139
Ba1In2_ICSD_414229,21.5479
Nb3Sb1_ICSD_645347,80.7255
Al2Cd1O4_ICSD_183382,68.9282
N1Ni3Zn1_ICSD_183370,59.0916
W2Zr1_ICSD_106217,86.5601
C2Y1_ICSD_33607,39.1733
Ge1V3_ICSD_186004,49.9376
P1Ta1_ICSD_108656,73.3513
Al3Ru2_ICSD_609232,70.9047
Sn4Sr1_ICSD_281669,11.2146
In2Li1Rh1_ICSD_106806,35.1491
S2Si1_ICSD_16952,19.3253
C1Rh3Y1_ICSD_77389,77.3229
Dy1In1Pt4_ICSD_629864,54.8304
Ni3Sn1_ICSD_105353,65.9557
Pd1Sb1Sc1_ICSD_415944,41.9792
Al1K1Te2_ICSD_44703,11.7749
B4Rh4Y1_ICSD_44569,92.90700000000001
Cu3P1S4_ICSD_412240,32.5289
Be1Hf1_ICSD_616286,61.9621
Ag1Bi1Ca1_ICSD_659377,19.2232
O1Se1Th1_ICSD_26654,55.0546
Au2Ho5Sb1_ICSD_156953,22.5926
Li1Pt2_ICSD_104778,69.7754
Au2Ca1Si2_ICSD_412,36.5645
Fe1O2Sr1_ICSD_418606,58.0857
Hf1Ir3_ICSD_104212,165.449
Cd1Se2_ICSD_620416,18.1051
Al3Hf5N1_ICSD_603995,56.9549
C1Rh3Yb1_ICSD_77390,66.3743
B1Ta2_ICSD_42525,175.675
Al1Cu2Re2_ICSD_57706,85.3648
Co1Si1_ICSD_155928,58.0802
Ca1F3Rb1_ICSD_201252,26.2781
Au4Yb1_ICSD_58623,16.6462
Ba1Cr1S2_ICSD_165626,25.9716
B2Ru1Y1_ICSD_615399,106.28399999999999
Au1C2Rb1_ICSD_411252,14.7529
Ca1Zn13_ICSD_184414,45.2521
Mo1P1_ICSD_186875,45.8248
Be1Ni1_ICSD_58726,102.87100000000001
B1O4Ta1_ICSD_20383,156.102
La3Sb5Zr1_ICSD_83905,31.1682
Ge2Mg1Y2_ICSD_423457,56.6985
I6Pd1Rb2_ICSD_92478,3.58791
In1Sb1_ICSD_640432,20.3017
Ir3Ti1_ICSD_104578,169.127
O1Rb2_ICSD_180572,7.825060000000001
Er1S1_ICSD_106619,44.5171
Ir5Th1_ICSD_104573,103.15899999999999
Ir4Sn13Yb3_ICSD_641063,24.7352
O3Sr1Tb1_ICSD_86734,35.0542
Br1K1_ICSD_18015,7.30057
Os3Sn7_ICSD_54605,32.8389
Ti1_ICSD_168830,63.5361
Hf1_ICSD_181757,55.1023
Mg2Pt1Si1_ICSD_68513,57.3041
Cr1F4Sr1_ICSD_9929,28.331
Pd1Tb1_ICSD_648983,25.9711
Er1Sn2_ICSD_103304,33.6862
Ga3Ho1_ICSD_103749,39.7737
Ag1Ge1La1_ICSD_56985,38.3618
O4Pd2Y1_ICSD_78846,60.8291
Be1Pd1_ICSD_58728,33.6697
Cd1Cl3Cs1_ICSD_24484,14.5437
Al4C4Si1_ICSD_603569,66.5837
Bi2Er6Mn1_ICSD_159228,37.3113
Ag3Pt1_ICSD_180883,28.622
Er1Hg2_ICSD_103246,29.7832
Ag1Cr2Te4_ICSD_71695,4.87635
P1Tl1_ICSD_184576,24.8606
C1H1_ICSD_187642,151.607
Ge2Ho1Ni2_ICSD_636645,50.8442
Ca1Se1_ICSD_167834,5.72876
Ba6Mg23_ICSD_109225,15.2275
As2Cu1Er1_ICSD_412553,55.5383
Ni1P4Si3_ICSD_39452,62.6791
Au1Dy2_ICSD_611788,19.5814
Au1In1Y1_ICSD_58513,40.3792
B2Ru1_ICSD_31871,174.35299999999998
C1Dy3Sn1_ICSD_56406,61.3079
Ce1Tl3_ICSD_102295,22.5359
Be5Pt1_ICSD_616395,154.204
Ir2Sc1_ICSD_104558,100.971
Al2Ge1La2_ICSD_423614,45.1408
Ge1Mn1Ni2_ICSD_53687,28.6246
Re2Y1_ICSD_150517,42.5799
C1La3Tl1_ICSD_56402,33.3955
Ac1H2_ICSD_56392,30.9154
Ho2O3_ICSD_41268,65.4598
Cr1Te1_ICSD_93159,7.82112
Ir1S1Sb1_ICSD_74630,87.0577
Dy1In3_ICSD_103202,28.4422
Tb1Te1_ICSD_106127,22.6288
Ag2Na1_ICSD_58337,15.9328
B3Ru2_ICSD_23715,174.733
B2Mg1Ni3_ICSD_156018,86.9569
Al2Cd1Se4_ICSD_51424,26.1026
C3Sc4_ICSD_42760,62.5423
Cr1Cu1O2_ICSD_402289,54.3513
Cu1Mg1P1_ICSD_8221,48.2669
Hf2Ir1_ICSD_638574,46.3913
Bi1Ni1Sc1_ICSD_58824,50.3003
Hf1P1V1_ICSD_656389,112.545
Mg5Pt10Si16_ICSD_95900,61.9059
Hf3N1Zn3_ICSD_42937,76.3861
Au2Er2Sn1_ICSD_106282,30.494
Hf5Ir3_ICSD_638578,26.0968
As1Cu1Sr1_ICSD_107943,40.7894
Ba1Sn1_ICSD_58678,16.1083
Mo1P2_ICSD_37222,126.195
C1In1La3_ICSD_80956,33.7198
Dy1Sn3_ICSD_103370,12.6065
Cd1Er1Ni4_ICSD_185114,54.8518
Be13Ho1_ICSD_616296,123.316
Ho1Rh1Si1_ICSD_56239,60.4305
Dy1Te1_ICSD_43640,22.2686
As2Rh2Sr1_ICSD_417002,25.6896
Ho1P1_ICSD_187361,60.038999999999994
Be13Tb1_ICSD_108888,122.755
B2Dy1Os1_ICSD_613666,128.388
Be3P2_ICSD_187677,80.9284
In1La2Pd2_ICSD_180806,27.1636
Ga1Ir1Y1_ICSD_634463,29.9397
Ca1Cd1_ICSD_58874,21.3049
Ba1Ir1P1_ICSD_73529,35.5456
Ru1Tb3_ICSD_650703,23.1416
Er5Si3_ICSD_57268,58.6834
In1Rh1Tb1_ICSD_412917,30.1355
In1La1Pt1_ICSD_51956,29.7466
Li1Pt7_ICSD_104779,72.8693
Rh1Si3Tb1_ICSD_650325,53.3824
La1Sn3_ICSD_104720,16.8214
Bi4La3Pt3_ICSD_616774,25.8492
Au1Be5_ICSD_150580,117.844
Er1Ga2Ni1_ICSD_630566,51.6142
Ho1Pd2Sn1_ICSD_104437,28.0839
Pt1Sc1Zn1_ICSD_424600,45.5517
Al1C1Dy3_ICSD_43848,58.4699
Si2W3_ICSD_652552,79.1293
Cu1Te2_ICSD_629329,19.8086
C1La3Pb1_ICSD_56409,39.3962
Ru4Sn6Y1_ICSD_54354,53.5419
H3Mg1Na1_ICSD_159174,28.1677
Hg2Mg1_ICSD_104319,12.574000000000002
Au3Cu1_ICSD_107220,39.5206
Ni1Sb1Ti1_ICSD_182482,56.2179
Mg1N2Si1_ICSD_23501,104.72200000000001
Ho4In1Ir1_ICSD_418270,33.8517
B1Li3N2_ICSD_155128,48.5187
La1Ni1O2_ICSD_153058,64.1153
Au1C2Li1_ICSD_411253,22.9718
Ba1Ge1Pt1_ICSD_106309,22.5945
C1In1Sc3_ICSD_50163,78.5781
Lu1Te2_ICSD_642622,18.5513
In1Tb2_ICSD_59544,24.9001
Al1C1Sc3_ICSD_50161,80.5124
La1Pt5_ICSD_104702,67.7037
Cl8Co1Li6_ICSD_202401,23.0011
Li9N1S3_ICSD_240749,40.8513
Mn2O7Tl2_ICSD_56515,73.5629
La3Rh4Sn13_ICSD_102351,44.0884
Ag1In1Te2_ICSD_104476,12.7351
F2Pd1_ICSD_100567,34.3967
Ag2In1Y1_ICSD_58304,19.4227
Ag3Na1S2_ICSD_73198,10.4381
C2Er2Re1_ICSD_69099,77.7527
Mn1Nb1P1_ICSD_68280,119.081
F6Rb2Si1_ICSD_38547,7.5155899999999995
Cd1I2_ICSD_42207,5.03448
Fe1Nb1P1_ICSD_632794,146.635
Al1Dy1_ICSD_181162,35.23
Y6Zn23_ICSD_653457,39.1011
Co4Er3Ge13_ICSD_622808,67.8084
Ca3Rh4Sn13_ICSD_58930,22.33
Ru1Ta1_ICSD_650690,51.8273
Au1O1Rb1_ICSD_409552,11.1172
H6Os1Sr2_ICSD_638409,33.1533
Ag1Dy1_ICSD_150538,26.7189
Ir2Si2Y1_ICSD_181768,107.64
Cd1Cr2S4_ICSD_39415,30.6384
Pt1Sb1Y1_ICSD_44970,46.5007
Al10V1_ICSD_58202,39.6493
Cs1_ICSD_42662,0.8191579999999999
Ho1Mg1Sn1_ICSD_183526,36.8778
Sr1_ICSD_44721,5.39757
H2Nb1_ICSD_164606,81.8791
Sr1Zn13_ICSD_652897,49.3917
Ir5Sn7_ICSD_76912,50.7673
C1Pd1_ICSD_181774,47.056000000000004
Al8Dy1Mn4_ICSD_607312,88.9763
Ag1Pt5Si1_ICSD_605693,54.0228
F3Na1Ni1_ICSD_423598,29.8301
Cr1K1O2_ICSD_425293,69.2063
Mg2Th1_ICSD_104883,25.465999999999998
Pb1Rh1_ICSD_105607,50.2892
F4K2Mg1_ICSD_33519,26.8133
Ba1Mg4Si3_ICSD_165630,42.6944
C20_ICSD_185973,193.003
In1Pt2Zr1_ICSD_59506,21.5414
Ce2N2Se1_ICSD_421995,57.9506
Cs1F3Mg1_ICSD_290360,35.8365
Cu1Tb1_ICSD_103115,30.6741
Al1Tb1_ICSD_181161,34.7501
K3Sb1_ICSD_246648,5.95383
P2Rh2Sr1_ICSD_50186,42.4878
C3Nb4Si1_ICSD_169044,129.031
Ga2Pb1Se4_ICSD_635052,16.8468
Cd3N2_ICSD_416908,33.1165
In14K3Mg20_ICSD_172036,17.6759
Cu1Hg2Zr1_ICSD_102973,21.0916
Mo3Zr1_ICSD_105118,23.7672
Ag1Hf1_ICSD_605330,41.2012
Ir4Sn13Sr3_ICSD_641056,30.4995
Ga1Sc1_ICSD_103954,46.1333
Be13Sr1_ICSD_58737,116.007
Ni1Rh2S4_ICSD_646317,31.6473
Au3Ge1Na1_ICSD_16463,19.4147
Bi1O3Rb3_ICSD_407294,7.817069999999999
Os1Si1Zr1_ICSD_647807,101.571
Cd1Er2S4_ICSD_100518,23.6469
Co1Ga1Hf1_ICSD_623085,68.0943
Ba1S3Zr1_ICSD_165977,33.6958
Au1Dy1_ICSD_58439,29.6842
Ge6Lu4Ru7_ICSD_90199,81.3378
Ca3N1P1_ICSD_106350,53.3355
Br6K2Pt1_ICSD_23771,6.06005
In1Pt3_ICSD_56260,49.1811
Li1P1Zn1_ICSD_642242,52.4515
Ag1Nb1O3_ICSD_55649,88.9325
F2Kr1_ICSD_279623,4.0675
Tb3Tl5_ICSD_652974,20.5789
Al7Cu16Yb6_ICSD_607188,37.6697
Dy1Mg1Pd1_ICSD_657929,16.9488
Ag1Sn1Tb1_ICSD_55822,39.1718
Cs1I1_ICSD_44291,5.61116
Mg1O3V1_ICSD_15927,24.5093
Au2Si2Tb1_ICSD_55818,47.3193
Re2W1_ICSD_650203,101.15299999999999
Ag1In1O2_ICSD_95671,26.6377
Al1Mo3_ICSD_57999,113.90799999999999
Pb1Pt5Si1_ICSD_648402,56.2858
Ca1Rh2_ICSD_108145,47.5757
Pt1Sn1Y1_ICSD_649700,49.1232
Bi3Sr4_ICSD_96944,14.0892
C1Nb2P1_ICSD_43009,137.344
Ge13Ir4Yb3_ICSD_636769,50.6362
Ag1Mg1Sb1_ICSD_187149,13.5164
Ag1In1S2_ICSD_156129,15.9626
O2Th1_ICSD_246705,53.4835
B3Nb2_ICSD_656213,209.295
Mo3Os1_ICSD_105054,103.669
Dy3Rh1_ICSD_630158,14.033
Fe1Ru2Si1_ICSD_53525,122.214
La1Zn1_ICSD_104735,25.5562
Fe1Si1Ta1_ICSD_633568,89.7236
Bi1F4K1_ICSD_63166,21.4383
Au2Ga1_ICSD_58459,23.1175
Pt1Sc1Si1_ICSD_79597,64.9206
Ca7Cl2H12_ICSD_420927,33.9317
Hg3Y1_ICSD_104369,18.151
Ca1Cd2_ICSD_420577,24.057
O7Sn2Tb2_ICSD_82959,86.2893
N4Zr3_ICSD_97998,116.53299999999999
Al1Hf1Pt1_ICSD_156267,69.2615
As4Pa3_ICSD_611159,55.2665
Ga1Ho1Pt1_ICSD_634398,31.3665
Ga12Lu4Pd1_ICSD_634587,57.3842
Cl4K2Mg1_ICSD_4035,12.3397
Sr1Tl2_ICSD_106111,15.8846
Co2Fe1Ga1_ICSD_102386,66.0041
Cr2Hg1Se4_ICSD_402408,23.6009
C2Mg1_ICSD_88057,31.099
Cu2La1Si2_ICSD_106841,69.9469
Cr3Nb1_ICSD_188235,47.4103
Gd2Hf2O7_ICSD_236213,94.9153
Ag1F1_ICSD_18008,7.189210000000001
P1Sb1Zr2_ICSD_153678,67.0024
Ag1N1_ICSD_185555,31.6582
Sb1V3_ICSD_106037,74.9384
Rh2Tb1_ICSD_105943,59.6646
Cs1F3Sr1_ICSD_49578,20.3667
Hf3Rh5_ICSD_104267,66.9564
As3V5_ICSD_611571,80.6824
Ag1Dy1Sn1_ICSD_418582,39.1573
As1Pd2_ICSD_26279,32.2073
Se1_ICSD_150731,1.65057
Cr2O6Te1_ICSD_24794,106.94200000000001
Bi1N1Sr3_ICSD_152053,36.5131
Ca1O3Pt1_ICSD_160328,71.2995
Re1Si2_ICSD_108721,120.939
Si1V3_ICSD_186003,63.4057
Er4In1Rh1_ICSD_417515,35.4541
Au1Ho2_ICSD_58480,19.6498
As1Er1Pt1_ICSD_610395,48.479
S3Th2_ICSD_651154,39.8772
Os2Th1_ICSD_105570,26.9217
Nb3Rh1Se6_ICSD_645284,53.3001
Tl1_ICSD_53778,4.34377
In1Pd2Zr2_ICSD_107332,39.8786
Ru1_ICSD_40354,191.304
Rh1Zr1_ICSD_105980,17.1067
Ga3Ho1Ru1_ICSD_634401,60.0786
Br3Ca1In1_ICSD_54138,6.87816
In1N1Sc3_ICSD_98499,76.3972
Er1Pd3S4_ICSD_630936,24.63
H1Mg1Ni1_ICSD_187257,52.3273
Bi1Pt1_ICSD_58845,16.8856
Mn1Nb3S6_ICSD_643019,44.6291
Ga1Hf1Pd1_ICSD_156269,60.744
Hg1Mg2_ICSD_104315,15.1839
Ge1Li2O3_ICSD_100403,39.6643
Al1Li2Rh1_ICSD_105508,35.0487
Ge3Ir2Tb3_ICSD_425777,52.1365
Cd2Yb1_ICSD_620601,22.7792
Cl4U1_ICSD_202331,17.2795
C1Tl1Y3_ICSD_42923,61.7243
Bi1O3Rh1_ICSD_188150,65.9479
In1La1Pt4_ICSD_639860,41.4522
Ag1Au1F4_ICSD_90071,12.2222
Mn3N1Zn1_ICSD_76070,51.585
B3C1Nb3_ICSD_411622,186.40599999999998
Ge2Rh2Tb1_ICSD_53893,65.9136
Al1C1Ti2_ICSD_157767,113.383
Re5Si3_ICSD_650114,102.12100000000001
As1Cu3S4_ICSD_42516,25.8549
Au1Lu1Sn1_ICSD_245756,36.7443
Bi1Ti2_ICSD_617225,21.831
Al4Er1Ni1_ICSD_57779,60.82899999999999
Ba1Pt1Sb1_ICSD_59186,21.7037
Al1P1_ICSD_24490,46.3929
Au1In2_ICSD_58489,19.7371
Er1Ga3_ICSD_103231,41.5446
Ba1Si2Zn2_ICSD_174269,47.2998
Al2Tb1_ICSD_169026,56.8041
Ba2Ge1_ICSD_25351,11.6589
Th3Tl5_ICSD_653244,24.6213
As1Zr1_ICSD_20291,64.9747
Au1Li3_ICSD_58524,8.6145
Na3Sb1Te3_ICSD_75513,7.52503
Au2Sn1U1_ICSD_58593,14.8565
Fe6Ge6Hf1_ICSD_53466,59.4311
Li1Si1Y1_ICSD_262362,48.5326
Dy1Ni1P1_ICSD_630012,65.3667
Ca1Cl2_ICSD_56769,11.3858
Ru2Si3_ICSD_95587,111.35700000000001
Al3Nb1_ICSD_107857,103.346
Al1Er1Pd1_ICSD_603267,35.1179
Be2Zr1_ICSD_58756,96.0126
H2Hf1_ICSD_24721,27.4705
Mg1O6Pt3_ICSD_35340,74.0204
As1La1Te1_ICSD_280231,34.8096
Dy1Ir1Si3_ICSD_629884,60.7828
Dy3Ni2_ICSD_2334,24.2371
Cd1Sr1_ICSD_102066,16.0475
As1Ba1Li1_ICSD_56445,22.9624
Co1Rh2S4_ICSD_174043,40.6839
Er2In1_ICSD_103251,26.7877
H1Ho1Se1_ICSD_78957,66.294
Al1Ti1Zr2_ICSD_185119,36.5249
Dy1Sn2_ICSD_152349,34.7949
Al2Au2Th1_ICSD_658122,51.218999999999994
B2Ir1Mo2_ICSD_23786,143.153
Cl6K2Mn1_ICSD_9679,6.5614
Fe1Si1_ICSD_36188,160.27200000000002
Al1B1Be1_ICSD_43351,133.614
O2V1_ICSD_10141,119.256
Cd11La1_ICSD_620068,27.198
In3Pd2_ICSD_59478,37.7439
Ga3Sc1_ICSD_103958,30.8365
Dy1Zn1_ICSD_103379,30.4545
K2Mg5Sn3_ICSD_421342,10.6077
Cs2I6Te1_ICSD_38105,4.0873099999999996
B12Er1_ICSD_613695,211.61900000000003
B1V1_ICSD_42952,218.68099999999998
Fe1Ga12Y4_ICSD_249996,45.9265
Ag2Sr1_ICSD_58359,16.1931
Na3S3Sb1_ICSD_425458,11.261
Ge1Ru1_ICSD_637744,89.2474
Br2Ca1_ICSD_173970,10.3149
Cl1Cs1_ICSD_22173,7.7355
Bi3La4_ICSD_602181,23.5667
Cd1Ho1Ni4_ICSD_185113,49.6131
Li2Se1_ICSD_168446,27.107
N1Pd1_ICSD_183193,54.6675
Ga1Y1_ICSD_104030,43.7683
Pd3Zr1_ICSD_185643,71.7182
Al1C1V2_ICSD_187512,116.88600000000001
Er1Ni1Sb1_ICSD_103273,58.0298
Mg2Si1_ICSD_167512,14.1795
Ni1S2_ICSD_169570,50.5336
Ge1Mg2O4_ICSD_86505,97.8248
Cs1S2Tb1_ICSD_602889,24.598000000000003
Co4Ge13Y3_ICSD_623663,66.4485
Co1Er1Ga1_ICSD_102373,32.525
Cu1Er1Si1_ICSD_30768,64.6869
Ca3O1Sn1_ICSD_100787,45.476000000000006
Mo1O6Rh2_ICSD_200014,83.0991
Mn2Sn1W1_ICSD_104980,114.829
Cu1Nb4Si1_ICSD_628492,85.7736
Ge3Pd1Sr1_ICSD_168862,25.0491
Al6Re1_ICSD_58149,71.1316
Nd1Os4P12_ICSD_645670,106.12
C1Th1_ICSD_260883,88.4978
Rh1Tb1_ICSD_105942,36.484
Ag2Sc1_ICSD_605791,32.1643
As1Pd1Tb1_ICSD_656671,51.3134
P2Rh1_ICSD_174221,101.26299999999999
C2Na1_ICSD_186177,111.163
Pt1Si1Sr1_ICSD_604437,27.8788
Ge1Mo3_ICSD_53717,112.25299999999999
Ba3O5Si1_ICSD_1449,40.6267
Cu4Mn1Sn1_ICSD_628407,50.93600000000001
As2Sn1Zn1_ICSD_18203,29.8945
Si1Ti1Y1_ICSD_88113,58.3351
Cd1F2_ICSD_183499,28.4979
Sb1Y1_ICSD_185498,34.4787
Ho2S3_ICSD_72291,42.739
Ni1O1Zr3_ICSD_71964,66.5006
Dy1Mg1Sn1_ICSD_183524,36.6337
Er5Ni1Pb3_ICSD_152606,33.3556
Dy1_ICSD_108420,26.484
Ag2In1Tb1_ICSD_56987,21.3448
Cu1Mn1Sb1_ICSD_42978,30.1694
Se2Zn1_ICSD_652213,29.5632
Co2Ge1Zn1_ICSD_52994,13.0602
C1Tl1_ICSD_618972,32.6696
Ge2La1Rh2_ICSD_55926,64.3869
Ca3Ge1O1_ICSD_181077,49.57
Cu3Sb4Tb3_ICSD_658642,51.2928
C2Er1_ICSD_23689,41.5483
Al3U1_ICSD_150479,60.8111
Au1Ge1Y1_ICSD_405323,44.2439
Ga1Pd1Tb1_ICSD_54586,15.7381
Cd2Dy1_ICSD_58964,29.6748
Hf1Mo1P1_ICSD_88151,120.06700000000001
Ge1Ho1Sn1_ICSD_261754,40.413000000000004
Os3Ti1_ICSD_185638,117.352
Co1Ge1V1_ICSD_623660,92.2041
P1Sc1_ICSD_105584,61.5583
Er1Rh5_ICSD_103297,77.9642
Al1Sc1_ICSD_58098,35.7872
Na1P1Sr1_ICSD_416887,28.915
Ba6C60_ICSD_70062,40.5485
Ga1Se2Tl1_ICSD_100131,13.7304
As1Nb3Te3_ICSD_79934,46.7455
Co1P1Zr4_ICSD_624677,33.8374
Ga1Ni2V1_ICSD_103892,53.8583
Pt2Yb1_ICSD_105848,55.5276
Bi1Nd1Pd1_ICSD_616867,33.9729
In1S2Tl1_ICSD_25355,21.7546
F4Pb1_ICSD_16795,24.6623
C1Ga1Ho3_ICSD_76843,18.6515
As7Mg6Ni16_ICSD_78834,53.07
As2Pt1_ICSD_24156,81.858
Ag2O1_ICSD_173984,1.37277
Bi2O7Rh2_ICSD_161099,70.5491
Ni1Sn1Y1_ICSD_105378,39.9672
Dy3Ge13Rh4_ICSD_629805,64.1561
Ag1La1Pb1_ICSD_107099,31.4848
H1Pd3Tl1_ICSD_247273,46.9119
Au4Li15_ICSD_150973,13.1409
Cd1Ho2Se4_ICSD_246500,18.3177
Br1Rb1_ICSD_61522,7.34254
Er4Ge6Ir7_ICSD_630616,99.6307
La1Pd5_ICSD_104698,44.2282
Ba3Pb5_ICSD_165184,15.1379
Ho1Sn3_ICSD_104449,10.1805
As1Gd1_ICSD_43634,48.3711
Cl6K2Ti1_ICSD_26934,5.54023
Cd1La1Pd1_ICSD_656599,24.4271
Au1Ti3_ICSD_58605,52.2827
F10K1Tb3_ICSD_28214,43.8188
H1Pd1_ICSD_638417,38.0427
Fe1Ga1Ni2_ICSD_187492,42.0687
Pd1Se2Tl2_ICSD_79601,8.028789999999999
C1Nb4Ni2_ICSD_618488,93.0228
Ir1Si3Y1_ICSD_641038,58.8787
P1Pt1Sc1_ICSD_417911,42.6131
Ca3H2Pb1_ICSD_165616,24.7412
Ba1Hg1_ICSD_58654,14.4955
Pd1Sb2_ICSD_42751,22.4467
Ni1Si2_ICSD_163352,42.6616
Cu1F3Rb1_ICSD_69656,23.877
Cs2S2_ICSD_200474,4.94956
Ir1Y1_ICSD_104600,47.9917
Ir1Sb1_ICSD_44481,60.1646
Au1Cs1_ICSD_150971,7.06757
Ge2Mo1_ICSD_637135,133.985
C1Sc3Sn1_ICSD_77397,75.2363
N1Ni2Zr4_ICSD_644605,62.8107
C1Nb4Zn2_ICSD_42938,86.1291
Dy2Ge2In1_ICSD_172492,33.5023
Cd1Er1Ga1_ICSD_619819,50.9827
Bi2Ir1_ICSD_424397,47.2357
Cd1Pt2Zn1_ICSD_102057,57.321999999999996
C1Ca1Pd3_ICSD_108128,16.6683
Al1N3V4_ICSD_181348,106.455
Pd2Si1_ICSD_648847,48.568999999999996
Dy1Mg1_ICSD_103129,22.4531
Au1Mn1Sn1_ICSD_240860,18.1898
Dy2In1Pd2_ICSD_107343,34.7648
La1Pd3S4_ICSD_61031,35.0021
Pb1Th1_ICSD_105631,23.3397
Ge7Ir3_ICSD_53656,84.2498
Yb1_ICSD_43572,9.05585
Ho1N1_ICSD_169207,129.03
Se3Th2_ICSD_652026,34.1569
Al16Os7Sc6_ICSD_609011,77.994
Bi1Ca1Cu1_ICSD_57018,28.7285
Ag1Zr2_ICSD_163153,34.2884
O1Pb1_ICSD_15466,10.5832
Be2Si1_ICSD_183010,50.2261
Dy1Pt2_ICSD_103355,68.6807
Ba3Mn1N3_ICSD_80771,22.2303
Ca1Cd1Pb1_ICSD_58877,20.5949
Ir1Li2Mg1_ICSD_180120,25.9173
Na2Te1_ICSD_182741,11.9053
Sr1Tl1_ICSD_106110,14.0896
C1Pb1Pd3_ICSD_108178,31.9704
Cu1Ge6Y2_ICSD_627877,50.1991
P1V1Zr1_ICSD_39562,106.79700000000001
Hf1In1Ni2_ICSD_54595,52.5444
Al20La1Ti2_ICSD_236256,53.7629
Au1Tb1_ICSD_58600,28.2521
C2Cs2Pt1_ICSD_94397,15.0041
B3H12Y1_ICSD_169076,17.3461
In1La2Rh2_ICSD_106975,26.5547
Er1Pt1Si1_ICSD_630989,63.848
As1Ni1Se1_ICSD_93901,50.9293
Si1Zr1_ICSD_20284,94.0489
As1Pd5Tl1_ICSD_23540,46.99
Al1Ge1Y1_ICSD_76295,55.5097
Ca1Ir1Sn2_ICSD_410773,35.0279
C1Co2Ta4_ICSD_617448,110.39
Ge6Ir7Tb4_ICSD_636740,96.0991
La1Mn1O3_ICSD_188401,82.1317
Dy4Mg1Rh1_ICSD_417454,26.9598
Br3Cs1Dy1_ICSD_300285,9.924439999999999
Cu1Ge1Sc1_ICSD_627808,65.3961
F3Na1Zn1_ICSD_69349,35.9334
I1Tl1_ICSD_60491,5.92427
Mg3Ni2Ti1_ICSD_187996,43.711999999999996
Ho1Ir2Si2_ICSD_639356,107.473
B2C2Tb1_ICSD_612659,112.461
Be13Ce1_ICSD_108099,129.108
Mn1O1_ICSD_162039,62.8174
Cd1N1Ni3_ICSD_422859,67.2357
Ga1Mg1Sm1_ICSD_413286,43.1676
Ca1O4S1_ICSD_159702,33.7867
Rh1Sn1Zr1_ICSD_650412,50.8381
C1Nb3Ni3_ICSD_618487,90.0281
F3La1_ICSD_155554,35.5401
Hf1Os3_ICSD_185650,109.072
Al2Cu1Mg1_ICSD_186681,47.065
Cu1Sn3Zr5_ICSD_656297,61.1478
Co2Ga1Mn1_ICSD_102438,51.6939
Bi1Ca3N1_ICSD_106320,46.6457
Ca1Pb1Sr1_ICSD_172008,17.6794
Ba1Cd1Ge1_ICSD_106305,24.6889
Co1Ga2Zr6_ICSD_20876,51.688
Nb1Rh1Sb1_ICSD_107122,41.3594
Ag1Sb3Zr5_ICSD_605789,59.99100000000001
Ho1Rh3Si2_ICSD_56243,101.449
Ge1Rh2_ICSD_637674,69.2597
Al1Tb2_ICSD_609457,28.4362
Cd1Cl8Na6_ICSD_35070,12.5747
Cl6Rb2Ti1_ICSD_26689,4.66555
Ga1Ir1Th1_ICSD_634457,39.4681
Sn6V6Y1_ICSD_182148,70.9229
Cd1Dy2S4_ICSD_52798,22.924
La1Ni2Rh3_ICSD_183387,66.0321
B2Mo2Os1_ICSD_614829,157.601
H2W1_ICSD_247591,72.8303
Be1Cl2_ICSD_173561,10.9692
Dy1Pt3_ICSD_103356,64.7403
Cu2Sc1_ICSD_629012,40.7378
B1F5Li2_ICSD_426821,25.2902
Ba1O3Sn1_ICSD_180138,82.4841
Ga12Ho4Pd1_ICSD_634396,57.2485
Sr1Zn5_ICSD_106114,25.8666
P2Ru2Sr1_ICSD_42966,54.8349
Al1Ni1_ICSD_150607,77.8808
P4Pa3_ICSD_647902,64.8219
Ga1Gd3O6_ICSD_420733,58.2837
Au1Ca1In1_ICSD_408579,18.774
Ag1Er1S2_ICSD_423921,26.8156
S1Th1_ICSD_31707,31.0218
Rb2S1_ICSD_29208,8.10391
Mn1Ni6O8_ICSD_40584,83.9023
Fe1N2W1_ICSD_75971,144.46200000000002
Cl2Hg2_ICSD_157979,6.36385
Cr1La1S3_ICSD_51123,45.4029
Cl6Rb2Te1_ICSD_26703,5.0812800000000005
Ge6Ir7Sc4_ICSD_636731,102.206
H1K1_ICSD_183287,9.76424
Cs1Gd1S2_ICSD_602861,23.8103
Hg1La1Pd1_ICSD_657950,25.95
Br3Cs1Pb1_ICSD_181287,7.985519999999999
Tb1Tl3_ICSD_106130,13.482000000000001
Ge3Rh5_ICSD_42776,62.4228
H1Ta2_ICSD_41774,63.8499
B1Sc3Tl1_ICSD_44586,54.0045
F6Ge1Rb2_ICSD_68982,6.07852
Ho1Mg1_ICSD_104417,19.6042
Mg3Ni20P6_ICSD_72350,66.1933
S1Se1U1_ICSD_78584,40.3853
Ca3N1Pb1_ICSD_106351,8.465639999999999
B1C1Li1_ICSD_245287,132.303
N1Nd1_ICSD_169200,88.3516
Au2Si2Yb1_ICSD_52678,37.3043
Ag2Ba1_ICSD_240052,14.1632
As1Cd1Pd5_ICSD_609974,44.8511
Cu2Dy1Ge2_ICSD_53248,56.3441
Ge2W1_ICSD_638116,136.149
Co2Si1Ti1_ICSD_185969,95.5746
Hf1Si1V1_ICSD_638931,73.9976
H2.25La1_ICSD_187682,37.6671
Rh2Sn1_ICSD_105931,56.6696
Nb3Pt1_ICSD_105203,78.4653
Al18Mg3Mo2_ICSD_608418,52.6787
Ca1In4Pd1_ICSD_410890,24.0667
Ge1Ni1Ti1_ICSD_53862,79.7815
Ca1S3Zr1_ICSD_23286,36.6306
O3Rb1U1_ICSD_99548,69.0141
Cd1P2_ICSD_26199,27.3997
Au4Hf1_ICSD_611961,40.7912
Dy1Os2_ICSD_630052,49.3436
Au1K1Se2_ICSD_84003,9.34114
Cl2Sr1_ICSD_18011,13.5806
C1Mg3Zn1_ICSD_44855,36.0567
Mn1Pt1Sb1_ICSD_643376,33.3105
O3Pb1Sr1_ICSD_4121,49.9059
Dy1Hg3_ICSD_629833,18.9735
Cd1Cu4Er1_ICSD_415196,48.2549
Cd1Zr2_ICSD_620613,32.4397
Pd1Sc1_ICSD_105672,35.8967
Be1Cu1_ICSD_58700,64.8486
As2Ni1U1_ICSD_601778,54.8241
Li5N2Na1_ICSD_92313,23.8188
Be1Pd3_ICSD_107610,36.0099
Hf1Tc2_ICSD_638955,30.3826
Te12Th7_ICSD_85788,28.064
Fe1Si1Zr1_ICSD_633674,103.05799999999999
F3Mg3N1_ICSD_18320,80.8871
Hg1Ho1_ICSD_104297,21.0546
Se1Yb1_ICSD_106048,33.7127
Au2In2Sr1_ICSD_249563,15.9469
Bi5La3Sc1_ICSD_416609,25.7609
Cr2Hf1_ICSD_102775,45.9509
Au1Nb3_ICSD_58557,61.193000000000005
Ge6Ir7Y4_ICSD_636762,95.9771
Cr1N1Nb1_ICSD_23779,160.16299999999998
Cd1La2Rh2_ICSD_107389,22.9009
Cu1Sb1Sr1_ICSD_53339,34.1573
Au2Tb1_ICSD_58601,34.3779
Ho1Rh1Zn1_ICSD_419898,34.2526
Cs2Pt1_ICSD_413241,5.355980000000001
Ge1Sc1_ICSD_42947,52.602
Dy2Ge2Mg1_ICSD_423452,56.3577
In1Pd2Sc1_ICSD_59481,42.2588
Ba1Pt5_ICSD_58676,60.18
Mg2Tb1_ICSD_642872,17.8344
Al1Au2Sc1_ICSD_57505,16.8456
Al16Hf6Os7_ICSD_608133,67.8841
B2Mo3_ICSD_614800,165.99599999999998
Tl3Y1_ICSD_106196,11.8327
Ru3U1_ICSD_106008,103.304
Pt1Sc1_ICSD_105784,41.7818
As1Na3_ICSD_182163,13.3045
Er1Se1_ICSD_53418,26.3462
Cd1Li2Sb1_ICSD_52815,10.8823
Hg2Sr3_ICSD_107371,10.2611
F6S1_ICSD_214,1.525
Au2Ca1Ge2_ICSD_25333,19.9173
Er1Mg1Pd1_ICSD_657930,17.9007
N1_ICSD_187643,238.85299999999998
Ir1Mo3_ICSD_600761,104.165
Br6Cs2Pt1_ICSD_77381,4.803640000000001
Al1Ir1Th1_ICSD_608247,44.0084
O2Sr1_ICSD_24249,44.6311
C2Dy1Ni1_ICSD_617610,101.244
Ir2La1_ICSD_104483,70.0822
C1Nb2S1_ICSD_180619,95.5822
F5Mn1Rb2_ICSD_82218,10.0842
Lu1Pb2_ICSD_104811,11.5566
Ge1Ni2Zn1_ICSD_53865,42.8333
Na4Si23_ICSD_248168,44.3806
Hg11Rb1_ICSD_410567,4.09618
Ag1Bi1Yb1_ICSD_604874,20.7652
Ba1Zn1_ICSD_58682,15.3945
Ga1Sn3Zr5_ICSD_106753,67.3149
O5Ta2_ICSD_236386,99.7348
As1Nd1_ICSD_26268,43.4134
La2O2Te1_ICSD_27004,30.8472
Ir2S3Sn3_ICSD_640953,31.6174
Ag1Mg1_ICSD_150831,22.5797
Dy2Rh3Sn5_ICSD_630166,36.119
Cd1Co1Dy4_ICSD_417044,26.8854
Be13Sb1_ICSD_834,77.6648
Al2Sr1_ICSD_181800,36.7942
Fe1Ga12Ho4_ICSD_180134,48.2424
Ag1Cu4U1_ICSD_603921,27.8055
Au3Er3Sb4_ICSD_611833,39.7287
Ca1Mn7O12_ICSD_168994,68.9835
B1Ni3_ICSD_106927,75.2808
Ce2Ni12P7_ICSD_157629,72.9591
Ag2Tb1_ICSD_58365,22.0175
N2Se1Zr2_ICSD_424266,67.8705
In3Sc1_ICSD_59524,19.8065
Br1F1Sr1_ICSD_155008,19.0161
Er1Pd1Tl1_ICSD_103286,21.4024
Ba1Ga2Se4_ICSD_24386,14.6112
Cd1La4Ru1_ICSD_419069,19.7906
O5Ti3_ICSD_20361,63.4889
Bi1Ni1Zr1_ICSD_107121,39.4577
B4V3_ICSD_615659,222.205
Au2P3_ICSD_8058,30.2555
Be13Er1_ICSD_603924,123.04
Na3Sb1_ICSD_26882,13.247
N3V2_ICSD_182700,179.127
Li1N2P1_ICSD_32713,100.525
Pt1Sb1Yb1_ICSD_77953,14.3121
Mo3Sb7_ICSD_16823,50.3161
As2Ba2Cd1_ICSD_422941,20.153
B3Co1W3_ICSD_25753,205.28599999999997
Cl6Rb2Zr1_ICSD_26694,4.66488
As1Sn1_ICSD_44063,35.1129
Dy1Ga3_ICSD_103187,41.4614
F3Pd1Rb1_ICSD_73166,25.9101
Ni1Sb1Zr1_ICSD_408195,56.0519
Al2Au2Sr1_ICSD_658124,27.4135
Au1In2Na3_ICSD_170867,8.23354
Rh1Si1_ICSD_182504,84.3679
N2Ru1_ICSD_240754,152.761
H3Pd1Ti2_ICSD_167659,49.5977
Ba1Se1_ICSD_52695,17.3248
S4Sn1Sr2_ICSD_413024,14.7399
Cd1O2_ICSD_109339,39.0598
As1_ICSD_162842,29.0961
Cu1Nb3Te4_ICSD_628496,29.9582
N1V1_ICSD_169820,247.946
Ho2Rh3Sn5_ICSD_639639,36.1158
Cu2In1Y1_ICSD_103023,35.9008
C1Dy5Ge3_ICSD_617597,43.1529
Pt1Sb2_ICSD_43105,49.1032
Al1N1Zr3_ICSD_29521,89.6327
Co2Ga1Hf1_ICSD_102433,61.0838
Nb1Pd3_ICSD_105191,76.9974
Au1Mg1_ICSD_58538,28.7336
P2Ti1_ICSD_24351,85.6627
H6Li2Pt1_ICSD_236283,26.3648
In2Ir1Li1_ICSD_106798,41.1162
Ca3Ge13Ir4_ICSD_619308,50.0357
Er2Ni1Sn6_ICSD_630882,34.0264
Cl6Rb2Sn1_ICSD_26698,4.46512
Cl6Pb1Rb2_ICSD_26712,3.9133400000000003
Li1Sb1Sr1_ICSD_172216,25.4897
Ba2N2Zn1_ICSD_80377,22.9641
C8_ICSD_20351,219.56099999999998
Ag1As1Ba1_ICSD_8278,28.3141
Er1Pt2Si1_ICSD_630985,55.6242
C1Ca1O3_ICSD_181959,21.4344
Ho4Sb3_ICSD_639686,31.945
Au1Ca3_ICSD_58401,10.5154
Mn1Si1Tb1_ICSD_88060,59.6171
Ge1Rh1Ta1_ICSD_421092,91.8629
Bi1Pd1Te1_ICSD_616961,23.3455
As2Ge1Zn1_ICSD_610626,37.311
Mn1O3Y1_ICSD_181182,66.5955
Os0.67W1.33_ICSD_647862,146.477
I2Pb1_ICSD_24264,3.3212099999999998
Rh1Sn1Tb1_ICSD_650391,37.566
Gd1Mg1_ICSD_104065,21.6397
Ge2Rh2Th1_ICSD_53895,71.1657
B1Bi1_ICSD_184569,61.2994
Cs1Cu1O2_ICSD_15097,12.0383
Dy1Se2_ICSD_630258,38.4093
Ge3Ir1Sr1_ICSD_168861,41.72
Ag1O2Sc1_ICSD_95668,30.8939
Hf1Rh1Si1_ICSD_638834,97.4116
Ga2O4Zn1_ICSD_187290,85.8557
Br1H4N1_ICSD_43300,9.2643
Ge1Pt1Y1_ICSD_637661,54.8259
Er1H2_ICSD_103243,56.9482
Ca1Pd5_ICSD_106357,45.9569
Dy2O7Ti2_ICSD_188553,102.479
Br6K2Se1_ICSD_36228,5.47693
As1Hf1Ru1_ICSD_610654,81.9486
Ag1Li1_ICSD_58310,14.9382
Sn1Te5Tl2_ICSD_73666,9.17845
As2Hf1_ICSD_610636,75.7912
Au5K1_ICSD_106286,22.7251
Ni2Sn1Ti1_ICSD_105369,48.0586
I1La5Sn3_ICSD_95240,28.3373
Pt2Ta1_ICSD_105802,77.6531
Ca1Ge1Mg1_ICSD_42456,38.961
Nb3Te1_ICSD_105244,82.4947
La4Pb3_ICSD_641648,24.9431
Pt3Th7_ICSD_150671,21.7032
Al18Mg3Ti2_ICSD_107850,45.1957
Er3Ge4_ICSD_657789,51.2507
Ho1Ir1Sn1_ICSD_639364,44.4359
Pd1Y1Zn1_ICSD_183334,22.38
C2Ir1_ICSD_181489,97.5426
Cr1Rh3_ICSD_108348,119.954
O1Sn1Sr3_ICSD_181088,34.8493
Bi1Ho1Pd1_ICSD_616693,36.3466
La1Sn2_ICSD_657383,23.9169
Ho1Pt3_ICSD_104442,65.7832
Al18Cr2Mg3_ICSD_57659,52.9134
Co1Sn1Tb1_ICSD_106977,44.4214
Bi1Tb1_ICSD_43603,30.5522
Li3P1_ICSD_240861,35.1352
In1Th2_ICSD_102814,25.4969
Al1Er3N1_ICSD_607415,71.142
In1Ni4Zr1_ICSD_59462,56.1422
Hf1Ru1Si1_ICSD_638841,107.333
Ca3Cr1N3_ICSD_40205,49.2899
Al2Er1_ICSD_150946,60.605
Ni5U1_ICSD_105437,71.7746
Au1Ho1In1_ICSD_54953,38.96
Sn4Th5_ICSD_106085,41.0495
Si6Sr1_ICSD_240779,48.8636
Ir1Si3Tb1_ICSD_641008,60.5694
Ca1F6Pb1_ICSD_25522,21.7116
Er1P1Pd1_ICSD_69673,63.2667
B12Ho1_ICSD_614457,212.53400000000002
Al3Ni2_ICSD_107713,84.4965
As7Ho2Ni12_ICSD_610672,52.5565
Al1Pt2_ICSD_58130,59.3576
Pt3Yb1_ICSD_105849,42.2701
Hf2Ho2O7_ICSD_162005,96.6444
H5Rb3Zn1_ICSD_187418,10.6644
As1Rb3Se16_ICSD_405959,3.8618300000000003
Au2Cl6Cs2_ICSD_24515,11.7159
Ba2Cd1_ICSD_30083,9.89214
Nb1Pd2_ICSD_645190,75.0037
Al1Cu1Er1_ICSD_184971,42.9259
Pt1Sb1Tb1_ICSD_77950,46.78
Dy1In1_ICSD_103201,21.9057
Au1Pb1Tb1_ICSD_58569,31.0617
Au3Li1_ICSD_58525,15.8944
Hg1Sr1_ICSD_104345,17.4304
Th1Tl3_ICSD_106159,18.2616
Ho1Se1_ICSD_43547,27.2323
Er1P1_ICSD_167760,61.0168
Ba1Bi1Na1_ICSD_413810,16.6426
Pt1Sb1Sc1_ICSD_77948,51.0477
Eu1F2_ICSD_260882,30.4968
Co1Sb1Ta1_ICSD_107128,68.8971
Ba1In4_ICSD_414230,19.7444
Au1Ca1Ga1_ICSD_106273,24.4339
Bi1La1_ICSD_58795,25.8958
Cs2.67O16Te5.33_ICSD_261688,63.422
Co2S6Ta9_ICSD_624869,50.3488
Ga1In1O3_ICSD_30339,77.8363
Ag1Na1O1_ICSD_188531,24.1056
F6Hf1K2_ICSD_47244,5.15153
N1Rh2Zr4_ICSD_644657,60.0378
B6Pu1_ICSD_43658,99.2488
H15Th4_ICSD_24686,35.1486
Dy1Ge1Ir1_ICSD_629772,44.1603
C2Ho1_ICSD_17026,41.8845
Br1Mo1S1_ICSD_163308,33.8243
B1Ni6Si2_ICSD_185117,77.5816
O2Rb1Sc1_ICSD_1270,54.1388
As1Mn1Ru1_ICSD_44004,63.7991
Pt1Y3_ICSD_8016,15.4238
F3Sc1_ICSD_261067,38.6948
C2N2Zn1_ICSD_22392,6.899030000000001
As2La1Rh2_ICSD_610777,54.3276
Ba3O1Sn1_ICSD_100792,25.4836
Cu4O3_ICSD_100566,20.752
Ce1O4V1_ICSD_15612,37.6144
F6Mn1Rb2_ICSD_202536,7.89779
Er1Mg1_ICSD_103260,24.678
Ni1Sn1Ti1_ICSD_174568,60.9389
N1Pa1_ICSD_644621,83.4642
Mo1Pt1_ICSD_644148,132.32
Ba1Os4Sb12_ICSD_658736,52.5555
Cd1Cu1F4_ICSD_73478,33.836
O3Sr1Tc1_ICSD_109076,93.7816
Re4S4Te4_ICSD_39781,42.7901
La2S3_ICSD_15151,32.7198
Er1Rh1Sn1_ICSD_411825,43.2424
Mn1P1Rh1_ICSD_643230,52.0858
Dy2O7Tc2_ICSD_109080,95.8064
Cl1La1Te1_ICSD_426279,25.9872
Pt1Sn1Th1_ICSD_108712,39.1165
Au3Dy3Sb4_ICSD_611802,38.7175
Al1Si1Sr1_ICSD_158842,39.1042
Ca1Cs1F3_ICSD_290340,26.8264
N1Ni2W3_ICSD_86170,146.43200000000002
Ru1Y3_ICSD_650772,26.9652
Gd1O4P1_ICSD_184554,54.1724
Ba2Sb1_ICSD_41837,14.8144
Ba1Pb1Zn1_ICSD_106315,21.72
Dy1Pd3_ICSD_103344,59.1834
K1Zn13_ICSD_415886,53.4154
Bi1Rh1_ICSD_109109,32.3034
Rh1S2_ICSD_105914,35.3893
Hg4Pt1_ICSD_108762,30.3331
O7Y2Zr2_ICSD_153818,86.5563
Ba1S3_ICSD_23637,19.237000000000002
Rh1S1Sb1_ICSD_650233,70.3241
Dy3In1N1_ICSD_98504,65.204
Al1Tc2_ICSD_609480,112.03399999999999
Ir4Sc11_ICSD_10438,36.3916
Mn1_ICSD_41509,30.4187
Pr1Te1_ICSD_77936,22.5871
Ru3Th7_ICSD_150668,27.4049
Ga1P1Pt5_ICSD_635044,66.4697
Cd1Li2Pb1_ICSD_102015,11.4381
N3Nb4_ICSD_76389,148.011
Hf5P7Pd9_ICSD_92439,53.1902
B4Mo1U1_ICSD_614852,197.325
Hf1Ru1_ICSD_104268,104.20700000000001
In3Lu1_ICSD_51969,29.235
Ba1Bi1O3_ICSD_151896,55.2983
Na2Se1_ICSD_168447,15.6784
Dy5Rh3_ICSD_630149,24.0066
Al1H3_ICSD_182535,32.6478
O6Os2Rb1_ICSD_161127,75.8183
Br1Na1O3_ICSD_30208,15.2206
As2Cu1Y1_ICSD_412550,53.9374
Be1Na1Sb1_ICSD_100092,24.232
As1Mg1Pt5_ICSD_610830,68.4803
In9K1Ni2_ICSD_260252,20.9323
Bi4Cu4Mn3_ICSD_58775,26.7237
Au1La1Pb1_ICSD_612104,31.7775
Hg1Pd1_ICSD_104333,30.8463
Ca3N1Sb1_ICSD_106352,10.6303
Dy1Ga2Ni1_ICSD_629726,44.6033
La1Ru1Si3_ICSD_641787,63.4977
Au1Sn4_ICSD_151194,12.3513
Li2Mg1Pb1_ICSD_104746,16.1243
Al1Co2Ta1_ICSD_57634,96.9437
As1Pb3Zr5_ICSD_604204,62.9127
As2Ni2U1_ICSD_611092,48.9915
Dy1Ge1Sn1_ICSD_261753,40.7208
Cl1La1Se1_ICSD_188001,28.7845
Si2V1_ICSD_603134,142.40200000000002
Bi2Co1Hf6_ICSD_54566,62.0954
As2Pd1_ICSD_24154,42.6853
Ba1Pt1Si1_ICSD_604438,29.1339
Pd2Sb2Sr1_ICSD_604349,17.0698
F6Ni1Rb2_ICSD_29005,7.91673
Al20Pr1V2_ICSD_236263,61.0969
Dy1H2_ICSD_53365,56.9104
Co1In8Y2_ICSD_623948,31.3873
Al1Hf1_ICSD_107828,74.6765
Ir3V1_ICSD_104594,214.757
Ca1Ge2Rh2_ICSD_52760,56.5268
Be2W1_ICSD_58754,167.99599999999998
Ba1P2Ru2_ICSD_602127,50.6105
As2Hf3_ICSD_610637,66.15100000000001
Cr2S4Zn1_ICSD_164169,41.2715
Ge13Rh4Y3_ICSD_637724,63.3584
Ba1S1_ICSD_30240,24.487
Er1Si1_ICSD_106621,67.5037
In1N1Tb3_ICSD_98498,62.8922
As1Li1Zn1_ICSD_74504,42.953
Au2Y1_ICSD_612462,35.5028
C2U1W1_ICSD_619037,131.179
Ca1In1Rh1_ICSD_410841,23.9095
Br1In1_ICSD_23126,7.918019999999999
Co1Ti2_ICSD_625472,50.8053
Au1Ca1P1_ICSD_52661,34.3122
Co1Si2_ICSD_27139,63.4979
Pt3Tl2_ICSD_105821,44.5263
Au2Sc1_ICSD_612299,44.4166
Hg1Sc1_ICSD_104342,31.4425
Sc1Si1_ICSD_42946,67.0115
Ag1Yb1_ICSD_58378,8.55208
C2Cd1N2_ICSD_20748,3.9841800000000003
Pt1Sc1Sn1_ICSD_411822,52.5606
Ir1Sn1_ICSD_104561,56.0222
Ag1Mg1Y1_ICSD_104477,14.3676
Al1Ni2V1_ICSD_58071,59.2787
Ge1Hf1Rh1_ICSD_636582,76.4807
Pd2Si2Yb1_ICSD_648891,37.5659
C2Dy1_ICSD_42896,40.4996
Os1Sb2_ICSD_42611,88.633
Br3Cs1Hg1_ICSD_24479,8.11402
Pb2Y1_ICSD_105640,28.0415
Ba1Fe1O3_ICSD_262131,73.8705
Cd1Cu1Dy1_ICSD_656598,29.2751
Mg3Ru2_ICSD_104862,49.7434
B12U1_ICSD_23862,221.255
Al2Ca1_ICSD_151190,43.1928
Hf1Ir1Sn1_ICSD_638586,57.583
Hf2La2O7_ICSD_153815,89.6564
Ca1Cs1H3_ICSD_168718,19.6289
Ba1Mg2Si2_ICSD_25311,40.5821
As1Dy1Pd1_ICSD_656672,51.6086
Ru1Sb1_ICSD_990,70.3584
Cd1Cr2Se4_ICSD_39416,24.1896
Pu1Te1_ICSD_54352,33.5274
N1Re3_ICSD_169881,201.338
Al2O4Zn1_ICSD_163268,109.007
Bi1Ho1_ICSD_187365,32.0032
Au2Dy1Si2_ICSD_106691,45.6709
Al3Ti1_ICSD_167814,51.4369
La3Te4_ICSD_642044,22.1022
S2Y1_ICSD_651404,44.5436
B1Er1Rh3_ICSD_44237,90.4982
Cd1F3Rb1_ICSD_49587,23.6285
Al1Li1Te2_ICSD_162672,13.8082
As1Pt5Tl1_ICSD_611241,50.7645
Co1Ge1Ti1_ICSD_42943,87.7818
Ca1Ge2_ICSD_185655,33.5223
Cl1O1Y1_ICSD_60586,30.9704
H6Ru1Sr2_ICSD_655142,32.6517
Ir2Tb1_ICSD_104568,87.6401
Ir2N1Zr4_ICSD_640826,67.9548
Cu1Hf5Pb3_ICSD_107314,56.0383
Ge13Ir4Tb3_ICSD_636741,64.1956
Cu1Ga1O2_ICSD_95664,57.3055
Er1Pt1Zn1_ICSD_423115,33.3655
Be13Dy1_ICSD_58707,123.304
Pt2Tb1_ICSD_105807,69.6221
Ir1P2_ICSD_174234,128.80200000000002
Ce1_ICSD_2284,23.1276
La1Sb1_ICSD_44805,29.0354
Cu2Ge2Tb1_ICSD_169355,57.5391
Ca1In2Pd1_ICSD_408881,25.7957
Ba1Te3_ICSD_36366,15.4745
Ga1Sn1Sr1_ICSD_166387,26.0632
Na1_ICSD_44758,4.32634
Bi1Rh1Se1_ICSD_617014,53.2161
Ga1Ho3O6_ICSD_99496,64.023
Cu1Ga1Zr1_ICSD_627583,59.8527
Er2Mg1Se4_ICSD_630754,20.1031
Rh1Yb1_ICSD_108726,30.1592
Ba1Be2N2_ICSD_415304,61.9904
Li1Pd1_ICSD_104770,30.8436
F6Pd1Rb2_ICSD_28675,8.09145
B2C1Sc1_ICSD_54104,145.727
Ba6Si46_ICSD_94263,47.1701
C1Os2Zr4_ICSD_618619,79.4066
Ca2H6Ru1_ICSD_656082,41.2434
Al1Pd5_ICSD_245328,46.2551
Co2Si3Zr3_ICSD_625139,86.8755
Cs1In3_ICSD_102867,13.0319
Bi1Cu1Sr1_ICSD_58777,28.2282
Ir1Sc2_ICSD_657999,31.7019
He2Ne1_ICSD_659143,1.1662
La1P12Ru4_ICSD_50596,96.8708
Au1Mg1Sn1_ICSD_159391,27.5993
Ga1Pt1Ti1_ICSD_156263,58.8435
In1Pd1Y1_ICSD_640260,26.7248
Hf1Pb1S3_ICSD_65668,16.9995
Cl4Li2Zn1_ICSD_202743,17.1583
Li1Mn1O2_ICSD_40486,65.4806
Er1Pd3_ICSD_103280,59.7495
Au1O2Sc1_ICSD_95669,39.4848
Al1Y1Zn1_ICSD_609667,55.0322
B12Tb1_ICSD_615534,212.905
Cu3Pt1_ICSD_628749,51.3026
Cd1Mn2O4_ICSD_24258,41.6642
Br2H12Sr7_ICSD_418949,25.9313
In1La1Zn1_ICSD_639873,41.1702
K1O3Ta1_ICSD_181838,121.25299999999999
Ba1Pb6Rh3_ICSD_58669,26.1828
Cl6Pd1Rb2_ICSD_33710,6.8886899999999995
B1P1_ICSD_615155,163.42700000000002
Au1Dy1Sn1_ICSD_55000,40.8505
P3Tc2_ICSD_41017,121.806
Fe1P1V1_ICSD_633116,144.766
Rh1V1_ICSD_105963,81.3444
Ge2Ir3La1_ICSD_424816,97.5384
Mo2Zr1_ICSD_644505,56.5609
La1P2Ru2_ICSD_40795,70.5609
Br5Pb2Rb1_ICSD_151990,7.84673
Mg1Sc2Se4_ICSD_642814,20.6461
Ba1C2_ICSD_168410,16.6224
In8Ir1Yb2_ICSD_414480,28.1779
Fe2W1_ICSD_155757,57.9002
Ge1Ir1Sc1_ICSD_636730,70.938
Cl1Na1_ICSD_100633,13.4547
Ca1P2Ru2_ICSD_602125,80.5024
Ag1Dy1Ge1_ICSD_605077,50.2931
Sb3Yb5_ICSD_173032,26.2868
Cu1S4Zr2_ICSD_27027,29.8649
Mn1Ni4Y1_ICSD_643173,47.5465
Rh1Te1_ICSD_26617,26.180999999999997
Ge2La1Rh1_ICSD_636850,41.3717
Ge4La1Rh6_ICSD_426482,75.9017
As1Te1_ICSD_44071,24.3896
Ag2Dy1_ICSD_150637,24.3425
Al1Rh1Th1_ICSD_609217,38.943000000000005
Ca2Sb1_ICSD_154,26.0125
Nb1Se4_ICSD_645375,33.8226
Ni1P3_ICSD_23714,77.1695
Al1F6K3_ICSD_262078,13.1563
Ge1Th1_ICSD_44502,42.4883
Ga3Ru1Y1_ICSD_635239,59.7322
Fe1Ti1_ICSD_100533,129.42600000000002
Rh1Si3Th1_ICSD_650335,58.9495
Al1Au1Y1_ICSD_602610,42.7155
Au1Y1_ICSD_188182,30.3376
Al1Ho1Ni1_ICSD_107223,40.2984
Hf6Ni16Si7_ICSD_109223,96.8663
Cd1Dy2Te4_ICSD_619806,13.1501
Cl6Pt1Tl2_ICSD_26710,6.53134
Ag2Y1_ICSD_605957,25.7118
Ga3Ni5_ICSD_103861,59.6626
Br5Cs1Sn2_ICSD_151987,5.77115
Ho3Tl5_ICSD_639785,18.2787
Ce1Pb3_ICSD_102244,18.8624
La1Pd2Si2_ICSD_601623,56.2575
Hf2O7Y2_ICSD_153819,95.3711
Cu2Ga1Sc1_ICSD_102930,30.1824
Au1Bi1Ca1_ICSD_58399,21.5896
Al2Os1_ICSD_58108,144.967
Fe1Sb2Zr6_ICSD_156949,53.6366
Ca1In2O4_ICSD_52390,40.4029
Pt2Sr1_ICSD_108148,48.486999999999995
B1C5_ICSD_166554,373.36199999999997
H3Ni1Yb1_ICSD_638405,54.5583
Fe1P1Ta4_ICSD_86378,63.3677
Ba2Hg1_ICSD_30084,10.0205
Cd1In2Se4_ICSD_52811,17.1146
Co1Ge1Ta1_ICSD_623611,64.7056
B1Ir6Zr2_ICSD_421246,145.083
Al2Ni1Y1_ICSD_160930,52.8463
H2Pu1_ICSD_56082,19.4141
Rb3Sb1Se3_ICSD_89608,5.78107
Pd1Sb1_ICSD_42597,26.9109
Nb1O2_ICSD_56018,104.279
Al3Os2_ICSD_58109,120.215
In1Pd1_ICSD_59473,29.474
Fe1Rh2S4_ICSD_174045,48.4032
Ce1O7P2_ICSD_160452,33.328
Ga3U1_ICSD_104015,52.9001
Se1Sr1_ICSD_182720,26.8958
Ni1Si1Th1_ICSD_646618,33.6086
Co1S1Sb1_ICSD_624862,79.031
Ga1Nb1Ni2_ICSD_103839,52.1716
Er1Ga1Rh1_ICSD_630573,28.9002
Pb3Th1_ICSD_105632,7.81244
Li23Sr6_ICSD_15702,7.4157399999999996
B1Ta1_ICSD_186194,205.822
Rh3Th1_ICSD_105949,56.0797
Cl3Mn1Tl1_ICSD_23167,15.9069
N2Zn3_ICSD_84918,73.3224
La2O7Zr2_ICSD_15165,81.8649
Nb1Pt2_ICSD_105200,98.5983
P3Pd1_ICSD_647923,45.6498
P2Pt5_ICSD_24327,57.9136
B1La1Rh3_ICSD_44430,54.0893
C1Ru3Sc1_ICSD_77391,145.547
Ir1Sn4_ICSD_641053,34.1683
Al2Hg1Se4_ICSD_183397,24.4762
C1Pb1Y3_ICSD_56408,39.6654
In1Pd2Th2_ICSD_658304,27.3529
Dy1Ge2Rh2_ICSD_55930,64.8413
Pd1Ti2_ICSD_105722,52.4326
Pd1Sc1Zn1_ICSD_424601,39.0704
Bi1Cu1Yb1_ICSD_416141,27.4566
Co1Si2Tb1_ICSD_625056,66.9193
Ni1Sn1Th1_ICSD_105367,43.8424
Al7Cu16Zr6_ICSD_656063,69.4182
Be22W1_ICSD_58755,151.928
Co1Si3Th1_ICSD_625074,66.4619
Co1Ta2_ICSD_102815,76.5735
Mn1Pd2_ICSD_247774,40.3771
Ag1Br2Cs1_ICSD_150301,6.44948
Cd11Na2_ICSD_421373,16.7642
Br6Cs2Te1_ICSD_24151,4.309159999999999
Ge1Mg2_ICSD_108514,14.9494
F2H1K1_ICSD_18094,15.2661
O3Pb1Ti1_ICSD_153406,91.625
Al16Ru7Zr6_ICSD_609247,56.688
B4Er1Rh4_ICSD_49631,91.2623
As1Dy1_ICSD_187520,50.6182
B4Mn1_ICSD_15079,235.502
Cr2Ga1N1_ICSD_53124,77.8289
Cd2Y1_ICSD_102084,31.735
Pd1Se2_ICSD_166277,15.7759
Cu4In1Sc1_ICSD_416528,56.3081
Sn3Th1_ICSD_106082,13.5011
Gd1N1_ICSD_169204,108.779
Pd3S1_ICSD_24347,36.3759
Al1Si1Y1_ICSD_99138,63.1812
Al1Cr1Cu2_ICSD_57653,37.6162
Cd13Cs1_ICSD_415884,24.7651
Rh1Si1Ta1_ICSD_90435,118.66799999999999
Ag2Sn2Sr1_ICSD_414,18.1047
Ni2Si1Zn3_ICSD_42980,55.0876
Al1Se2Tl1_ICSD_100130,14.2197
Mn1Sc2Se4_ICSD_74407,19.8656
C2Si1Ti3_ICSD_153264,134.143
In1Li1O2_ICSD_40665,56.5765
B1Nb1Ni1_ICSD_43005,140.907
Cd1Rh1Tb4_ICSD_417046,28.9389
Ag1Pb1Y1_ICSD_107275,32.6568
B1Co1Re1_ICSD_20079,115.71799999999999
Ge1Nb1Pt1_ICSD_186940,52.8544
La3Tl5_ICSD_642069,21.0016
B3V2_ICSD_615660,226.44799999999998
Er1Sb1_ICSD_43645,36.6332
Ge1Pd1Ti1_ICSD_409925,60.2413
Ir2Sr1_ICSD_104564,57.6968
Ru1Se2_ICSD_24201,88.8335
As3La4_ICSD_610771,30.488000000000003
P1Pt5Sn1_ICSD_647972,39.5364
Cl1O4Rb1_ICSD_33565,6.64902
Ir3Th7_ICSD_150670,28.869
Cs2I6Sn1_ICSD_22105,3.27906
As1Na1_ICSD_182160,26.1547
B1Dy1Rh3_ICSD_44211,89.8141
Ag1Pb1Tb1_ICSD_107105,34.0086
In1Ir1Li2_ICSD_107089,26.6955
Hf1Si2_ICSD_16697,93.691
Nb4O5_ICSD_39595,113.32799999999999
Au1In1La1_ICSD_58496,27.1577
Gd2O2Se1_ICSD_25808,57.9469
P1Rh1Se1_ICSD_648002,89.2896
Ho2O7Ru2_ICSD_96730,90.5528
Li1O4Ti2_ICSD_154982,73.3513
Er1Pt1Sn1_ICSD_630991,51.849
N0.2V0.6Zn0.4_ICSD_644866,121.06299999999999
Ba2Bi3_ICSD_170218,15.8243
Ag1Se1Tl1_ICSD_100710,11.5694
La1Pd1Tl1_ICSD_104699,22.3824
Ni4Sc1Sn1_ICSD_105340,31.9655
Mo1Se2_ICSD_167357,23.7043
F4Si1_ICSD_14122,5.68312
Au1Sc1Si1_ICSD_71998,58.3337
Nb1Ru3_ICSD_105224,116.147
Hg1La1_ICSD_104305,16.8484
F6Pb1Zr1_ICSD_4051,20.6045
Bi1O3Sc1_ICSD_158759,70.2258
Mo1Pt2Si3_ICSD_174199,94.9713
Br1O4Y3_ICSD_419384,36.8624
Hf1Ni2Sb1_ICSD_638718,61.5584
Ni2Ta1_ICSD_105388,78.9922
Rb2Se1_ICSD_168449,7.24792
Ga1Tb1_ICSD_103979,37.7016
Ag1Sr1_ICSD_58358,13.5338
Li1Pd2Sn6_ICSD_152299,19.2041
Ba1N2Zr1_ICSD_74904,41.7686
Nb3Os1_ICSD_105184,83.9776
Er1Pb1Pd1_ICSD_657946,37.7348
Ba1O3Ru1_ICSD_84652,47.8553
Au4Ho1_ICSD_58483,27.8145
O6Rh2U1_ICSD_23463,69.5118
Ga1Pt1Th1_ICSD_635155,38.9272
Co1O4Rh2_ICSD_109301,62.1023
Bi1Cs3O3_ICSD_406563,5.63509
Fe1Te1_ICSD_180602,24.7335
Ge6Rh7Sc4_ICSD_84201,80.7823
H2Th1_ICSD_180580,16.0954
As2Ba1Pd2_ICSD_61196,35.9495
Bi1Ni1Y1_ICSD_58826,49.2201
Au1Dy1Pb1_ICSD_58443,30.5857
Al1O4P1_ICSD_279582,39.4099
B2Ir3Th1_ICSD_44425,130.52700000000002
Ge3Y5_ICSD_57122,53.2347
Ga4Sr1_ICSD_103973,31.4502
Cd2Tb1_ICSD_102069,29.505
Ni2Si2Zr1_ICSD_20317,79.5894
Al16Hf6Pt7_ICSD_608140,82.5195
Pd3Ta1_ICSD_105709,81.5928
Cd1P1Pt5_ICSD_620224,56.678999999999995
Ge6Ir7Yb4_ICSD_413984,78.1779
In1Mg3_ICSD_51975,18.6461
S3Sn1Sr1_ICSD_651032,24.5589
Cr1Ge1Nb1_ICSD_42061,82.1495
Cs1H3Mg1_ICSD_162260,19.6954
K1O6Os2_ICSD_155495,74.0144
Ag2In1Sc1_ICSD_58298,17.5095
Cr1Ho1O4_ICSD_169872,56.9586
Hf1Ni2Si2_ICSD_638721,78.4269
K10Pb48_ICSD_410090,8.316360000000001
K2Te1_ICSD_182742,6.51818
Dy1Rh5_ICSD_103363,77.2582
B6Ru1Y2_ICSD_603493,181.639
B1Rh3Y1_ICSD_44568,86.8349
C1Sn1Ti2_ICSD_161063,80.6449
O4P1Sc1_ICSD_16648,77.8674
Bi2Mg1O6_ICSD_50005,62.7305
Al2O3_ICSD_151590,146.201
Ni1Sc1_ICSD_105333,41.6869
Na1Pt2_ICSD_105162,66.3239
As1In1Pt5_ICSD_610708,64.0018
Dy1Ir1Si1_ICSD_93218,69.5163
B1Ce1Rh3_ICSD_44154,62.1609
Hf2Zn1_ICSD_639016,59.9778
Mo1Na2O4_ICSD_151970,33.5449
C1Dy3Pb1_ICSD_56410,58.0406
B6Yb1_ICSD_150586,79.402
Pd2Si1Y1_ICSD_35087,46.4513
Ge3Tb5_ICSD_185874,50.7897
Ba1P2Rh2_ICSD_50188,49.46
Dy1Rh3Si2_ICSD_103364,100.833
Re1Si1Zr1_ICSD_650139,126.965
Ge2Hf1_ICSD_16698,70.3852
Pt1Sn1Ti1_ICSD_105799,49.0471
Cd1Ni4Y1_ICSD_423939,48.7159
Pt1Sn2_ICSD_105791,22.9661
Al3C3Dy1_ICSD_606190,136.934
Co5Y1_ICSD_625597,29.9891
Pt5Se4_ICSD_87926,46.8773
Ag1Li2Sb1_ICSD_52589,19.1983
Nb1O3Sr1_ICSD_42004,76.6933
Cr1La1O3_ICSD_41061,110.09299999999999
Ho1Sn2_ICSD_168677,33.7761
Co1Y1_ICSD_20954,16.4834
Ho1Rh1_ICSD_104445,42.1375
Dy1In1Pt2_ICSD_629865,37.5204
Pa3Sb4_ICSD_601258,41.6707
N1P1V3_ICSD_644620,111.421
Lu2Mn1S4_ICSD_37421,25.8907
In1Pd1Sr1_ICSD_640249,20.4398
Al1Fe2V1_ICSD_107814,158.231
Al1C1Ti3_ICSD_163843,88.5194
Cd1O1_ICSD_161837,19.7656
B28_ICSD_164658,235.923
Th2Zn1_ICSD_102811,21.5134
Ca5Sb3_ICSD_173026,25.7462
Ge1Ni2O4_ICSD_69508,82.8895
Ca1Li1Si2_ICSD_25327,35.5112
Cd1S4Sc2_ICSD_620332,24.8254
Cu1Ir2S4_ICSD_75531,39.6124
Ga1Pt1_ICSD_635132,54.8146
Pb13Rh4Sr3_ICSD_105610,21.4623
Ni16Si7Ti6_ICSD_109221,94.8961
In1Li1Sn1_ICSD_639905,18.3308
O3Pb1Tc1_ICSD_109078,67.0365
As1Cu1K2_ICSD_43936,10.5362
Al8Er1Mn4_ICSD_607409,90.1867
Dy1Ru2Si2_ICSD_106599,80.5584
Dy1P1_ICSD_187518,59.1283
Mg2Rh1_ICSD_54254,42.8662
C1Rh3Tb1_ICSD_77387,76.2995
Mo3N1Ni2_ICSD_165261,130.709
Er1Rh2_ICSD_103295,62.1945
In3Y1_ICSD_59568,26.1817
Cu9Ga4_ICSD_627389,54.6102
La1Tl3_ICSD_104731,19.1981
Ca4Cl6O1_ICSD_33883,15.8241
Dy3Ge13Ru4_ICSD_629815,50.7567
Ni1O6Ta2_ICSD_247807,91.3279
Na1S1_ICSD_644958,15.1286
Bi1K3Te3_ICSD_300183,5.48686
Ca3N3V1_ICSD_41060,49.56
Ge1Ho1Rh1_ICSD_636662,51.3379
Dy1Pt1Sn1_ICSD_630137,51.1895
As2Si1_ICSD_24801,43.3862
Li10Pb3_ICSD_30221,17.0055
Cs3I9Sb2_ICSD_39822,4.83847
Ca2O7Ta2_ICSD_27121,97.7883
Al4Cu9_ICSD_151371,45.0751
Al0.4C0.2Mo0.6_ICSD_606230,66.4698
B6Re1Y2_ICSD_16187,184.343
Cd2Pd1Sr1_ICSD_425494,18.7509
Er2Ni12P7_ICSD_23360,75.0778
F6Li1V2_ICSD_35382,35.7542
Ga1La1Pt1_ICSD_634512,23.1236
B12Y1_ICSD_23860,210.231
Al2Ba1Ge2_ICSD_98514,32.6236
Cu1Sc1_ICSD_103095,42.4958
Al1Hf1Pd2_ICSD_57906,13.3644
Br4Si1_ICSD_260324,0.712742
As1Na3Se3_ICSD_50491,9.62502
Se1Th1_ICSD_52443,50.7708
Er2Pb1Pd2_ICSD_99198,28.9659
Cl1Rb1_ICSD_26877,8.377469999999999
Cu2Sb1_ICSD_181258,32.6394
Al2Li1Pt1_ICSD_105507,63.3948
Ge3Ru2Tb3_ICSD_425771,52.666000000000004
B1Sn3Zr5_ICSD_656289,72.9075
Cl6Rb2Se1_ICSD_26692,6.24219
As2Zn3_ICSD_24486,25.4014
Na2O1_ICSD_180570,28.7977
Au1Tb2_ICSD_612381,18.6896
Dy1S1_ICSD_630204,44.1197
Al1C3Ta4_ICSD_157843,132.64700000000002
Ga2Se4Sr1_ICSD_635400,17.371
F6Na1P1_ICSD_90615,9.88395
Mg1Ru1Sn4_ICSD_412492,44.8724
O2Pb1_ICSD_77648,27.3125
B1Rh3Tb1_ICSD_44565,89.1184
B2Co3Y1_ICSD_23655,127.109
Al0.4C0.2Nb0.6_ICSD_606235,115.272
Rh1Sn1Th1_ICSD_650394,49.4848
Cd1Sc2Se4_ICSD_620411,19.9636
H1Rh1_ICSD_56168,85.6585
Cr2Hg1O4_ICSD_245275,49.3109
Ba1O3Th1_ICSD_29110,44.5861
Ho1Te1_ICSD_43548,21.6259
Co2Fe1In1_ICSD_102392,63.7306
O2Te1_ICSD_56004,50.1321
Hf1Pt1Si1_ICSD_638791,100.762
Cl1Cs1O4_ICSD_33566,5.02968
Au3Rb2_ICSD_106288,13.3758
Rh1Y1_ICSD_105972,41.1834
Pd4S1_ICSD_23865,36.1084
In2S6Zn3_ICSD_655835,23.954
Ge1N2Sr2_ICSD_153302,36.0256
Ge13Rh4Tb3_ICSD_637696,64.6003
Au2Hf1In1_ICSD_58472,28.1846
B1Rh3Sc1_ICSD_44561,97.2977
Co1Se2_ICSD_246908,64.9108
Pd2Sc1Sn1_ICSD_601324,36.5286
Ag2In1Mg1_ICSD_605394,21.7626
Cd2Ho1_ICSD_58989,32.1379
Cu1P1Sr1_ICSD_53323,47.2147
Dy1Rh1Zn1_ICSD_419897,33.049
Pt1Tl2_ICSD_102797,16.9604
Cu2Se1_ICSD_56025,11.9294
Er2O7Ti2_ICSD_150211,103.383
In2Te4Zn1_ICSD_25650,15.2106
B12Th1_ICSD_108086,201.511
Al4Ba1_ICSD_57513,31.3634
In1Ir1Tb4_ICSD_418269,22.8953
In1La3N1_ICSD_98494,42.6692
Sb1Ti3_ICSD_106035,44.7414
Be5Co1_ICSD_616209,128.477
F4Pb1Pd1_ICSD_108992,20.1502
In2Pt1_ICSD_56259,23.0445
Mg1Sr1_ICSD_104873,13.6727
H2Hf2Pd1_ICSD_638175,30.6622
Rh1Th1_ICSD_150542,28.9417
As1Pd5Sb1_ICSD_30009,17.2724
Cd3Y1_ICSD_102085,27.3068
Os2Sc1_ICSD_150515,54.5649
Ho1Pd3S4_ICSD_639568,25.8012
C1Ga1Ti2_ICSD_419117,110.301
B4Ho1Rh4_ICSD_601533,90.5604
Ru1Si1Ti1_ICSD_57484,93.0722
Er1In3_ICSD_103249,28.2625
Ir7Sc4Si6_ICSD_640978,110.399
In1P1Pt5_ICSD_640194,60.2943
Sn3Yb1_ICSD_106106,23.9784
Fe2S6Ta9_ICSD_61415,58.9386
As3Yb4_ICSD_42685,26.6923
Au1Pb1Y1_ICSD_58570,30.2521
F4Sn1_ICSD_16794,32.3237
B6Th1_ICSD_24703,106.696
Ge1Mn1Pd1_ICSD_41156,35.0519
Cl6Cs2Zr1_ICSD_26695,4.38089
Cu3Sb4Y3_ICSD_658636,49.8544
Pt3Y1_ICSD_105845,64.3625
Sc1_ICSD_102654,33.319
B1Pt2Y1_ICSD_156946,51.9353
Ag1Ga1S2_ICSD_156126,21.4874
Hg1Pt1_ICSD_104337,36.6338
Al2I1La2_ICSD_411690,32.9624
Se4Y2Zn1_ICSD_652188,23.4913
La1Pt2_ICSD_104700,53.1835
Ga12Pd1Tb4_ICSD_153210,55.2613
Co4Ge13Lu3_ICSD_623466,66.5866
Au3Na1Si1_ICSD_16462,23.2029
Cu1Er1_ICSD_102880,36.598
Nb3Se4_ICSD_16278,38.1101
Al2Se4Zn1_ICSD_609325,34.9151
Ag1Zn1_ICSD_150570,18.4212
Er1Ni1P1_ICSD_630859,69.6747
O7Ti2Y2_ICSD_14242,100.536
P1Ru1Ti1_ICSD_77792,102.348
H1N1Sr1_ICSD_410656,42.1177
Be1H3Na1_ICSD_158250,50.4941
Mg6Mn1O8_ICSD_24710,100.445
Ir2Pr1_ICSD_104540,85.1972
Ca1N2O6_ICSD_52351,11.3559
Rh1Zn1_ICSD_107574,76.0785
Hf1Sb1_ICSD_107591,60.5927
La1Os4P12_ICSD_641615,108.60600000000001
Bi1Li1Mg1_ICSD_108112,22.3933
Pt2Si2Y1_ICSD_649646,49.2956
La1Rh2Si2_ICSD_601417,77.6512
Al2S4Sr1_ICSD_609259,21.5553
Cu1In1O2_ICSD_186620,37.8386
P2Zn3_ICSD_24487,41.2235
Ba1Na1P1_ICSD_402227,22.3242
Cd1Pt1_ICSD_102052,50.1453
Sb4Th3_ICSD_16655,40.816
Si136_ICSD_56721,37.1295
Al2Hf1_ICSD_109245,86.6593
In1Pd1Th1_ICSD_640251,31.9022
Ir1P1Sr1_ICSD_155712,34.2302
Cd1Se4Yb2_ICSD_37408,10.7181
Au4Ti1_ICSD_109132,30.2231
Al1C1Gd3_ICSD_43854,51.6828
Co1V3_ICSD_102716,99.4357
Se1Tb1_ICSD_43605,28.6916
Au1Ba1P1_ICSD_420340,32.7796
Cr1Ni1Sb1_ICSD_182484,36.4914
P1Sn3Zr5_ICSD_656295,69.0414
Ge2Tb1_ICSD_638002,25.7214
Cu1O2Sc1_ICSD_151929,44.7868
Ag2Hg1I4_ICSD_30264,4.71106
Cd2Sr1_ICSD_102067,13.7992
Ho1Pd1Sb1_ICSD_108547,9.32569
Co1Dy1Ge2_ICSD_622671,45.7916
Bi1Dy1Pt1_ICSD_58780,40.8033
Ba1O1_ICSD_173921,28.4045
Pd1Sn3Sr1_ICSD_105692,13.2006
As1Hg1Pd5_ICSD_610664,37.4675
Ca3Ir4Si4_ICSD_95788,49.928000000000004
La10O3Si8_ICSD_173575,48.6798
Ge1P1_ICSD_17032,52.7496
Bi2Ir2O7_ICSD_161103,83.3448
Mn1Pd2Sb1_ICSD_643311,28.5953
Nb1Ru1_ICSD_105221,24.0191
Au1Er1Ni4_ICSD_611829,70.8077
As1Ca2_ICSD_166865,29.8489
As4O6_ICSD_36144,6.74
Ir3Pa1_ICSD_104537,126.094
B6Ni21U2_ICSD_44533,64.9906
C1Pu1Rh3_ICSD_108181,11.8183
N1Sc1_ICSD_155049,149.42
As2Sc3_ICSD_16411,51.5402
Lu1Pt1Sb1_ICSD_44916,51.608000000000004
Be13La1_ICSD_616302,110.345
N2S1Zr2_ICSD_96971,69.2297
Hf5Sb3Zn1_ICSD_42913,67.6809
C1Ru3V1_ICSD_77394,156.173
Er1Pt1Sb1_ICSD_53409,48.2991
La1Sn1_ICSD_423421,29.0874
Ag1Te1Tl1_ICSD_52609,10.6828
As2Th1_ICSD_611488,49.0473
Pd3Pu1_ICSD_105659,46.9708
O4Pt3_ICSD_30444,57.2648
Cu1Mg1Y1_ICSD_163695,20.85
Ag3I1S1_ICSD_201004,8.55519
Bi1Dy1Pd1_ICSD_616637,36.1744
In2Pt3_ICSD_59498,57.3753
Sb1Ta3_ICSD_52310,76.0978
Ga1Mn1Ti2_ICSD_189697,22.5529
C1Ce1_ICSD_617324,72.8587
Li2Pt1_ICSD_104780,29.5387
Li3Sb1_ICSD_44900,26.0453
Cl1F1Yb1_ICSD_35390,25.6767
Ag1Ga1Te2_ICSD_156128,16.0253
