,actual_hardness,predicted_hardness,y_std,load,formula
0,1.809999942779541,4.751333236694336,2.94981050491333,0.49,Ag0.05Gd0.048Pd0.902
1,1.6399999856948853,4.356149673461914,2.8350377082824707,0.49,Ag0.05Y0.048Pd0.902
3,15.029999732971191,13.596426963806152,4.368609428405762,0.98,Al1.5Si1.5N2.5O1.5
4,23.799999237060547,32.283241271972656,1.633487582206726,2.0,Al1.67B22
5,20.700000762939453,36.88044357299805,13.722331047058105,0.25,Al3BC3
6,18.200000762939453,35.80046081542969,13.053654670715332,0.49,Al3BC3
7,11.100000381469727,19.90195083618164,8.05724811553955,10.0,Al3BC3
9,27.0,31.83104705810547,2.314859628677368,1.96,AlB12
10,33.5,35.63981628417969,3.6028757095336914,0.98,AlMgB14
11,28.200000762939453,22.8402042388916,3.8576793670654297,9.8,AlMgB14
15,1.0700000524520874,0.9429874420166016,3.4181790351867676,9.8,Au0.5Pt0.5
16,0.49000000953674316,5.500398635864258,3.112633466720581,0.25,Au0.98Co0.02
17,1.4199999570846558,4.109170913696289,2.5746772289276123,0.49,AuSn
18,2.549999952316284,4.080448150634766,2.337247610092163,0.49,AuSn2
19,0.7400000095367432,3.418214797973633,3.249199628829956,0.49,AuSn4
20,3.5799999237060547,3.7461471557617188,2.9211909770965576,0.98,AuTiAl
21,8.829999923706055,6.13823127746582,3.050931930541992,0.49,AuV3
22,44.38399887084961,37.99873352050781,7.085326194763184,0.49,B13N2
23,42.01943588256836,35.86848831176758,6.287802219390869,0.98,B13N2
24,41.693199157714844,32.336971282958984,5.013134956359863,1.96,B13N2
25,40.970001220703125,28.208086013793945,3.7267773151397705,3.92,B13N2
26,39.31999969482422,39.885826110839844,3.9262843132019043,0.49,B50Fe
27,54.0,37.33744812011719,7.412679195404053,0.25,B6O
28,53.0,36.38571548461914,7.310210227966309,0.49,B6O
29,45.0,34.57068634033203,7.078445911407471,0.98,B6O
30,29.420000076293945,27.1258602142334,6.797142505645752,0.29,BaB6
31,5.099999904632568,5.23631477355957,3.7774510383605957,9.8,BaHfO3
32,5.0,4.182832717895508,2.4291956424713135,9.8,BaSnO3
33,71.0,22.846580505371094,5.634190082550049,4.9,BC2N
34,67.0,20.830169677734375,6.8041510581970215,4.9,BC5
35,4.900000095367432,5.3254241943359375,2.637220859527588,0.98,Be12Nb
36,7.059999942779541,5.485912322998047,3.490196704864502,0.98,Be12Ta
37,8.729999542236328,21.32796859741211,6.060518264770508,0.98,Be2B
38,55.965999603271484,27.964210510253906,6.875049591064453,0.96,BN
39,53.75600051879883,25.7622127532959,6.155198097229004,1.96,BN
40,51.305999755859375,24.150325775146484,5.824422836303711,2.94,BN
42,1.2699999809265137,3.322420120239258,2.83247709274292,0.98,Cd2Gd
43,2.75,4.944313049316406,2.2420597076416016,0.98,Cd3Gd
44,3.9700000286102295,4.788274765014648,2.777013063430786,0.98,Cd45Gd11
45,2.990000009536743,4.717990875244141,2.811964988708496,0.98,Cd6Gd
46,1.4700000286102295,4.603878021240234,2.3444411754608154,0.98,CdGd
47,0.5899999737739563,3.4391613006591797,2.9996798038482666,0.25,CdTe
48,6.099999904632568,14.693082809448242,3.9598162174224854,0.02,Ce0.5U0.5O2
49,6.045000076293945,4.758573532104492,3.4900059700012207,9.8,Ce0.8Gd0.2O1.9
50,6.798999786376953,6.300832748413086,3.002612829208374,9.8,Ce0.8Nd0.2O1.9
51,9.0,7.9619598388671875,2.724266767501831,1.96,CeAlO3
52,30.790000915527344,20.44056510925293,3.9098634719848633,0.29,CeB6
53,18.649999618530273,18.596702575683594,3.5597217082977295,1.96,CeB6
54,0.9800000190734863,3.5040626525878906,3.16925048828125,2.942,CeC2
55,7.199999809265137,6.976314544677734,3.440112829208374,1.96,CeGaO3
56,6.800000190734863,5.846122741699219,2.633546829223633,0.49,CeMn2Si2
57,2.0,4.830070495605469,2.6929943561553955,2.942,CeRh3
58,5.5,6.000265121459961,2.2172977924346924,2.942,CeRh3B
59,0.9599999785423279,0.9946422576904297,2.972231149673462,9.8,Co0.7Pt0.3
60,11.279999732971191,17.524669647216797,5.360879898071289,0.49,Co2B
61,11.279999732971191,8.081867218017578,3.5585761070251465,0.49,Co3B
62,11.279999732971191,15.643206596374512,6.276557445526123,0.49,CoB
63,25.25,22.069656372070312,4.529816627502441,0.49,CoB2
64,37.06999969482422,38.33735275268555,2.7051262855529785,0.49,CoB50
65,50.92855453491211,45.2906379699707,4.416522979736328,0.49,Cr0.05W0.95B4
66,46.45652770996094,42.80535888671875,4.272480010986328,0.98,Cr0.05W0.95B4
67,37.698768615722656,38.44843673706055,3.994795083999634,1.96,Cr0.05W0.95B4
68,35.61800765991211,34.99357223510742,3.715240240097046,2.94,Cr0.05W0.95B4
69,31.922374725341797,30.629213333129883,3.392275810241699,4.9,Cr0.05W0.95B4
70,1.1100000143051147,0.2950630187988281,3.3660411834716797,9.8,Cr0.2Pt0.8
72,42.124176025390625,41.14040756225586,3.818101644515991,0.49,Cr0.3W0.7B4
73,39.73289108276367,38.3924560546875,3.116058111190796,0.98,Cr0.3W0.7B4
74,34.2049446105957,34.04783248901367,2.1651604175567627,1.96,Cr0.3W0.7B4
75,31.441007614135742,31.655006408691406,1.7456423044204712,2.94,Cr0.3W0.7B4
76,27.341594696044922,29.382280349731445,1.6092262268066406,4.9,Cr0.3W0.7B4
77,6.400000095367432,15.300143241882324,4.412027835845947,0.5,Cr0.43Re0.43Co0.14
78,7.260000228881836,4.052509307861328,2.6049351692199707,1.96,Cr0.4Fe0.4Co0.4Ni0.4Al0.4
79,44.50309371948242,41.00132369995117,3.461867332458496,0.49,Cr0.5W0.5B4
80,38.819847106933594,39.01982879638672,3.328054428100586,0.98,Cr0.5W0.5B4
81,34.53413772583008,35.6038818359375,3.084243059158325,1.96,Cr0.5W0.5B4
82,32.8881950378418,32.82726287841797,2.895120143890381,2.94,Cr0.5W0.5B4
83,27.20494842529297,29.120315551757812,2.8295671939849854,4.9,Cr0.5W0.5B4
84,21.959999084472656,17.008037567138672,3.748248338699341,1.0,Cr0.67Mo2Ni0.33B2
85,8.380000114440918,7.528181076049805,2.9057016372680664,0.98,Cr11Ge19
86,8.140000343322754,7.246438980102539,3.653839349746704,0.98,Cr11Ge8
87,16.799999237060547,26.06549072265625,3.982008934020996,0.98,Cr2.4W0.6B4
88,21.5,20.385616302490234,4.566962242126465,0.98,Cr2.55Mo0.45B4
89,22.200000762939453,20.869789123535156,3.9440102577209473,0.98,Cr2.58Ta0.42B4
90,21.799999237060547,17.643396377563477,3.9239988327026367,0.98,Cr2.67V0.33B4
91,21.600000381469727,22.52524757385254,4.283393859863281,0.98,Cr2.79Nb0.21B4
92,22.100000381469727,29.780868530273438,4.118960857391357,0.98,Cr2.91Ti0.09B4
93,5.960000038146973,5.679294586181641,3.690620183944702,0.49,Cr28.58Al112.28
95,13.239999771118164,20.168109893798828,5.733301162719727,0.49,Cr2B
96,20.690000534057617,19.078895568847656,4.814609050750732,0.98,Cr2B3
99,10.75,9.794622421264648,3.1093666553497314,0.49,Cr3C2
101,12.15999984741211,8.849925994873047,4.179196834564209,0.49,Cr4B
103,14.90999984741211,16.73177719116211,5.657163619995117,0.49,Cr5B3
105,3.0299999713897705,4.5474090576171875,3.465608835220337,0.49,Cr7Al45
106,27.5,15.571449279785156,5.558196067810059,0.98,CrB
107,23.0,14.321075439453125,5.009995937347412,1.96,CrB
108,21.5,13.30208969116211,4.6561055183410645,2.94,CrB
110,26.100000381469727,28.881900787353516,5.144309997558594,0.98,CrB4
111,40.310001373291016,40.27265167236328,3.9099626541137695,0.49,CrB50
112,6.239999771118164,7.443304061889648,2.861342191696167,0.98,CrGe
113,1.25,-0.41759681701660156,3.681424379348755,9.8,Cu0.5Pt0.5
114,5.489999771118164,6.149446487426758,3.4331352710723877,0.49,Cu10Zr7
115,6.119999885559082,6.542278289794922,2.8785412311553955,0.98,Cu2.5LaNi2.5
116,6.320000171661377,8.337785720825195,2.989445686340332,0.98,Cu4Y0.1Yb0.9In
117,5.579999923706055,5.675817489624023,3.0843825340270996,0.98,Cu4YbIn
119,5.050000190734863,4.28803825378418,3.267362594604492,0.49,Cu51Zr14
120,4.409999847412109,3.819692611694336,2.9799437522888184,0.98,Cu5Gd
121,3.9200000762939453,4.119899749755859,2.9932174682617188,0.98,Cu5Nd
122,4.610000133514404,3.9704818725585938,3.40523099899292,0.49,Cu5Zr
123,4.809999942779541,4.519077301025391,2.7569031715393066,0.98,Cu6Gd
124,1.2699999809265137,4.673418045043945,2.628267765045166,0.98,CuEu2
125,4.239999771118164,5.561923980712891,2.865596294403076,0.49,CuZr
126,4.409999847412109,3.7652015686035156,3.138554811477661,0.49,CuZr2
127,30.399999618530273,34.53358459472656,3.215632677078247,0.49,DyB12
129,5.5,5.836147308349609,2.6391170024871826,0.49,DyMn2Si2
130,34.31999969482422,32.97692108154297,4.383370876312256,0.49,ErB12
132,7.449999809265137,6.123737335205078,2.346445322036743,0.98,ErPd2Ge
133,4.900000095367432,7.53087043762207,2.5922515392303467,0.98,ErRh3B
134,11.100000381469727,17.060632705688477,4.857450008392334,0.98,ErRh4B4
135,26.09000015258789,19.036128997802734,3.794797658920288,0.98,EuB6
136,1.1100000143051147,0.20038414001464844,2.2112016677856445,9.8,Fe0.5Pt0.5
137,0.8399999737739563,0.45687103271484375,1.9868526458740234,9.8,Fe0.85Pt0.15
138,0.800000011920929,-0.008478164672851562,3.353849172592163,9.8,Fe0.9Ru0.1
139,11.0,13.655832290649414,5.7614946365356445,0.49,GaN
140,9.449999809265137,9.23337459564209,4.777645587921143,0.49,GaP
141,22.739999771118164,24.754932403564453,2.4725825786590576,5.0,Gd0.2Nd0.8B6
142,22.40999984741211,23.021257400512695,2.079603910446167,5.0,Gd0.4Nd0.6B6
143,22.649999618530273,24.293373107910156,2.518974542617798,5.0,Gd0.8Nd0.2B6
144,7.010000228881836,2.5491065979003906,2.9697461128234863,0.98,Gd2Co17
145,4.630000114440918,4.763759613037109,3.0969064235687256,1.72,GdC2
146,5.880000114440918,4.462530136108398,2.2050774097442627,0.98,GdCo2
147,6.28000020980835,5.938785552978516,2.76786470413208,0.98,GdCo3
148,6.860000133514404,4.350976943969727,3.1869397163391113,0.98,GdCo5
149,6.800000190734863,6.927936553955078,2.315000057220459,0.49,GdMn2Si2
150,6.800000190734863,6.446714401245117,2.9267642498016357,2.94,GdRh3B
151,51.33958435058594,46.746856689453125,5.39202880859375,0.49,Hf0.04W0.96B4
152,39.951480865478516,43.74120330810547,4.454084873199463,0.98,Hf0.04W0.96B4
153,34.87300109863281,38.50447463989258,3.0515799522399902,1.96,Hf0.04W0.96B4
154,33.45718002319336,34.71052932739258,2.2355034351348877,2.94,Hf0.04W0.96B4
155,31.087251663208008,30.928028106689453,1.6983520984649658,4.9,Hf0.04W0.96B4
156,10.199999809265137,9.626039505004883,3.3121867179870605,0.49,Hf0.12V2.91Ge0.97
157,0.699999988079071,-0.5031909942626953,3.216482400894165,9.8,Hf0.1Pt0.9
158,42.28536605834961,42.065704345703125,3.500321388244629,0.49,Hf0.1W0.9B4
159,37.39153289794922,39.831581115722656,3.376332998275757,0.98,Hf0.1W0.9B4
160,33.17491149902344,36.07853698730469,3.111738681793213,1.96,Hf0.1W0.9B4
161,31.35891342163086,33.3167839050293,2.834606885910034,2.94,Hf0.1W0.9B4
162,29.019763946533203,29.833660125732422,2.594913959503174,4.9,Hf0.1W0.9B4
163,3.8259999752044678,5.699779510498047,2.979123115539551,4.9,Hf0.20Zr0.20Ti0.20Ta0.20Nb0.20
164,44.606815338134766,40.14141845703125,3.075349807739258,0.49,Hf0.3W0.7B4
165,38.38955307006836,37.61440658569336,2.582482099533081,0.98,Hf0.3W0.7B4
166,34.973121643066406,33.54167175292969,1.8436315059661865,1.96,Hf0.3W0.7B4
167,32.633888244628906,31.05210304260254,1.446450114250183,2.94,Hf0.3W0.7B4
168,31.156539916992188,28.30820655822754,1.169777750968933,4.9,Hf0.3W0.7B4
169,9.800000190734863,9.966787338256836,2.8919179439544678,0.49,Hf0.4V4.75Ge2.85
170,12.449999809265137,9.36735725402832,3.0299689769744873,1.96,Hf0.5Nb0.5Cr2
176,8.399999618530273,4.881998062133789,2.997368097305298,0.98,Hf2Ge
177,9.109999656677246,6.535758972167969,2.8536324501037598,0.98,Hf3Ge
178,5.699999809265137,8.10821533203125,2.4922807216644287,0.98,Hf3Ge2
179,6.900000095367432,9.68439769744873,2.9616169929504395,0.2,Hf4.6V0.4Ge3
180,7.71999979019165,7.336862564086914,3.2610836029052734,0.98,Hf5Ge3
181,28.440000534057617,22.062360763549805,4.7781982421875,0.29,HfB2
182,15.0,6.202291488647461,4.020027160644531,0.98,HfC
184,5.699999809265137,6.516773223876953,3.297424077987671,0.98,HfGe
185,5.800000190734863,5.55589485168457,3.008148670196533,0.98,HfGe2
186,19.5,14.829984664916992,5.893896102905273,0.49,HfN
187,8.829999923706055,18.38707160949707,7.162155628204346,0.49,HfN0.75
188,11.399999618530273,10.970817565917969,4.713539123535156,0.49,HfO2
189,7.199999809265137,8.576156616210938,3.381105899810791,0.98,HfV16Ge31
190,12.399999618530273,16.218175888061523,3.8433728218078613,0.98,HfW2
191,9.899999618530273,15.156346321105957,3.7854244709014893,1.96,HfW2
193,28.440000534057617,32.8487663269043,4.1840009689331055,0.49,HoB12
194,5.610000133514404,4.886026382446289,3.21699857711792,1.72,HoC2
195,5.5,7.0877532958984375,2.3166561126708984,0.49,HoMn2Si2
196,3.890000104904175,4.161493301391602,2.8419907093048096,0.98,HoPd3
197,4.360000133514404,5.801593780517578,3.229294776916504,0.98,InBi0.024Sb0.976
198,9.800000190734863,29.027755737304688,15.701973915100098,0.02,InN
199,1.090000033378601,0.6046428680419922,2.1115188598632812,9.8,Ir0.5Pt0.5
200,37.900001525878906,16.654991149902344,4.299037933349609,0.98,IrB1.35
201,29.0,15.730335235595703,4.072762966156006,1.96,IrB1.35
202,22.200000762939453,14.948801040649414,3.9028282165527344,2.94,IrB1.35
203,21.299999237060547,13.58566665649414,3.7131593227386475,4.9,IrB1.35
204,49.79999923706055,17.167327880859375,4.4251017570495605,0.49,IrB1.35
205,18.200000762939453,10.923137664794922,3.3137009143829346,9.81,IrB1.35
206,7.377999782562256,3.7395153045654297,1.7889487743377686,9.8,La0.5Ce0.5O1.75
208,27.15999984741211,30.835573196411133,3.5336880683898926,0.29,LaB6
209,2.4000000953674316,3.4468650817871094,3.0911033153533936,2.942,LaC2
210,7.300000190734863,7.47523307800293,3.186603546142578,0.98,LaCo0.75Ni3.95Al0.3
211,4.78000020980835,6.542684555053711,2.326230764389038,0.98,LaCo2.5Ni2.5
212,6.010000228881836,5.226932525634766,2.407668352127075,0.49,LaMnNi4
213,5.380000114440918,7.208854675292969,3.444612503051758,0.49,LaNi3.5Al1.5
214,4.199999809265137,5.73393440246582,3.106431245803833,2.94,LaRh3B
215,8.050000190734863,6.140224456787109,3.133530378341675,0.98,Lu2Fe14C
217,5.880000114440918,6.224496841430664,2.5698039531707764,1.72,LuC2
218,7.699999809265137,6.303192138671875,2.62400484085083,2.94,LuRh3B
219,32.0,34.878082275390625,2.993671178817749,2.0,Mg2B25C4
220,5.199999809265137,22.121309280395508,3.2854621410369873,0.98,MgB2
221,16.239999771118164,13.866462707519531,3.9925296306610107,2.45,MgCr0.2Al1.8O4
222,14.399999618530273,11.906637191772461,3.9913864135742188,3.92,MgLaAl11O19
223,53.68335723876953,43.58523941040039,4.367057800292969,0.49,Mn0.04W0.96B4
224,44.24763488769531,41.00397491455078,3.73527455329895,0.98,Mn0.04W0.96B4
225,36.43124008178711,36.714847564697266,2.7840468883514404,1.96,Mn0.04W0.96B4
226,34.22023010253906,34.043819427490234,2.2639191150665283,2.94,Mn0.04W0.96B4
227,31.69780731201172,30.736888885498047,1.8320521116256714,4.9,Mn0.04W0.96B4
228,1.1299999952316284,2.1754283905029297,2.2753069400787354,9.8,Mn0.33Pt0.67
229,47.174888610839844,39.4498291015625,3.164424419403076,0.49,Mn0.3W0.7B4
230,39.576480865478516,37.055850982666016,2.677544116973877,0.98,Mn0.3W0.7B4
231,33.84653854370117,33.20341491699219,1.9463173151016235,1.96,Mn0.3W0.7B4
232,32.382911682128906,30.810665130615234,1.5491267442703247,2.94,Mn0.3W0.7B4
233,30.047334671020508,28.066001892089844,1.2714473009109497,4.9,Mn0.3W0.7B4
234,41.008968353271484,40.16390609741211,3.5819599628448486,0.49,Mn0.5W0.5B4
235,32.289485931396484,38.309364318847656,3.4530282020568848,0.98,Mn0.5W0.5B4
236,30.109617233276367,35.09959411621094,3.2271690368652344,1.96,Mn0.5W0.5B4
237,28.957399368286133,32.43808364868164,3.070673942565918,2.94,Mn0.5W0.5B4
238,26.715246200561523,28.781938552856445,3.0007851123809814,4.9,Mn0.5W0.5B4
239,17.450000762939453,8.287782669067383,3.0552122592926025,0.49,Mn2B
240,8.300000190734863,9.040184020996094,3.5505595207214355,0.98,Mn5Si3
242,12.399999618530273,22.39667320251465,3.3818511962890625,0.49,MnB2
243,41.290000915527344,38.69236755371094,3.4935247898101807,0.49,MnB50
244,11.199999809265137,4.971677780151367,3.113959789276123,0.98,MnSi
250,43.66141891479492,42.74317932128906,3.855022668838501,0.49,Mo0.1W0.9B4
251,38.11023712158203,40.126800537109375,3.280324935913086,0.98,Mo0.1W0.9B4
252,34.1732292175293,35.93131637573242,2.415675401687622,1.96,Mo0.1W0.9B4
253,31.929134368896484,33.372459411621094,1.9197477102279663,2.94,Mo0.1W0.9B4
254,29.606298446655273,30.302326202392578,1.4932736158370972,4.9,Mo0.1W0.9B4
255,1.059999942779541,0.9102725982666016,2.0774261951446533,9.8,Mo0.2Pt0.8
256,39.599998474121094,41.82740783691406,4.730165958404541,0.49,Mo0.5W0.5B4
257,33.0,39.328182220458984,4.091064453125,0.98,Mo0.5W0.5B4
258,30.0,35.236976623535156,3.117034435272217,1.96,Mo0.5W0.5B4
259,26.0,29.06751251220703,1.9481440782546997,4.9,Mo0.5W0.5B4
260,14.0600004196167,10.234522819519043,3.862109422683716,0.98,Mo0.65Os0.35
261,10.0,12.212241172790527,4.680678367614746,0.49,Mo0.6Ru0.4
262,24.520000457763672,15.392486572265625,7.231942653656006,0.49,Mo2B
263,13.529999732971191,6.536724090576172,3.2531769275665283,0.98,Mo3.2Pt0.8
264,20.299999237060547,13.824640274047852,3.8901519775390625,0.98,Mo3Fe3N
265,20.5,8.835933685302734,4.311424732208252,0.98,Mo3Ni2N
266,12.069999694824219,7.688823699951172,3.637896776199341,0.98,Mo3Os
268,19.399999618530273,11.679464340209961,4.833913326263428,0.98,Mo3Pt2N
269,23.780000686645508,23.04922103881836,6.777423858642578,0.49,MoB
270,23.040000915527344,31.732994079589844,4.469513893127441,0.49,MoB2
271,4.800000190734863,6.81317138671875,3.554962158203125,0.5,MoFe2
272,12.75,4.7792510986328125,2.8466382026672363,0.98,MoPt
273,0.5299999713897705,7.421817779541016,4.1505937576293945,0.98,Nb
274,5.672999858856201,12.546418190002441,4.394838809967041,1.0,Nb0.07Fe0.81B0.12
275,1.159999966621399,0.8191604614257812,3.1162359714508057,9.8,Nb0.07Pt0.93
277,4.409999847412109,8.545732498168945,3.9206252098083496,0.98,Nb0.95Al0.05
278,3.7265000343322754,5.446935653686523,2.984315872192383,0.98,Nb2Al
279,10.460000038146973,22.600522994995117,6.556541919708252,0.49,Nb3B2
280,5.079999923706055,20.653757095336914,6.286498069763184,1.96,Nb3B2
281,9.8100004196167,6.323648452758789,2.895315170288086,0.49,Nb3Ga
282,9.109999656677246,8.208192825317383,3.107057809829712,0.98,Nb3Ge
283,7.119999885559082,7.837663650512695,2.682108163833618,0.49,Nb3Si
284,6.800000190734863,6.635185241699219,3.2197937965393066,0.98,Nb3Sn
285,9.100000381469727,5.231367111206055,2.9665112495422363,0.98,Nb3Sn0.5Ge0.5
286,10.420000076293945,7.553386688232422,2.91660213470459,0.98,Nb5Ga3
287,9.649999618530273,8.50716781616211,2.589437961578369,0.98,Nb5GaSn2
288,10.420000076293945,9.390857696533203,2.7510998249053955,0.98,Nb5Ge3
289,21.530000686645508,27.8156681060791,9.062684059143066,0.49,NbB
290,16.579999923706055,24.904830932617188,8.418240547180176,1.96,NbB
291,2.7039999961853027,3.4221324920654297,3.2060556411743164,4.9,NbCr2
292,7.800000190734863,4.747310638427734,3.000037431716919,0.98,NbGe2
293,20.0,18.795021057128906,9.045726776123047,0.49,NbN
294,24.90999984741211,27.021709442138672,5.87423849105835,0.69,NdB6
295,2.3499999046325684,5.935356140136719,2.6103148460388184,1.72,NdC2
297,6.300000190734863,6.309026718139648,3.051917791366577,0.49,NdMn2Si2
298,4.610000133514404,6.4174346923828125,3.0413575172424316,0.98,NdPd2Ge
300,5.489999771118164,5.315544128417969,3.642427444458008,49.03,NdRuCo
302,5.070000171661377,5.771909713745117,2.314223289489746,1.96,Ni0.05Ga0.95Sb
303,14.020000457763672,7.85313606262207,4.092713832855225,0.5,Ni2B
304,11.670000076293945,7.838293075561523,3.616872549057007,0.49,Ni3B
305,39.130001068115234,38.795799255371094,3.972461700439453,0.49,NiB50
306,23.5,27.95614242553711,5.1543707847595215,0.49,Os0.3Ru0.7B2
307,15.0,22.890365600585938,3.279808282852173,1.96,Os0.3Ru0.7B2
308,22.0,24.256582260131836,5.798675060272217,0.49,Os0.5Ru0.5B2
309,15.5,21.166324615478516,4.726429462432861,1.96,Os0.5Ru0.5B2
310,23.0,25.648120880126953,4.511454105377197,0.49,Os0.8Ru0.2B2
311,16.5,22.9257755279541,3.7943501472473145,1.96,Os0.8Ru0.2B2
312,19.610000610351562,9.338434219360352,3.6110761165618896,0.98,Os2Si3
313,14.220000267028809,6.767482757568359,3.5478692054748535,0.98,OsSi
315,2.5399999618530273,4.420558929443359,2.4531757831573486,0.98,Pd3.5Te
316,2.700000047683716,6.473018646240234,3.296903610229492,0.98,Pd3Te2
317,1.7300000190734863,3.9096031188964844,2.896650552749634,0.98,Pd9Te4
318,1.8600000143051147,7.168521881103516,3.0595343112945557,0.49,Pr0.03Nd0.65Fe3NiSb12
319,24.219999313354492,23.419782638549805,5.020652770996094,0.98,PrB6
320,1.3700000047683716,5.320280075073242,2.5554311275482178,1.72,PrC2
321,6.5,6.025886535644531,3.051065444946289,0.49,PrMn2Si2
322,0.7400000095367432,0.7797660827636719,3.340979814529419,9.8,Pt0.5Pd0.5
323,1.399999976158142,0.3046684265136719,2.9039011001586914,9.8,Pt0.915Sn0.085
324,0.5899999737739563,1.8741531372070312,2.787667989730835,9.8,Pt0.91Al0.09
325,1.2100000381469727,1.0727043151855469,1.8657485246658325,9.8,Pt0.96Ge0.04
326,0.8500000238418579,2.0270252227783203,3.306802988052368,9.8,Re0.25Pt0.75
327,48.16999816894531,32.33320617675781,4.78012752532959,0.49,Re0.6W0.4B2
328,38.029998779296875,30.626148223876953,4.240230560302734,0.98,Re0.6W0.4B2
329,34.7599983215332,27.878217697143555,3.458366870880127,1.96,Re0.6W0.4B2
330,32.52000045776367,26.06890869140625,3.0454699993133545,2.94,Re0.6W0.4B2
331,30.309999465942383,23.831228256225586,2.7252626419067383,4.9,Re0.6W0.4B2
332,10.789999961853027,7.003049850463867,3.627915382385254,0.98,Re0.9Si0.1
333,12.75,9.018260955810547,4.960940361022949,0.98,Re2Si
334,16.56999969482422,21.259441375732422,9.68498706817627,0.98,Re3B
335,16.18000030517578,25.395254135131836,6.802127361297607,0.98,Re7B3
336,40.45000076293945,25.4654483795166,6.183406352996826,0.49,ReB2
337,35.08000183105469,24.685609817504883,5.851400375366211,0.98,ReB2
338,31.729999542236328,23.510311126708984,5.433206081390381,1.96,ReB2
339,30.299999237060547,22.60923957824707,5.180935382843018,2.93,ReB2
340,29.309999465942383,21.242198944091797,4.993198871612549,4.9,ReB2
342,22.559999465942383,11.725931167602539,4.946591854095459,0.98,ReSi2
343,0.7099999785423279,0.5511341094970703,2.1186914443969727,9.8,Rh0.5Pt0.5
344,11.079999923706055,7.060060501098633,3.4364876747131348,0.98,Rh20Si13
345,2.059999942779541,6.482477188110352,2.6844170093536377,0.98,Rh2Si
346,9.220000267028809,6.897249221801758,3.499058246612549,0.98,Rh3Si2
347,10.199999809265137,10.616742134094238,4.5833516120910645,0.98,Rh3Si4
348,11.380000114440918,8.410591125488281,4.220878601074219,0.98,Rh4Si5
349,10.789999961853027,8.15240478515625,3.1078500747680664,0.98,Rh5Si3
350,7.619999885559082,11.394438743591309,3.855144500732422,0.49,Rh7B3
351,11.890000343322754,18.019086837768555,6.297842025756836,0.49,RhB1.1
352,11.029999732971191,8.491556167602539,4.213049411773682,0.98,RhSi
353,2.765000104904175,7.8826751708984375,3.27372670173645,1.96,Ru0.5Ir0.5Al
354,1.6799999475479126,2.2216739654541016,3.4936752319335938,9.8,Ru0.5Pt0.5
355,4.809999942779541,7.290691375732422,3.0705196857452393,1.0,Ru0.5Rh0.5
356,10.789999961853027,8.558645248413086,2.720390796661377,0.98,Ru2Ge3
357,15.199999809265137,12.322540283203125,4.970498561859131,0.2,Ru2Si3
358,24.200000762939453,20.212909698486328,5.395555019378662,0.25,RuB2
359,20.600000381469727,19.879016876220703,5.309787750244141,0.49,RuB2
360,16.739999771118164,19.243114471435547,5.15876579284668,0.98,RuB2
361,14.399999618530273,18.153789520263672,4.995916843414307,1.96,RuB2
362,1.1799999475479126,0.3165473937988281,3.223682165145874,9.8,Sc0.021Pt0.979
363,41.50787353515625,39.71552658081055,4.009761810302734,0.49,Sc0.05Y0.95B12
364,35.038978576660156,37.75837707519531,3.5003490447998047,0.98,Sc0.05Y0.95B12
365,32.319576263427734,34.48588180541992,2.727077007293701,1.96,Sc0.05Y0.95B12
366,30.094614028930664,32.135231018066406,2.263321876525879,2.94,Sc0.05Y0.95B12
367,28.858522415161133,29.13272476196289,1.8185216188430786,4.9,Sc0.05Y0.95B12
368,41.51347351074219,39.959556579589844,2.6686954498291016,0.49,Sc0.05Zr0.95B12
369,35.91240310668945,37.53068923950195,2.2045838832855225,0.98,Sc0.05Zr0.95B12
370,33.54446029663086,33.79742431640625,1.5797735452651978,1.96,Sc0.05Zr0.95B12
371,31.244802474975586,31.59585952758789,1.2538089752197266,2.94,Sc0.05Zr0.95B12
372,28.85409164428711,29.30059242248535,1.0497924089431763,4.9,Sc0.05Zr0.95B12
373,42.666507720947266,40.44584655761719,2.746389150619507,0.49,Sc0.25Y0.75B12
374,35.84738540649414,38.06937026977539,2.338987112045288,0.98,Sc0.25Y0.75B12
375,33.56061935424805,34.41825866699219,1.7611545324325562,1.96,Sc0.25Y0.75B12
376,30.964826583862305,32.009883880615234,1.412157416343689,2.94,Sc0.25Y0.75B12
377,29.9759521484375,29.37346649169922,1.1539311408996582,4.9,Sc0.25Y0.75B12
378,43.692691802978516,39.91621017456055,3.6360995769500732,0.49,Sc0.25Zr0.75B12
379,36.884883880615234,37.909568786621094,3.149947166442871,0.98,Sc0.25Zr0.75B12
380,34.266510009765625,34.69036102294922,2.449185371398926,1.96,Sc0.25Zr0.75B12
381,32.14900207519531,32.481849670410156,2.051736354827881,2.94,Sc0.25Zr0.75B12
382,30.44135093688965,29.672460556030273,1.654632329940796,4.9,Sc0.25Zr0.75B12
383,45.144866943359375,40.134117126464844,4.4745564460754395,0.49,Sc0.5Y0.5B12
384,37.52230453491211,38.09172058105469,3.899254083633423,0.98,Sc0.5Y0.5B12
385,35.7917594909668,34.81884002685547,3.041395425796509,1.96,Sc0.5Y0.5B12
386,32.825157165527344,32.465240478515625,2.476158380508423,2.94,Sc0.5Y0.5B12
387,31.1976375579834,29.367647171020508,1.828545093536377,4.9,Sc0.5Y0.5B12
388,47.964996337890625,44.564117431640625,3.822035789489746,0.49,Sc0.5Zr0.5B12
389,39.63166427612305,41.955970764160156,3.2918243408203125,0.98,Sc0.5Zr0.5B12
390,37.17264938354492,37.50712203979492,2.459669589996338,1.96,Sc0.5Zr0.5B12
391,34.076133728027344,34.28777313232422,1.9242879152297974,2.94,Sc0.5Zr0.5B12
392,32.049720764160156,30.558687210083008,1.4753402471542358,4.9,Sc0.5Zr0.5B12
393,44.369415283203125,39.398860931396484,2.6008431911468506,0.49,Sc0.8Y0.2B12
394,36.06700134277344,37.50376510620117,2.499053478240967,0.98,Sc0.8Y0.2B12
395,35.03692626953125,34.448341369628906,2.3023242950439453,1.96,Sc0.8Y0.2B12
396,32.00851821899414,32.14015579223633,2.131072521209717,2.94,Sc0.8Y0.2B12
397,30.545793533325195,29.019750595092773,1.9939255714416504,4.9,Sc0.8Y0.2B12
398,45.951541900634766,40.117958068847656,3.8666911125183105,0.49,Sc0.8Zr0.2B12
399,38.43785858154297,37.9383659362793,3.3224050998687744,0.98,Sc0.8Zr0.2B12
400,36.32037353515625,34.46419143676758,2.5203702449798584,1.96,Sc0.8Zr0.2B12
401,33.47428894042969,32.18677520751953,2.070150136947632,2.94,Sc0.8Zr0.2B12
402,31.311264038085938,29.38025665283203,1.632080316543579,4.9,Sc0.8Zr0.2B12
403,5.829999923706055,8.110149383544922,3.405613899230957,1.72,Sc2C3
404,34.7401008605957,32.600521087646484,4.491367340087891,0.49,Sc2ReB6
405,31.837074279785156,30.859790802001953,4.052231788635254,0.98,Sc2ReB6
406,24.104013442993164,27.948780059814453,3.3423874378204346,1.96,Sc2ReB6
407,22.702552795410156,25.886995315551758,2.9041576385498047,2.94,Sc2ReB6
408,20.92569923400879,23.338275909423828,2.5256571769714355,4.9,Sc2ReB6
409,9.0,12.187708854675293,3.8922016620635986,2.0,Sc3Al3C2O5
410,7.599999904632568,7.591676712036133,2.397991895675659,1.96,Sc5Si3
411,41.67556381225586,36.897315979003906,3.8480348587036133,0.49,ScB12
412,35.18608474731445,35.08003616333008,3.40120792388916,0.98,ScB12
413,33.949974060058594,32.28368377685547,2.7984097003936768,1.96,ScB12
414,30.324125289916992,30.371864318847656,2.460322856903076,2.94,ScB12
415,28.449386596679688,27.711971282958984,2.1369807720184326,4.9,ScB12
417,4.599999904632568,7.044471740722656,3.2776682376861572,2.942,ScNi3B
418,9.75,6.157388687133789,3.1186697483062744,2.942,ScRh3B
419,7.400000095367432,7.57505989074707,3.1438140869140625,2.942,ScRh3B0.5C0.5
420,9.899999618530273,5.138326644897461,2.117767810821533,2.94,ScRh3C
421,5.880000114440918,5.255615234375,2.6775636672973633,0.98,ScRu2
422,4.199999809265137,8.578508377075195,4.236972808837891,1.96,ScSi
423,8.199999809265137,8.19639778137207,3.3836510181427,0.98,ScSi1.67
424,11.270000457763672,4.897722244262695,3.503242254257202,0.49,Si
425,19.0,12.33149528503418,3.9504892826080322,0.98,Si2N2O
427,22.899999618530273,18.178447723388672,8.119894981384277,2.0,SiC
429,4.710000038146973,12.564105987548828,4.9209394454956055,0.98,Sm2O3
430,24.520000457763672,23.435161590576172,6.193911075592041,0.98,SmB6
431,6.369999885559082,4.490150451660156,3.3592402935028076,1.72,SmC2
432,6.5,6.005805969238281,2.369558334350586,0.49,SmMn2Si2
433,5.510000228881836,5.982534408569336,2.362027645111084,0.98,SmPd2Ge
434,2.799999952316284,9.97409725189209,4.561483383178711,20.0,Sr2Cu2GdRuO8
435,28.540000915527344,27.846416473388672,6.738550186157227,0.29,SrB6
436,3.8499999046325684,5.832830429077148,4.4418487548828125,9.8,SrVO3
437,35.0,38.923397064208984,7.434403896331787,0.49,Ta0.01W0.99B
438,29.0,36.45974349975586,6.430814266204834,0.98,Ta0.01W0.99B
439,18.5,26.951034545898438,3.762752056121826,4.9,Ta0.01W0.99B
440,52.02308654785156,44.05592346191406,4.536123275756836,0.49,Ta0.03W0.97B4
441,44.698123931884766,41.142581939697266,3.714348793029785,0.98,Ta0.03W0.97B4
442,37.94393539428711,36.338218688964844,2.555321455001831,1.96,Ta0.03W0.97B4
443,34.265602111816406,33.269168853759766,1.9581433534622192,2.94,Ta0.03W0.97B4
444,31.82394790649414,30.2192325592041,1.5810129642486572,4.9,Ta0.03W0.97B4
445,48.28133010864258,45.950035095214844,4.961853504180908,0.49,Ta0.04W0.96B4
446,41.241756439208984,43.1739501953125,4.374327659606934,0.98,Ta0.04W0.96B4
447,36.39015579223633,38.3087158203125,3.3775386810302734,1.96,Ta0.04W0.96B4
448,33.50456619262695,34.632633209228516,2.6900041103363037,2.94,Ta0.04W0.96B4
449,31.221460342407227,30.384593963623047,2.0304298400878906,4.9,Ta0.04W0.96B4
450,1.0199999809265137,1.7806549072265625,2.7876083850860596,9.8,Ta0.09Pt0.91
451,36.5,31.551132202148438,4.634015083312988,0.49,Ta0.1W0.9B
452,30.5,29.761943817138672,4.002964973449707,0.98,Ta0.1W0.9B
453,20.0,23.102293014526367,2.404423952102661,4.9,Ta0.1W0.9B
454,44.12734603881836,41.65119171142578,3.8138551712036133,0.49,Ta0.1W0.9B4
455,39.909942626953125,38.908992767333984,3.11566162109375,0.98,Ta0.1W0.9B4
456,35.40715408325195,34.63157653808594,2.1752779483795166,1.96,Ta0.1W0.9B4
457,33.0289192199707,32.104347229003906,1.727094054222107,2.94,Ta0.1W0.9B4
458,30.90436363220215,29.547740936279297,1.4893120527267456,4.9,Ta0.1W0.9B4
459,38.0,32.497562408447266,5.084712028503418,0.49,Ta0.25W0.75B
460,28.5,30.84171485900879,4.460744857788086,0.98,Ta0.25W0.75B
461,21.0,24.263626098632812,3.025730848312378,4.9,Ta0.25W0.75B
462,42.636985778808594,41.324317932128906,3.886059284210205,0.49,Ta0.3W0.7B4
463,36.929222106933594,38.95611572265625,3.3807785511016846,0.98,Ta0.3W0.7B4
464,32.96549987792969,35.14548110961914,2.6220180988311768,1.96,Ta0.3W0.7B4
465,30.87265396118164,32.51236343383789,2.175262689590454,2.94,Ta0.3W0.7B4
466,29.382293701171875,29.300621032714844,1.773012638092041,4.9,Ta0.3W0.7B4
468,40.861236572265625,40.980506896972656,3.283637762069702,0.49,Ta0.5W0.5B4
469,33.789955139160156,38.90865707397461,3.1554572582244873,0.98,Ta0.5W0.5B4
470,31.919076919555664,35.419212341308594,2.9148709774017334,1.96,Ta0.5W0.5B4
471,31.094621658325195,32.695396423339844,2.7265970706939697,2.94,Ta0.5W0.5B4
472,30.301877975463867,29.183544158935547,2.6114187240600586,4.9,Ta0.5W0.5B4
473,27.15999984741211,15.375411987304688,4.278737545013428,0.49,Ta3B2
474,32.849998474121094,30.339277267456055,7.909071922302246,0.49,Ta3B4
476,24.520000457763672,26.261062622070312,3.589014768600464,0.29,TaB2
477,23.579999923706055,17.984203338623047,8.703166007995605,0.98,TaC
478,2.9800000190734863,5.961784362792969,2.9581615924835205,1.96,TaCr2
479,22.0,21.417028427124023,9.67095947265625,0.1,TaN
480,22.559999465942383,25.516881942749023,2.9525437355041504,0.98,TbB6
481,5.5,6.279287338256836,3.056586980819702,0.49,TbMn2Si2
482,7.449999809265137,6.186283111572266,2.350895643234253,0.98,TbPd2Ge
483,17.059999465942383,30.56194305419922,3.774380683898926,0.19,ThB6
484,22.649999618530273,38.540313720703125,3.51391863822937,0.98,ThB66
485,5.880000114440918,7.608770370483398,4.115113258361816,1.96,ThC
486,5.880000114440918,4.033838272094727,3.2702438831329346,1.96,ThC2
489,5.510000228881836,5.88090705871582,2.976306676864624,0.98,ThMn3Al2
490,3.8499999046325684,4.808891296386719,3.2084367275238037,0.98,ThPt5
491,6.28000020980835,7.834281921386719,2.9964120388031006,0.98,ThRe2
492,51.00801086425781,44.38194274902344,4.770606994628906,0.49,Ti0.08W0.92B4
493,39.889068603515625,41.40849304199219,3.911780834197998,0.98,Ti0.08W0.92B4
494,36.18272399902344,36.49801254272461,2.684602737426758,1.96,Ti0.08W0.92B4
495,34.4238166809082,33.341270446777344,2.068315029144287,2.94,Ti0.08W0.92B4
496,32.5078125,30.395931243896484,1.7324656248092651,4.9,Ti0.08W0.92B4
497,44.41352844238281,44.200828552246094,5.032909870147705,0.49,Ti0.1W0.9B4
498,37.28359603881836,41.51470947265625,4.420971393585205,0.98,Ti0.1W0.9B4
499,34.01698303222656,37.0025520324707,3.431605100631714,1.96,Ti0.1W0.9B4
500,32.28948211669922,33.68757629394531,2.751865863800049,2.94,Ti0.1W0.9B4
501,30.122203826904297,29.855146408081055,2.11670184135437,4.9,Ti0.1W0.9B4
502,39.54999923706055,28.39685821533203,1.7612755298614502,4.9,Ti0.25B3.5C0.75
503,38.240936279296875,40.53077697753906,3.4047656059265137,0.49,Ti0.3W0.7B4
504,34.40897750854492,37.96454620361328,2.8507535457611084,0.98,Ti0.3W0.7B4
505,32.461585998535156,33.86240768432617,2.0276832580566406,1.96,Ti0.3W0.7B4
506,30.734041213989258,31.373897552490234,1.5859307050704956,2.94,Ti0.3W0.7B4
507,29.540504455566406,28.561208724975586,1.3125793933868408,4.9,Ti0.3W0.7B4
508,1.4700000286102295,12.082647323608398,4.161342144012451,0.049,Ti0.5Nb0.5
509,15.5,26.20282554626465,11.66089916229248,0.98,Ti0.5Nb0.5N
510,1.4600000381469727,1.7771377563476562,1.891755223274231,9.8,Ti0.75Pt0.25
511,2.059999942779541,5.306318283081055,3.5682547092437744,2.94,Ti0.815Sn0.185
512,2.0399999618530273,3.9782371520996094,3.6338138580322266,0.98,Ti0.89Al0.11
513,1.9199999570846558,2.9831085205078125,3.330073356628418,2.94,Ti0.89V0.11
514,3.009999990463257,3.876863479614258,3.07967209815979,2.94,Ti0.9Si0.1
515,2.9800000190734863,8.925783157348633,3.4990458488464355,0.98,Ti3Al
516,2.200000047683716,3.7615928649902344,2.967172145843506,9.8,Ti3GeC2
517,3.0,5.321331024169922,6.346247673034668,9.8,Ti3SiC2
518,9.510000228881836,7.490184783935547,3.3782715797424316,0.98,Ti5Ge3
519,27.459999084472656,27.651599884033203,12.163161277770996,0.29,TiB
520,33.04999923706055,24.474214553833008,3.535231351852417,0.29,TiB2
521,33.0,19.246431350708008,3.4511337280273438,4.9,TiB2
522,26.0,16.968841552734375,4.214444160461426,9.8,TiB2
523,35.70000076293945,38.67965316772461,2.53564715385437,0.49,TiB50
524,26.0,6.845012664794922,4.535201072692871,0.98,TiC
525,3.009999990463257,5.495737075805664,3.1110620498657227,0.98,TiGe2
526,5.820000171661377,3.996978759765625,2.90102481842041,0.98,TiMn2
527,18.0,23.168834686279297,12.514280319213867,0.98,TiN
528,7.849999904632568,5.056732177734375,2.974428653717041,0.59,TiRu
529,7.260000228881836,5.842620849609375,2.62484073638916,0.59,TiRu0.4Ni0.6
530,37.27000045776367,30.587055206298828,2.879082441329956,0.49,TmB12
531,5.880000114440918,4.528558731079102,3.535979986190796,0.49,UCo5
532,3.140000104904175,5.937763214111328,3.1544172763824463,0.49,UV2Al20
533,1.9500000476837158,3.294055938720703,2.6467537879943848,9.8,V0.25Pt0.75
534,19.90999984741211,12.743942260742188,3.709765672683716,0.98,V0.25Re0.75
535,5.099999904632568,16.367300033569336,4.906805038452148,0.98,V0.8Re0.2
536,21.200000762939453,6.95091438293457,3.253667116165161,0.98,V1.16Re2.84
538,7.809999942779541,7.640903472900391,3.117981433868408,0.98,V17Ge31
539,22.360000610351562,16.853946685791016,5.404851913452148,0.49,V3B2
540,23.049999237060547,35.15007019042969,7.717168807983398,0.49,V3B4
542,7.900000095367432,7.867488861083984,3.5771427154541016,0.98,V3Ge
543,8.899999618530273,10.680729866027832,4.327488422393799,0.49,V3Si
544,7.0,8.8748779296875,3.305060863494873,0.98,V5Ge3
545,9.8100004196167,8.09701156616211,2.980562448501587,0.98,V6Ga5
546,27.459999084472656,33.27231979370117,5.584242820739746,0.29,VB2
547,35.400001525878906,38.3038330078125,2.8597724437713623,0.49,VB50
548,23.100000381469727,7.781486511230469,5.216623783111572,0.49,VC
549,9.8100004196167,15.13104248046875,6.300262928009033,0.98,VO0.33
550,7.726669788360596,13.749256134033203,3.657200336456299,0.98,W0.35Os0.65
551,25.248781204223633,25.622507095336914,2.816818952560425,4.9,W0.5Dy0.5B11.6
552,37.67804718017578,34.16650390625,3.2320964336395264,0.49,W0.5Dy0.5B11.6
553,31.32682991027832,32.71825408935547,3.148054599761963,0.98,W0.5Dy0.5B11.6
554,28.765853881835938,30.29236602783203,2.9813878536224365,1.96,W0.5Dy0.5B11.6
555,28.42439079284668,28.412090301513672,2.8493566513061523,2.94,W0.5Dy0.5B11.6
556,25.86336898803711,26.57965660095215,1.7402774095535278,4.9,W0.5Er0.5B11.6
557,37.48881149291992,35.82093811035156,3.494495391845703,0.49,W0.5Er0.5B11.6
558,32.239498138427734,34.01289367675781,3.129310131072998,0.98,W0.5Er0.5B11.6
559,28.749116897583008,31.06049156188965,2.5322952270507812,1.96,W0.5Er0.5B11.6
560,27.402433395385742,29.041080474853516,2.144397258758545,2.94,W0.5Er0.5B11.6
561,25.62101173400879,26.3028507232666,0.8707351684570312,4.9,W0.5Gd0.5B11.6
562,35.03436279296875,36.59308624267578,2.5921919345855713,0.49,W0.5Gd0.5B11.6
563,29.0672550201416,34.437198638916016,2.143705129623413,0.98,W0.5Gd0.5B11.6
564,28.588611602783203,30.952880859375,1.5020411014556885,1.96,W0.5Gd0.5B11.6
565,27.02503776550293,28.614534378051758,1.126840353012085,2.94,W0.5Gd0.5B11.6
566,27.02666664123535,25.545928955078125,1.328616738319397,4.9,W0.5Ho0.5B11.6
567,36.82666778564453,33.45844650268555,2.885190725326538,0.49,W0.5Ho0.5B11.6
568,33.426666259765625,31.737056732177734,2.4688808917999268,0.98,W0.5Ho0.5B11.6
569,28.99333381652832,29.155393600463867,1.8766831159591675,1.96,W0.5Ho0.5B11.6
570,28.093334197998047,27.56475830078125,1.575334072113037,2.94,W0.5Ho0.5B11.6
571,36.2110595703125,33.52041244506836,4.0790629386901855,0.49,W0.5Nb0.5B2.1
572,32.27664566040039,31.648149490356445,3.937919855117798,0.98,W0.5Nb0.5B2.1
573,30.214670181274414,28.46282386779785,3.7100889682769775,1.96,W0.5Nb0.5B2.1
574,27.228302001953125,25.95624542236328,3.6188478469848633,2.94,W0.5Nb0.5B2.1
575,26.066970825195312,23.03688621520996,3.826314926147461,4.9,W0.5Nb0.5B2.1
576,0.8500000238418579,8.517305374145508,5.096764087677002,9.8,W0.5Pt0.5
577,42.67955780029297,41.85448455810547,3.399171829223633,0.49,W0.5Sc0.5B11.6
578,34.7338981628418,39.42742156982422,3.0107734203338623,0.98,W0.5Sc0.5B11.6
579,32.29983901977539,35.39806365966797,2.3819122314453125,1.96,W0.5Sc0.5B11.6
580,30.705087661743164,32.426063537597656,1.947993516921997,2.94,W0.5Sc0.5B11.6
581,28.159143447875977,28.966495513916016,1.497359037399292,4.9,W0.5Sc0.5B11.6
582,42.79999923706055,28.56489372253418,4.0230255126953125,0.49,W0.5Ta0.5B
583,34.0,26.89601707458496,3.4499564170837402,0.98,W0.5Ta0.5B
584,21.0,20.866838455200195,2.0419087409973145,4.9,W0.5Ta0.5B
585,32.21626663208008,36.27133560180664,3.357903003692627,0.49,W0.5Ta0.5B2.1
586,28.580923080444336,33.891204833984375,2.7624640464782715,0.98,W0.5Ta0.5B2.1
587,27.905099868774414,30.131385803222656,1.9421896934509277,1.96,W0.5Ta0.5B2.1
588,25.900999069213867,27.916440963745117,1.5513250827789307,2.94,W0.5Ta0.5B2.1
589,23.66386604309082,25.54682731628418,1.321919322013855,4.9,W0.5Ta0.5B2.1
590,24.97814178466797,24.979419708251953,1.4535069465637207,4.9,W0.5Tb0.5B11.6
591,36.6721305847168,32.08368682861328,3.0164852142333984,0.49,W0.5Tb0.5B11.6
592,32.3278694152832,30.499893188476562,2.587226152420044,0.98,W0.5Tb0.5B11.6
593,28.393442153930664,28.211528778076172,1.995821237564087,1.96,W0.5Tb0.5B11.6
594,27.218578338623047,26.8194522857666,1.7078793048858643,2.94,W0.5Tb0.5B11.6
595,28.928525924682617,27.890104293823242,2.242892026901245,4.9,W0.5Y0.5B11.6
596,39.96680450439453,37.430877685546875,2.864748477935791,0.49,W0.5Y0.5B11.6
597,34.464664459228516,35.67097473144531,2.752690553665161,0.98,W0.5Y0.5B11.6
598,30.558799743652344,32.8022346496582,2.536266326904297,1.96,W0.5Y0.5B11.6
599,29.3021297454834,30.716581344604492,2.3570690155029297,2.94,W0.5Y0.5B11.6
600,36.0034294128418,38.43766403198242,4.991438865661621,0.49,W0.6Nb0.4B2.1
601,33.01710891723633,36.19520568847656,4.432662487030029,0.98,W0.6Nb0.4B2.1
602,30.220348358154297,32.39311599731445,3.5651063919067383,1.96,W0.6Nb0.4B2.1
603,28.32423210144043,29.57889175415039,3.0500521659851074,2.94,W0.6Nb0.4B2.1
604,25.883037567138672,25.932125091552734,2.6628122329711914,4.9,W0.6Nb0.4B2.1
605,41.91300582885742,40.46571731567383,3.9088919162750244,0.49,W0.75Sc0.25B11.6
606,34.52687454223633,38.00426483154297,3.4095101356506348,0.98,W0.75Sc0.25B11.6
607,32.70832824707031,33.98884963989258,2.608095645904541,1.96,W0.75Sc0.25B11.6
608,30.69393539428711,31.31039810180664,2.0797033309936523,2.94,W0.75Sc0.25B11.6
609,28.20394515991211,28.412195205688477,1.6417021751403809,4.9,W0.75Sc0.25B11.6
611,49.900001525878906,43.25989532470703,4.199228763580322,0.49,W0.88Ta0.02Cr0.1B4
612,43.0,40.346614837646484,3.4054787158966064,0.98,W0.88Ta0.02Cr0.1B4
613,37.79999923706055,35.64913558959961,2.310511827468872,1.96,W0.88Ta0.02Cr0.1B4
614,34.5,32.703521728515625,1.7653051614761353,2.94,W0.88Ta0.02Cr0.1B4
615,30.799999237060547,29.871654510498047,1.4525681734085083,4.9,W0.88Ta0.02Cr0.1B4
616,47.20000076293945,44.5733757019043,4.238336086273193,0.49,W0.88Ta0.02Mn0.1B4
617,36.900001525878906,41.792423248291016,3.6039721965789795,0.98,W0.88Ta0.02Mn0.1B4
618,33.099998474121094,37.1575927734375,2.654780149459839,1.96,W0.88Ta0.02Mn0.1B4
619,31.5,34.20437240600586,2.0877296924591064,2.94,W0.88Ta0.02Mn0.1B4
620,30.399999618530273,30.80055046081543,1.6180816888809204,4.9,W0.88Ta0.02Mn0.1B4
621,26.956096649169922,26.922733306884766,2.4979441165924072,4.9,W0.8Dy0.2B11.6
622,41.74146270751953,36.38370132446289,3.133254051208496,0.49,W0.8Dy0.2B11.6
623,33.717071533203125,34.602943420410156,2.995990037918091,0.98,W0.8Dy0.2B11.6
624,30.336585998535156,31.728593826293945,2.728026866912842,1.96,W0.8Dy0.2B11.6
625,28.799999237060547,29.638132095336914,2.5309016704559326,2.94,W0.8Dy0.2B11.6
626,27.017667770385742,27.24932289123535,1.6774548292160034,4.9,W0.8Er0.2B11.6
627,38.58814239501953,35.180747985839844,3.863434076309204,0.49,W0.8Er0.2B11.6
628,35.23517990112305,33.600250244140625,3.3608591556549072,0.98,W0.8Er0.2B11.6
629,31.030231475830078,31.102529525756836,2.6063151359558105,1.96,W0.8Er0.2B11.6
630,30.617982864379883,29.418630599975586,2.137197732925415,2.94,W0.8Er0.2B11.6
631,28.046146392822266,27.48855209350586,1.031848669052124,4.9,W0.8Gd0.2B11.6
632,38.352970123291016,36.73737335205078,2.694836139678955,0.49,W0.8Gd0.2B11.6
633,32.768775939941406,34.62908172607422,2.223627805709839,0.98,W0.8Gd0.2B11.6
634,30.726558685302734,31.42507553100586,1.579630732536316,1.96,W0.8Gd0.2B11.6
635,29.450172424316406,29.488082885742188,1.2353458404541016,2.94,W0.8Gd0.2B11.6
636,30.19333267211914,27.088916778564453,1.027068853378296,4.9,W0.8Ho0.2B11.6
637,43.026668548583984,36.276100158691406,2.7246909141540527,0.49,W0.8Ho0.2B11.6
638,36.2933349609375,34.2204475402832,2.252756357192993,0.98,W0.8Ho0.2B11.6
639,33.36000061035156,31.03824234008789,1.5862983465194702,1.96,W0.8Ho0.2B11.6
640,31.3266658782959,29.069597244262695,1.2324914932250977,2.94,W0.8Ho0.2B11.6
641,37.1287841796875,34.0868034362793,4.120319366455078,0.49,W0.8Nb0.2B2.1
642,33.21809387207031,32.27489471435547,3.5992932319641113,0.98,W0.8Nb0.2B2.1
643,29.61551856994629,29.370555877685547,2.8021399974823,1.96,W0.8Nb0.2B2.1
644,27.31650733947754,27.567873001098633,2.363187074661255,2.94,W0.8Nb0.2B2.1
645,24.946369171142578,25.507766723632812,2.032884120941162,4.9,W0.8Nb0.2B2.1
646,39.25845718383789,37.85045623779297,2.9273619651794434,0.49,W0.8Sc0.2B11.6
647,34.78205490112305,35.89764404296875,2.789886474609375,0.98,W0.8Sc0.2B11.6
648,32.3759765625,32.863590240478516,2.5277745723724365,1.96,W0.8Sc0.2B11.6
649,30.081806182861328,30.732641220092773,2.329721450805664,2.94,W0.8Sc0.2B11.6
650,27.787635803222656,27.960670471191406,2.248319625854492,4.9,W0.8Sc0.2B11.6
651,34.59975051879883,34.77907943725586,3.8549818992614746,0.49,W0.8Ta0.2B2.1
652,31.546995162963867,32.67680358886719,3.2490086555480957,0.98,W0.8Ta0.2B2.1
653,29.496265411376953,29.454320907592773,2.3632493019104004,1.96,W0.8Ta0.2B2.1
654,27.23585319519043,27.522815704345703,1.8962388038635254,2.94,W0.8Ta0.2B2.1
655,24.882177352905273,25.41230010986328,1.6221513748168945,4.9,W0.8Ta0.2B2.1
656,26.699453353881836,26.760574340820312,1.0550124645233154,4.9,W0.8Tb0.2B11.6
657,42.30054473876953,36.00590896606445,2.8418283462524414,0.49,W0.8Tb0.2B11.6
658,32.3278694152832,33.96075439453125,2.3485825061798096,0.98,W0.8Tb0.2B11.6
659,29.158470153808594,30.772953033447266,1.6556661128997803,1.96,W0.8Tb0.2B11.6
660,28.147541046142578,28.763450622558594,1.2751479148864746,2.94,W0.8Tb0.2B11.6
661,27.647388458251953,27.814781188964844,1.6097970008850098,4.9,W0.8Y0.2B11.6
662,38.651737213134766,38.93806457519531,3.922220230102539,0.49,W0.8Y0.2B11.6
663,32.87784957885742,36.60043716430664,3.407954216003418,0.98,W0.8Y0.2B11.6
664,31.213577270507812,32.873775482177734,2.580742835998535,1.96,W0.8Y0.2B11.6
665,29.31159019470215,30.393129348754883,2.0408504009246826,2.94,W0.8Y0.2B11.6
666,57.29999923706055,48.85728073120117,6.036032199859619,0.49,W0.93Ta0.02Cr0.05B4
667,44.099998474121094,45.89601135253906,5.2599263191223145,0.98,W0.93Ta0.02Cr0.05B4
668,38.20000076293945,40.70906448364258,3.9996755123138428,1.96,W0.93Ta0.02Cr0.05B4
669,34.79999923706055,36.607421875,3.1045799255371094,2.94,W0.93Ta0.02Cr0.05B4
670,31.700000762939453,31.695514678955078,2.22819185256958,4.9,W0.93Ta0.02Cr0.05B4
671,55.79999923706055,44.76028060913086,4.413140773773193,0.49,W0.94Ta0.02Mn0.04B4
672,46.70000076293945,41.96705627441406,3.751380443572998,0.98,W0.94Ta0.02Mn0.04B4
673,37.0,37.32547378540039,2.732731342315674,1.96,W0.94Ta0.02Mn0.04B4
674,34.79999923706055,34.490257263183594,2.1860098838806152,2.94,W0.94Ta0.02Mn0.04B4
675,30.899999618530273,31.087121963500977,1.7347108125686646,4.9,W0.94Ta0.02Mn0.04B4
676,35.71051788330078,34.496917724609375,3.5271379947662354,0.49,W0.94Ta0.06B2.1
677,29.861345291137695,32.89143371582031,3.3985137939453125,0.98,W0.94Ta0.06B2.1
678,27.36785125732422,30.203048706054688,3.138770341873169,1.96,W0.94Ta0.06B2.1
679,26.10946273803711,28.14613914489746,2.955385446548462,2.94,W0.94Ta0.06B2.1
680,24.268465042114258,25.509469985961914,2.8459527492523193,4.9,W0.94Ta0.06B2.1
681,53.5,43.84922790527344,4.57172966003418,0.49,W0.9Cr0.1B4
682,32.400001525878906,30.336429595947266,1.8991901874542236,4.9,W0.9Cr0.1B4
683,27.058536529541016,27.905452728271484,1.3477933406829834,4.9,W0.9Dy0.1B11.6
684,41.058536529541016,37.17423629760742,3.1236534118652344,0.49,W0.9Dy0.1B11.6
685,33.307315826416016,35.078948974609375,2.637634038925171,0.98,W0.9Dy0.1B11.6
686,29.892683029174805,31.958452224731445,1.9445364475250244,1.96,W0.9Dy0.1B11.6
687,27.878047943115234,30.15460968017578,1.5986182689666748,2.94,W0.9Dy0.1B11.6
688,28.171966552734375,27.326045989990234,0.9908597469329834,4.9,W0.9Er0.1B11.6
689,45.871219635009766,38.689308166503906,3.0305256843566895,0.49,W0.9Er0.1B11.6
690,34.355712890625,36.267520904541016,2.4866788387298584,0.98,W0.9Er0.1B11.6
691,32.486846923828125,32.40359878540039,1.7311420440673828,1.96,W0.9Er0.1B11.6
692,31.4699649810791,29.86553382873535,1.3003146648406982,2.94,W0.9Er0.1B11.6
693,30.056455612182617,27.785823822021484,1.6320099830627441,4.9,W0.9Gd0.1B11.6
694,44.03289031982422,39.766990661621094,4.012328147888184,0.49,W0.9Gd0.1B11.6
695,35.83210754394531,37.35893249511719,3.5070252418518066,0.98,W0.9Gd0.1B11.6
696,31.84339714050293,33.414222717285156,2.671156644821167,1.96,W0.9Gd0.1B11.6
697,31.556209564208984,30.72532844543457,2.12288236618042,2.94,W0.9Gd0.1B11.6
698,29.426666259765625,28.17618179321289,1.6947722434997559,4.9,W0.9Ho0.1B11.6
699,43.060001373291016,37.807106018066406,4.2378716468811035,0.49,W0.9Ho0.1B11.6
700,35.36000061035156,35.861366271972656,3.644956350326538,0.98,W0.9Ho0.1B11.6
701,33.72666549682617,32.76482009887695,2.760500431060791,1.96,W0.9Ho0.1B11.6
702,32.12666702270508,30.752674102783203,2.2424917221069336,2.94,W0.9Ho0.1B11.6
703,37.11075973510742,33.09659957885742,3.2689104080200195,0.49,W0.9Nb0.1B2.1
704,32.10979080200195,31.526700973510742,3.166459321975708,0.98,W0.9Nb0.1B2.1
705,29.3841609954834,28.825618743896484,2.9752118587493896,1.96,W0.9Nb0.1B2.1
706,28.033218383789062,26.725421905517578,2.841463327407837,2.94,W0.9Nb0.1B2.1
707,25.639402389526367,24.079299926757812,2.7939999103546143,4.9,W0.9Nb0.1B2.1
708,43.09813690185547,38.584964752197266,3.1141083240509033,0.49,W0.9Sc0.1B11.6
709,36.299560546875,36.32862091064453,2.6195154190063477,0.98,W0.9Sc0.1B11.6
710,34.089324951171875,32.984092712402344,1.9343140125274658,1.96,W0.9Sc0.1B11.6
711,30.73200225830078,31.144641876220703,1.611202597618103,2.94,W0.9Sc0.1B11.6
712,28.353900909423828,28.816120147705078,1.3808066844940186,4.9,W0.9Sc0.1B11.6
713,34.92041015625,33.36030197143555,4.205348014831543,0.49,W0.9Ta0.1B2.1
714,28.814897537231445,31.787410736083984,3.6781060695648193,0.98,W0.9Ta0.1B2.1
715,27.323497772216797,29.383468627929688,2.8688273429870605,1.96,W0.9Ta0.1B2.1
716,26.554460525512695,27.778079986572266,2.395697832107544,2.94,W0.9Ta0.1B2.1
717,24.5037784576416,25.701160430908203,1.9507501125335693,4.9,W0.9Ta0.1B2.1
718,26.508195877075195,27.712984085083008,1.7843154668807983,4.9,W0.9Tb0.1B11.6
719,42.60109329223633,36.489654541015625,4.257861614227295,0.49,W0.9Tb0.1B11.6
720,35.6065559387207,34.69979476928711,3.6783080101013184,0.98,W0.9Tb0.1B11.6
721,30.224042892456055,31.967626571655273,2.8371994495391846,1.96,W0.9Tb0.1B11.6
722,28.448087692260742,30.15361785888672,2.339627981185913,2.94,W0.9Tb0.1B11.6
723,29.745014190673828,27.99076271057129,2.3297836780548096,4.9,W0.9Y0.1B11.6
724,43.77216339111328,38.20310974121094,3.0134315490722656,0.49,W0.9Y0.1B11.6
725,37.01332092285156,36.194583892822266,2.8742899894714355,0.98,W0.9Y0.1B11.6
726,33.44709396362305,32.998687744140625,2.6245973110198975,1.96,W0.9Y0.1B11.6
727,31.375288009643555,30.78215789794922,2.408978223800659,2.94,W0.9Y0.1B11.6
729,26.1200008392334,30.699092864990234,3.9753658771514893,0.29,W2B5
730,24.0,11.837919235229492,5.794320583343506,0.49,W2C
731,20.5,11.444212913513184,5.745006084442139,0.98,W2C
732,36.279998779296875,32.98332214355469,9.428740501403809,0.49,WB
733,41.25831985473633,35.81059265136719,3.2483396530151367,0.49,WB11.6
734,34.068058013916016,33.84956359863281,2.7150561809539795,0.98,WB11.6
735,30.71076011657715,30.957853317260742,1.9842066764831543,1.96,WB11.6
736,29.255897521972656,29.299659729003906,1.652774691581726,2.94,WB11.6
737,26.40217399597168,27.22041893005371,1.401369571685791,4.9,WB11.6
738,26.09000015258789,29.696231842041016,5.655944347381592,0.29,WB2
739,29.508390426635742,30.848974227905273,4.5206451416015625,0.49,WB2.1
740,25.92951774597168,29.52145004272461,4.409870624542236,0.98,WB2.1
741,24.697057723999023,27.304441452026367,4.240405559539795,1.96,WB2.1
742,23.203886032104492,25.61351203918457,4.1232218742370605,2.94,WB2.1
743,21.94770050048828,23.505859375,4.144837856292725,4.9,WB2.1
744,40.38999938964844,40.14134979248047,6.192692756652832,0.49,WB4
745,38.0,37.915863037109375,5.538826942443848,0.98,WB4
746,32.900001525878906,34.31296157836914,4.527490615844727,1.96,WB4
747,28.100000381469727,28.15164566040039,3.3081023693084717,4.9,WB4
748,25.600000381469727,3.4336719512939453,5.136541366577148,9.8,WC
749,31.629863739013672,34.94573974609375,4.122988224029541,0.49,Y0.05Sc0.95CrB4
750,29.947423934936523,33.012020111083984,3.662494659423828,0.98,Y0.05Sc0.95CrB4
751,28.159832000732422,29.80565643310547,2.94533371925354,1.96,Y0.05Sc0.95CrB4
752,25.82544708251953,27.615083694458008,2.520625352859497,2.94,Y0.05Sc0.95CrB4
753,23.533123016357422,24.88114356994629,2.1454267501831055,4.9,Y0.05Sc0.95CrB4
754,35.341346740722656,34.67173767089844,4.2014546394348145,0.49,Y0.05Sc1.95ReB6
755,32.46332931518555,32.235416412353516,3.4422996044158936,0.98,Y0.05Sc1.95ReB6
756,25.155744552612305,28.273361206054688,2.3893704414367676,1.96,Y0.05Sc1.95ReB6
757,22.97844123840332,25.724945068359375,1.8467838764190674,2.94,Y0.05Sc1.95ReB6
758,22.527971267700195,23.219301223754883,1.4997549057006836,4.9,Y0.05Sc1.95ReB6
759,8.34000015258789,7.159414291381836,1.894348382949829,9.8,Y0.1Ce0.8Sm0.1O1.9
760,37.599998474121094,38.41759490966797,2.919314384460449,0.49,Y0.25Hf0.25Gd0.5B20
761,30.899999618530273,36.13337326049805,2.4489083290100098,0.98,Y0.25Hf0.25Gd0.5B20
762,27.100000381469727,32.720943450927734,1.772631287574768,1.96,Y0.25Hf0.25Gd0.5B20
763,25.700000762939453,30.78455924987793,1.4254666566848755,2.98,Y0.25Hf0.25Gd0.5B20
764,25.399999618530273,28.601037979125977,1.1905921697616577,4.9,Y0.25Hf0.25Gd0.5B20
765,43.20000076293945,38.14488983154297,3.199038028717041,0.49,Y0.25Hf0.5Gd0.25B20
766,35.900001525878906,36.21722412109375,3.080256223678589,0.98,Y0.25Hf0.5Gd0.25B20
767,33.29999923706055,33.087501525878906,2.8295388221740723,1.96,Y0.25Hf0.5Gd0.25B20
768,31.799999237060547,30.61588478088379,2.5902199745178223,2.98,Y0.25Hf0.5Gd0.25B20
769,28.600000381469727,27.477869033813477,2.4332196712493896,4.9,Y0.25Hf0.5Gd0.25B20
770,44.099998474121094,41.25579071044922,4.585025787353516,0.49,Y0.25Hf0.75B20
771,36.5,38.92032241821289,3.928598165512085,0.98,Y0.25Hf0.75B20
772,34.599998474121094,34.98605728149414,2.906622886657715,1.96,Y0.25Hf0.75B20
773,31.899999618530273,32.05961227416992,2.220087766647339,2.98,Y0.25Hf0.75B20
774,30.799999237060547,29.096195220947266,1.644981026649475,4.9,Y0.25Hf0.75B20
775,35.35226058959961,35.36171340942383,4.088812828063965,0.49,Y0.25Sc0.75CrB4
776,32.0084114074707,33.42539978027344,3.658647060394287,0.98,Y0.25Sc0.75CrB4
777,27.592008590698242,30.134288787841797,2.947977304458618,1.96,Y0.25Sc0.75CrB4
778,26.14090347290039,27.762861251831055,2.4754881858825684,2.94,Y0.25Sc0.75CrB4
779,23.112512588500977,24.925045013427734,2.059588670730591,4.9,Y0.25Sc0.75CrB4
780,35.59410095214844,35.68901824951172,4.035816192626953,0.49,Y0.25Sc1.75ReB6
781,32.390777587890625,33.67341613769531,3.5734803676605225,0.98,Y0.25Sc1.75ReB6
782,27.110273361206055,30.338973999023438,2.826263427734375,1.96,Y0.25Sc1.75ReB6
783,24.657716751098633,28.026187896728516,2.359548330307007,2.94,Y0.25Sc1.75ReB6
784,23.081073760986328,25.330368041992188,1.952486276626587,4.9,Y0.25Sc1.75ReB6
785,43.88793182373047,38.82966232299805,2.2628393173217773,0.49,Y0.25Zr0.75B12
786,36.39841842651367,36.65726089477539,1.88430655002594,0.98,Y0.25Zr0.75B12
787,34.17780685424805,33.45454788208008,1.3983155488967896,1.96,Y0.25Zr0.75B12
788,32.84543991088867,31.663515090942383,1.1547925472259521,2.94,Y0.25Zr0.75B12
789,30.38258171081543,29.636415481567383,1.0268474817276,4.9,Y0.25Zr0.75B12
790,45.71772766113281,38.82966232299805,2.2628393173217773,0.49,Y0.25Zr0.75B12
791,12.829999923706055,9.877982139587402,3.9200685024261475,9.81,Y0.2Zr0.8O1.92
792,7.498499870300293,6.470144271850586,3.6444432735443115,9.8,Y0.5Ce0.5O1.75
793,43.20000076293945,37.935916900634766,3.382350206375122,0.49,Y0.5Hf0.25Gd0.25B20
794,37.400001525878906,35.57666015625,2.763110637664795,0.98,Y0.5Hf0.25Gd0.25B20
795,33.79999923706055,31.96187973022461,1.9293617010116577,1.96,Y0.5Hf0.25Gd0.25B20
796,31.899999618530273,29.978492736816406,1.5503329038619995,2.98,Y0.5Hf0.25Gd0.25B20
797,30.799999237060547,27.92102813720703,1.3457026481628418,4.9,Y0.5Hf0.25Gd0.25B20
798,42.01892852783203,33.22300720214844,3.834556818008423,0.49,Y0.5Sc0.5CrB4
799,35.373291015625,31.25599479675293,3.3153815269470215,0.98,Y0.5Sc0.5CrB4
800,28.895898818969727,27.991769790649414,2.5214059352874756,1.96,Y0.5Sc0.5CrB4
801,26.16193389892578,25.609304428100586,2.043827772140503,2.94,Y0.5Sc0.5CrB4
802,24.164037704467773,23.04134750366211,1.7578885555267334,4.9,Y0.5Sc0.5CrB4
803,36.798500061035156,35.56039810180664,3.0634782314300537,0.49,Y0.5Sc1.5ReB6
804,33.87042999267578,33.70965576171875,2.9584734439849854,0.98,Y0.5Sc1.5ReB6
805,27.23851776123047,30.45335578918457,2.78450083732605,1.96,Y0.5Sc1.5ReB6
806,25.311525344848633,27.81452178955078,2.647244691848755,2.94,Y0.5Sc1.5ReB6
807,23.484621047973633,24.36459732055664,2.624141216278076,4.9,Y0.5Sc1.5ReB6
808,38.4099006652832,38.41548156738281,3.8458938598632812,0.98,Y0.5Zr0.5B12
809,35.321231842041016,35.03963088989258,2.9851062297821045,1.96,Y0.5Zr0.5B12
810,33.887908935546875,32.65108871459961,2.4224910736083984,2.94,Y0.5Zr0.5B12
811,31.667299270629883,29.56083106994629,1.7827484607696533,4.9,Y0.5Zr0.5B12
812,43.26778030395508,40.52305603027344,4.415478706359863,0.49,Y0.5Zr0.5B12
813,39.62145233154297,33.06801986694336,4.761098384857178,0.49,Y0.75Sc0.25CrB4
814,33.0599365234375,31.307918548583984,4.18382453918457,0.98,Y0.75Sc0.25CrB4
815,27.970558166503906,28.521469116210938,3.3528640270233154,1.96,Y0.75Sc0.25CrB4
816,25.909568786621094,26.567331314086914,2.875246524810791,2.94,Y0.75Sc0.25CrB4
817,22.986330032348633,23.99440574645996,2.4314451217651367,4.9,Y0.75Sc0.25CrB4
818,37.65250015258789,35.14836502075195,3.6312344074249268,0.49,Y0.75Sc1.25ReB6
819,33.948638916015625,32.93967056274414,3.079299211502075,0.98,Y0.75Sc1.25ReB6
820,28.517995834350586,29.358800888061523,2.2546870708465576,1.96,Y0.75Sc1.25ReB6
821,26.390743255615234,26.889739990234375,1.7840626239776611,2.94,Y0.75Sc1.25ReB6
822,24.814117431640625,24.360319137573242,1.550032138824463,4.9,Y0.75Sc1.25ReB6
823,35.758079528808594,36.50143051147461,1.9103453159332275,0.98,Y0.75Zr0.25B12
824,34.365150451660156,33.37913513183594,1.431270956993103,1.96,Y0.75Zr0.25B12
825,31.983041763305664,31.59567642211914,1.1907044649124146,2.94,Y0.75Zr0.25B12
826,30.892925262451172,29.55307388305664,1.0608797073364258,4.9,Y0.75Zr0.25B12
827,38.44374465942383,31.134117126464844,3.8557677268981934,0.49,Y0.95Sc0.05CrB4
828,32.49211502075195,29.165813446044922,3.2531986236572266,0.98,Y0.95Sc0.05CrB4
829,27.54994773864746,26.120141983032227,2.470785140991211,1.96,Y0.95Sc0.05CrB4
830,26.477392196655273,24.180681228637695,2.0676863193511963,2.94,Y0.95Sc0.05CrB4
831,23.028390884399414,21.8362979888916,1.7847219705581665,4.9,Y0.95Sc0.05CrB4
832,40.261474609375,37.33992004394531,4.099609851837158,0.49,Y1.25Sc0.75ReB6
833,33.90486526489258,34.7178840637207,3.340763807296753,0.98,Y1.25Sc0.75ReB6
834,29.62538719177246,30.359323501586914,2.256216526031494,1.96,Y1.25Sc0.75ReB6
835,26.847490310668945,27.523439407348633,1.6879266500473022,2.94,Y1.25Sc0.75ReB6
836,25.195770263671875,24.80785369873047,1.3677937984466553,4.9,Y1.25Sc0.75ReB6
837,38.53778839111328,33.828125,3.5094754695892334,0.49,Y1.5Sc0.5ReB6
838,34.15822219848633,31.71184539794922,2.9913954734802246,0.98,Y1.5Sc0.5ReB6
839,28.75260353088379,28.29481315612793,2.2429354190826416,1.96,Y1.5Sc0.5ReB6
840,25.524221420288086,26.00992774963379,1.8358083963394165,2.94,Y1.5Sc0.5ReB6
841,23.422012329101562,23.563886642456055,1.6365630626678467,4.9,Y1.5Sc0.5ReB6
842,35.487735748291016,36.2342414855957,3.171058416366577,0.49,Y1.75Sc0.25ReB6
843,33.63580322265625,34.356605529785156,3.0547285079956055,0.98,Y1.75Sc0.25ReB6
844,27.179073333740234,31.11025047302246,2.8460581302642822,1.96,Y1.75Sc0.25ReB6
845,25.577404022216797,28.487051010131836,2.6890616416931152,2.94,Y1.75Sc0.25ReB6
846,23.224952697753906,24.971954345703125,2.592613935470581,4.9,Y1.75Sc0.25ReB6
847,36.06584548950195,35.125953674316406,4.232550621032715,0.49,Y1.95Sc0.05ReB6
848,32.937583923339844,33.17055130004883,3.7947916984558105,0.98,Y1.95Sc0.05ReB6
849,25.730072021484375,29.871196746826172,3.072683095932007,1.96,Y1.95Sc0.05ReB6
850,25.104419708251953,27.493127822875977,2.6043362617492676,2.94,Y1.95Sc0.05ReB6
851,22.87711524963379,24.66591453552246,2.203669309616089,4.9,Y1.95Sc0.05ReB6
852,28.134199142456055,34.307376861572266,3.8080642223358154,0.49,Y2Re0.5Cr0.5B6
853,25.482683181762695,32.15245056152344,3.2438037395477295,0.98,Y2Re0.5Cr0.5B6
854,21.37013053894043,28.652414321899414,2.4136602878570557,1.96,Y2Re0.5Cr0.5B6
855,16.445886611938477,26.292144775390625,1.9615570306777954,2.94,Y2Re0.5Cr0.5B6
856,14.93073558807373,23.66969871520996,1.753320336341858,4.9,Y2Re0.5Cr0.5B6
862,38.280303955078125,31.53876304626465,3.3039236068725586,0.49,Y2Re0.95Cr0.05B6
863,34.1136360168457,29.999311447143555,3.203706741333008,0.98,Y2Re0.95Cr0.05B6
864,29.40584373474121,27.257789611816406,3.0180933475494385,1.96,Y2Re0.95Cr0.05B6
865,27.024890899658203,24.972660064697266,2.896413803100586,2.94,Y2Re0.95Cr0.05B6
866,24.265151977539062,21.715984344482422,2.831084728240967,4.9,Y2Re0.95Cr0.05B6
867,35.69107437133789,31.487773895263672,5.4716691970825195,0.49,Y2ReB6
868,32.46270751953125,29.760061264038086,4.883815288543701,0.98,Y2ReB6
869,25.480430603027344,26.928251266479492,4.14638090133667,1.96,Y2ReB6
870,25.105039596557617,24.822128295898438,3.7494192123413086,2.94,Y2ReB6
871,23.178030014038086,22.011167526245117,3.4425923824310303,4.9,Y2ReB6
872,17.399999618530273,11.055891036987305,4.308939456939697,4.9,Y3Al5O12
873,4.619999885559082,8.711076736450195,2.5719456672668457,1.96,Y5Si3
874,3.5899999141693115,11.203485488891602,3.3097949028015137,1.96,Y5Si4
875,16.0,10.603248596191406,2.8939504623413086,1.0,Yb0.2Zr0.8O1.92
876,5.159999847412109,6.134235382080078,2.7755017280578613,0.98,Yb0.5Lu0.5Al3
877,40.83806228637695,35.99773406982422,3.943211078643799,0.49,YB12
878,34.64052200317383,34.27985382080078,3.464733362197876,0.98,YB12
879,31.854663848876953,31.705081939697266,2.828805923461914,1.96,YB12
880,29.613866806030273,29.913022994995117,2.4781923294067383,2.94,YB12
881,28.26131248474121,27.43551254272461,2.156280517578125,4.9,YB12
882,41.599998474121094,38.80179214477539,2.9370076656341553,0.49,YB20
883,34.400001525878906,36.506507873535156,2.435370445251465,0.98,YB20
884,32.70000076293945,32.85914611816406,1.7323558330535889,1.96,YB20
885,30.5,30.75707244873047,1.3935186862945557,2.98,YB20
886,28.5,28.772432327270508,1.2422927618026733,4.9,YB20
887,6.059999942779541,5.813154220581055,2.8730552196502686,0.02,YbAl3
888,21.56999969482422,23.213003158569336,6.1637959480285645,0.49,YbB6
889,5.0,5.79088020324707,3.683579683303833,1.72,YC2
895,3.5,4.205007553100586,2.795309543609619,0.5,YFe2
896,5.599999904632568,6.24261474609375,2.6955320835113525,0.49,YMn2Si2
897,39.38330078125,35.033077239990234,3.1986143589019775,0.49,YRe0.25Cr0.75B4
898,32.99336242675781,33.16447067260742,3.0903286933898926,0.98,YRe0.25Cr0.75B4
899,29.848709106445312,29.89349365234375,2.91448712348938,1.96,YRe0.25Cr0.75B4
900,26.175752639770508,27.235218048095703,2.783740758895874,2.94,YRe0.25Cr0.75B4
901,24.012210845947266,23.727476119995117,2.753039836883545,4.9,YRe0.25Cr0.75B4
907,37.93928909301758,33.89331817626953,4.873530864715576,0.49,YRe0.75Cr0.25B4
908,33.1594123840332,32.01628875732422,4.293050289154053,0.98,YRe0.75Cr0.25B4
909,28.052474975585938,29.022768020629883,3.441091775894165,1.96,YRe0.75Cr0.25B4
910,24.304046630859375,26.928844451904297,2.976315975189209,2.94,YRe0.75Cr0.25B4
911,21.410985946655273,24.301254272460938,2.58943247795105,4.9,YRe0.75Cr0.25B4
912,35.02711486816406,35.10410690307617,4.385180950164795,0.49,YRe0.95Cr0.05B4
913,31.127742767333984,33.071922302246094,3.8602287769317627,0.98,YRe0.95Cr0.05B4
914,26.020824432373047,29.807844161987305,3.038220167160034,1.96,YRe0.95Cr0.05B4
915,23.5805721282959,27.633953094482422,2.5577657222747803,2.94,YRe0.95Cr0.05B4
916,20.612018585205078,25.059724807739258,2.1787266731262207,4.9,YRe0.95Cr0.05B4
917,34.273895263671875,30.536197662353516,5.698101043701172,0.49,YReB4
918,30.424861907958984,28.4345703125,4.7752156257629395,0.98,YReB4
919,25.77077293395996,25.134765625,3.5545103549957275,1.96,YReB4
920,22.600961685180664,23.07147216796875,2.9782612323760986,2.94,YReB4
921,20.5632266998291,20.79034423828125,2.7010154724121094,4.9,YReB4
922,7.5,6.638326644897461,2.6886448860168457,2.94,YRh3B
923,5.519999980926514,7.974267959594727,2.6426615715026855,2.94,YRh3B0.5C0.5
924,4.400000095367432,6.954902648925781,3.200103759765625,2.94,YRh3C
925,41.30944061279297,34.56285858154297,3.554898738861084,0.49,YScReB6
926,35.75364685058594,32.39507293701172,3.0012528896331787,0.98,YScReB6
927,31.39910888671875,28.886083602905273,2.1954524517059326,1.96,YScReB6
928,28.27084732055664,26.412614822387695,1.7462745904922485,2.94,YScReB6
929,25.668134689331055,23.994335174560547,1.5235962867736816,4.9,YScReB6
930,4.400000095367432,10.369454383850098,4.220929145812988,1.96,YSi
931,7.039999961853027,9.061443328857422,3.3925461769104004,1.96,YSi1.67
932,1.0,5.886997222900391,3.139525890350342,0.49,ZnSe
933,0.9800000190734863,4.044981002807617,2.676473617553711,0.25,ZnTe
934,48.8630485534668,47.62549591064453,5.531387805938721,0.49,Zr0.04W0.96B4
935,40.71028137207031,44.56961441040039,4.574768543243408,0.98,Zr0.04W0.96B4
936,36.387245178222656,39.29801940917969,3.176600217819214,1.96,Zr0.04W0.96B4
937,35.22670364379883,35.557289123535156,2.3917183876037598,2.94,Zr0.04W0.96B4
938,33.369834899902344,31.725305557250977,1.8827178478240967,4.9,Zr0.04W0.96B4
939,50.721099853515625,44.20029067993164,3.86230731010437,0.49,Zr0.06W0.94B4
940,41.20465850830078,41.719261169433594,3.7242038249969482,0.98,Zr0.06W0.94B4
941,36.91063690185547,37.42180633544922,3.4622132778167725,1.96,Zr0.06W0.94B4
942,35.7501106262207,34.156707763671875,3.2015140056610107,2.94,Zr0.06W0.94B4
943,34.44450378417969,30.344154357910156,2.9273386001586914,4.9,Zr0.06W0.94B4
949,3.630000114440918,-0.34101295471191406,1.7864316701889038,9.8,Zr0.10Pt0.90
950,45.96519088745117,45.01538848876953,4.89730978012085,0.49,Zr0.1W0.9B4
951,38.50872802734375,42.33379364013672,4.310400009155273,0.98,Zr0.1W0.9B4
952,35.40426254272461,37.732276916503906,3.35668683052063,1.96,Zr0.1W0.9B4
953,33.08317947387695,34.312286376953125,2.6877593994140625,2.94,Zr0.1W0.9B4
954,31.835615158081055,30.290342330932617,2.0660905838012695,4.9,Zr0.1W0.9B4
955,42.400001525878906,39.79730224609375,4.675900459289551,0.49,Zr0.25Hf0.25Gd0.5B20
956,36.5,37.570762634277344,3.9824318885803223,0.98,Zr0.25Hf0.25Gd0.5B20
957,33.70000076293945,33.869171142578125,2.9090449810028076,1.96,Zr0.25Hf0.25Gd0.5B20
958,32.29999923706055,31.209842681884766,2.1945478916168213,2.98,Zr0.25Hf0.25Gd0.5B20
959,30.200000762939453,28.530719757080078,1.6242554187774658,4.9,Zr0.25Hf0.25Gd0.5B20
960,41.900001525878906,41.35638427734375,3.404221773147583,0.49,Zr0.25Hf0.25Y0.5B20
961,33.79999923706055,38.971923828125,2.9774019718170166,0.98,Zr0.25Hf0.25Y0.5B20
962,30.399999618530273,35.0374755859375,2.3085060119628906,1.96,Zr0.25Hf0.25Y0.5B20
963,29.899999618530273,32.120948791503906,1.8529622554779053,2.98,Zr0.25Hf0.25Y0.5B20
964,29.200000762939453,28.99120330810547,1.4553345441818237,4.9,Zr0.25Hf0.25Y0.5B20
965,41.900001525878906,41.073516845703125,4.611569404602051,0.49,Zr0.25Hf0.5Gd0.25B20
966,33.900001525878906,38.6978759765625,3.916257858276367,0.98,Zr0.25Hf0.5Gd0.25B20
967,31.5,34.69746398925781,2.835174083709717,1.96,Zr0.25Hf0.5Gd0.25B20
968,30.200000762939453,31.834556579589844,2.1324117183685303,2.98,Zr0.25Hf0.5Gd0.25B20
969,28.100000381469727,29.01235580444336,1.5767086744308472,4.9,Zr0.25Hf0.5Gd0.25B20
970,44.20000076293945,38.94862747192383,3.4303677082061768,0.49,Zr0.25Hf0.5Y0.25B20
971,35.5,36.47771072387695,2.798619031906128,0.98,Zr0.25Hf0.5Y0.25B20
972,33.0,32.776695251464844,1.972883701324463,1.96,Zr0.25Hf0.5Y0.25B20
973,31.899999618530273,30.92887306213379,1.6378836631774902,2.98,Zr0.25Hf0.5Y0.25B20
974,29.299999237060547,28.91112518310547,1.4770110845565796,4.9,Zr0.25Hf0.5Y0.25B20
980,41.099998474121094,40.35667419433594,3.3598856925964355,0.49,Zr0.25Y0.5Gd0.25B20
981,33.5,38.0955810546875,2.9554333686828613,0.98,Zr0.25Y0.5Gd0.25B20
982,30.799999237060547,34.37952423095703,2.314577102661133,1.96,Zr0.25Y0.5Gd0.25B20
983,29.299999237060547,31.606075286865234,1.870032787322998,2.98,Zr0.25Y0.5Gd0.25B20
984,28.0,28.563365936279297,1.4795713424682617,4.9,Zr0.25Y0.5Gd0.25B20
986,7.840000152587891,7.098852157592773,3.2301294803619385,0.98,Zr0.2Nb2.8Sn0.5Ge0.5
987,47.62477111816406,39.88304901123047,4.089235782623291,0.49,Zr0.2W0.8B4
988,39.4139404296875,37.73062515258789,3.5538711547851562,0.98,Zr0.2W0.8B4
989,36.3384895324707,34.314456939697266,2.788450002670288,1.96,Zr0.2W0.8B4
990,35.32303237915039,31.96950912475586,2.3310911655426025,2.94,Zr0.2W0.8B4
991,33.95939636230469,28.942161560058594,1.8521151542663574,4.9,Zr0.2W0.8B4
992,6.130000114440918,16.87543487548828,3.530144453048706,1.96,Zr0.33W0.67
993,42.0,41.437583923339844,3.727599859237671,0.49,Zr0.5Gd0.5B12
994,34.5,39.11934280395508,3.2274091243743896,0.98,Zr0.5Gd0.5B12
995,33.0,35.1357307434082,2.437926769256592,1.96,Zr0.5Gd0.5B12
996,31.799999237060547,32.28169631958008,1.9357720613479614,2.94,Zr0.5Gd0.5B12
997,29.200000762939453,28.95024299621582,1.531333565711975,4.9,Zr0.5Gd0.5B12
998,43.70000076293945,38.76952362060547,3.180558681488037,0.49,Zr0.5Hf0.25Gd0.25B20
999,36.900001525878906,36.81548309326172,3.0612401962280273,0.98,Zr0.5Hf0.25Gd0.25B20
1000,34.29999923706055,33.64289855957031,2.8031973838806152,1.96,Zr0.5Hf0.25Gd0.25B20
1001,31.799999237060547,31.128089904785156,2.564586639404297,2.98,Zr0.5Hf0.25Gd0.25B20
1002,29.399999618530273,27.961612701416016,2.387888193130493,4.9,Zr0.5Hf0.25Gd0.25B20
1003,42.0,42.041259765625,3.422555685043335,0.49,Zr0.5Hf0.25Y0.25B20
1004,36.400001525878906,39.590354919433594,2.9951887130737305,0.98,Zr0.5Hf0.25Y0.25B20
1005,31.600000381469727,35.532493591308594,2.316922664642334,1.96,Zr0.5Hf0.25Y0.25B20
1006,29.600000381469727,32.544029235839844,1.863640546798706,2.98,Zr0.5Hf0.25Y0.25B20
1007,29.5,29.316980361938477,1.4574040174484253,4.9,Zr0.5Hf0.25Y0.25B20
1008,25.0,26.197250366210938,10.03393840789795,0.0015,Zr0.5Ta0.5N
1009,46.42365264892578,40.19403076171875,3.9915192127227783,0.49,Zr0.5W0.5B4
1010,38.85111999511719,37.6879997253418,3.3821375370025635,0.98,Zr0.5W0.5B4
1011,36.065818786621094,33.641998291015625,2.4493601322174072,1.96,Zr0.5W0.5B4
1012,34.15092468261719,31.130611419677734,1.9393022060394287,2.94,Zr0.5W0.5B4
1013,33.4836311340332,28.37259292602539,1.6131511926651,4.9,Zr0.5W0.5B4
1014,46.900001525878906,41.0883903503418,3.357253313064575,0.49,Zr0.5Y0.25Gd0.25B20
1015,35.099998474121094,38.75532531738281,2.9492290019989014,0.98,Zr0.5Y0.25Gd0.25B20
1016,32.20000076293945,34.911338806152344,2.3050696849823,1.96,Zr0.5Y0.25Gd0.25B20
1017,30.600000381469727,32.06229019165039,1.866562843322754,2.98,Zr0.5Y0.25Gd0.25B20
1018,28.700000762939453,28.912609100341797,1.469944715499878,4.9,Zr0.5Y0.25Gd0.25B20
1024,8.946999549865723,11.388957977294922,3.1989617347717285,0.98,Zr0.8Mo2Ge0.2
1025,39.29999923706055,37.48548889160156,2.7743637561798096,0.49,Zr0.95Gd0.05B12
1026,35.0,35.8750114440918,2.6796796321868896,0.98,Zr0.95Gd0.05B12
1027,33.0,33.254947662353516,2.5167505741119385,1.96,Zr0.95Gd0.05B12
1028,31.100000381469727,31.2681941986084,2.3936429023742676,2.94,Zr0.95Gd0.05B12
1029,29.200000762939453,28.38800811767578,2.3321964740753174,4.9,Zr0.95Gd0.05B12
1030,2.9700000286102295,0.8241539001464844,4.8803324699401855,49.0,Zr0.95Os0.05
1032,7.349999904632568,5.988605499267578,3.090287685394287,0.98,Zr0.9Nb2.1Sn
1033,4.309999942779541,4.305717468261719,2.9120802879333496,0.98,Zr2Rh
1034,5.900000095367432,6.457708358764648,2.8311967849731445,0.98,Zr3Ge
1035,11.699999809265137,9.04072380065918,2.6956982612609863,0.98,Zr5Ge3
1036,10.329999923706055,5.763238906860352,2.420380115509033,0.98,Zr5Ge4
1037,40.400001525878906,37.5234489440918,3.8318586349487305,0.49,ZrB12
1038,35.20000076293945,35.645179748535156,3.384704113006592,0.98,ZrB12
1039,33.20000076293945,32.7952995300293,2.757650136947632,1.96,ZrB12
1040,31.0,30.853595733642578,2.4158263206481934,2.94,ZrB12
1041,28.799999237060547,28.192983627319336,2.1084330081939697,4.9,ZrB12
1042,22.079999923706055,21.759456634521484,5.541191101074219,0.29,ZrB2
1049,7.400000095367432,6.72239875793457,3.609360694885254,0.98,ZrGe
1050,5.699999809265137,5.34068489074707,2.9381721019744873,0.98,ZrGe2
1051,7.860000133514404,5.071498870849609,2.687953233718872,0.98,ZrMn2
1053,6.5229997634887695,4.497337341308594,2.796048164367676,0.98,ZrMoAl
1055,13.0,9.39606761932373,4.659952640533447,0.98,ZrO2
1056,6.369999885559082,7.172761917114258,2.9703094959259033,0.98,ZrRh3
1057,3.5999999046325684,6.157655715942383,3.263636589050293,0.98,ZrV2
1059,34.79999923706055,23.102888107299805,5.799042701721191,0.25,OsB2
1060,27.0,22.67148208618164,5.689537048339844,0.49,OsB2
1061,17.799999237060547,20.453306198120117,5.292072772979736,1.96,OsB2
